adult,backdrop_path,genre_ids,id,origin_country,original_language,original_name,overview,popularity,poster_path,first_air_date,softcore,name,vote_average,vote_count,query_year
False,/rLvLP3WlfL9nGUmIiEfZc2zogpk.jpg,"[10759, 10765, 18, 35, 10751]",12662,['US'],en,Adventures of Superman,"It's a bird! It's a plane! It's a syndicated TV adaptation of the beloved DC Comics superhero! You know the drill: When he isn't fighting for truth, justice and the American way, the man in tights dons a suit and glasses for his secret identity as Daily Planet newspaper reporter Clark Kent, who works alongside friends Lois Lane and Jimmy Olsen for gruff boss Perry White.",16.3952,/3eKmwXE2A394l3GB9eIOy7kYm25.jpg,1952-09-19,False,Adventures of Superman,6.706,63,1952
False,/zAgcM7zwWAVOIT9dMMzQx7e4vdX.jpg,"[10765, 9648, 18]",6357,['US'],en,The Twilight Zone,"An anthology series containing drama, psychological thriller, fantasy, science fiction, suspense, and/or horror, often concluding with a macabre or unexpected twist.",30.6046,/7uY4pCOxbEdv4M8jTE4uMPVoSIW.jpg,1959-10-02,False,The Twilight Zone,8.5,1050,1959
False,/AqZ48TMJRPCpbuy09S0RXFAhvFa.jpg,"[10759, 80, 10765]",2473,['GB'],en,The Avengers,"A quirky spy show of the adventures of eccentrically suave British Agent John Steed and his predominantly female partners. Jonathan Steed - an urbane, proper gentleman spy - teams with various assistants throughout the series' run, including Dr. David Keel, Cathy Gale, Emma Peel and Tara King, to repeatedly save the world from diabolical schemes plotted by equally diabolical evil-doers (among them robots and man-eating monsters).",42.977,/7D2DosFWqmNc0vfZJPqwY5uIvsR.jpg,1961-01-07,False,The Avengers,7.755,151,1961
False,/8VWgyQjExeMgeg6Qzv6agduMU1A.jpg,"[18, 10759, 10765]",121,['GB'],en,Doctor Who,"The adventures of The Doctor, a time-traveling humanoid alien known as a Time Lord. He explores the universe in his TARDIS, a sentient time-traveling spaceship. Its exterior appears as a blue British police box, which was a common sight in Britain in 1963 when the series first aired. Along with a succession of companions, The Doctor faces a variety of foes while working to save civilizations, help ordinary people, and right many wrongs.",44.409,/xinqAmYrZ1TEwowcQhgTkZVtVE0.jpg,1963-11-23,False,Doctor Who,7.911,709,1963
False,/7rsml8nSsAm5Wg1Tx7Uj9Wf7Fxd.jpg,[10765],21567,['US'],en,The Outer Limits,"The Outer Limits is an anthology tv series of self-contained sci-fi-horror stories, sometimes with a plot twist at the end.",15.4973,/1wFanr0UJsqBFrgYT2lTveAmGQF.jpg,1963-09-16,False,The Outer Limits,7.798,161,1963
False,/rFJUwDiZeSDWUR04nb3w62RqXK9.jpg,"[10765, 35, 10751, 18]",4482,['US'],en,Bewitched,"Samantha Stephens is a seemingly normal suburban housewife who also happens to be a genuine witch, with all the requisite magical powers. Her husband Darrin insists that Samantha keep her witchcraft under wraps, but situations invariably require her to indulge her powers while keeping her bothersome mother Endora at bay.",35.0777,/7UZVO1SclbgVWM2ELrwWGaS7i94.jpg,1964-09-17,False,Bewitched,7.9,749,1964
False,/cNgZbUkqhIxb2yrEKusHPOaAb4d.jpg,"[35, 10765, 10751]",1712,['US'],en,The Munsters,A family of friendly monsters that have misadventures all while never quite understanding why people react to them so strangely.,14.0575,/4jkCx8m87aMA89X9KB9Adwgep2t.jpg,1964-09-24,False,The Munsters,7.9,477,1964
False,/58JWKf2FjsXwuiIS4wngeFG5A6e.jpg,"[10759, 18, 10765]",321,['US'],en,Voyage to the Bottom of the Sea,"Join the crew of the Seaview aboard their super high-tech submarine, where no mission is too dangerous and no threat is too deadly, be it enemy agents, mad scientists, deadly sea creatures, or impending nuclear disaster.",14.5152,/m0NdwZheYAPCqw6aa7GASbIpDvG.jpg,1964-09-14,False,Voyage to the Bottom of the Sea,7.773,139,1964
False,/rcKJYoqQxhjQfsKBb6CUbFMSoMh.jpg,"[10759, 35, 10765]",210,['US'],en,The Man from U.N.C.L.E.,"Agents Napoleon Solo and Illya Kuryakin work for a secret intelligence service working under the auspices of the U.N.

Their immediate superior is Mr. Waverly.

Together  they operate out of a secret base beneath the streets of New York City, and accesses through several cover business such as Del Floria's Tailor Shop and the Masque Club.

This secret intelligence service is called U.N.C.L.E.

United Network Command for Law and Enforcement.",12.0334,/a0nMOwNZXyJrMTPoaCzJJZeT0Yl.jpg,1964-09-22,False,The Man from U.N.C.L.E.,7.149,74,1964
False,/4iSl4y1gWZwXmjyS3Ho8HqLWXAK.jpg,"[10759, 35, 18, 37, 10765]",10929,['US'],en,The Wild Wild West,"The Wild Wild West is an American television series. Developed at a time when the television western was losing ground to the spy genre, this show was conceived by its creator, Michael Garrison, as ""James Bond on horseback."" Set during the administration of President Ulysses Grant, the series followed Secret Service agents James West and Artemus Gordon as they solved crimes, protected the President, and foiled the plans of megalomaniacal villains to take over all or part of the United States.

The show also featured a number of fantasy elements, such as the technologically advanced devices used by the agents and their adversaries. The combination of the Victorian era time-frame and the use of Verne-esque style technology have inspired some to give the show credit for the origins of the steam punk subculture.",33.3217,/4LSZNCSxDodwCP8EsKRTgMDUKY4.jpg,1965-09-17,False,The Wild Wild West,7.6,83,1965
False,/hYAFCCbfhYdSdKxnlNqVadzg7dk.jpg,"[35, 10765]",4455,['US'],en,Get Smart,"Get Smart is an American comedy television series that satirizes the secret agent genre. Created by Mel Brooks with Buck Henry, the show stars Don Adams, Barbara Feldon, and Edward Platt. Henry said they created the show by request of Daniel Melnick, who was a partner, along with Leonard Stern and David Susskind, of the show's production company, Talent Associates, to capitalize on ""the two biggest things in the entertainment world today""—James Bond and Inspector Clouseau. Brooks said: ""It's an insane combination of James Bond and Mel Brooks comedy."" This is the only Mel Brooks production to feature a laugh track.

The success of the show eventually spawned the follow-up films The Nude Bomb and Get Smart, Again!, as well as a 1995 revival series and a 2008 film remake. In 2010, TV Guide ranked Get Smart's opening title sequence at No. 2 on its list of TV's Top 10 Credits Sequences, as selected by readers.",28.2382,/AqhPucVAvnocglq5WYXbh6t9wuE.jpg,1965-09-18,False,Get Smart,7.913,439,1965
False,/z5yI0aIRyogoflSXdI17iwTqzjG.jpg,"[10765, 35, 10751]",1660,['US'],en,I Dream of Jeannie,"While on a mission, American astronaut Captain Tony Nelson is forced to make an emergency landing that will forever change his life. On a deserted South Pacific island, Captain Nelson happens upon a bottle containing a beautiful two-thousand-year-old female genie named Jeannie. Rescuing her from the bottle nets Tony the requisite three wishes, and then some, when Jeannie pledges total devotion to her new ""master"".",24.0029,/ljlyB3C3uU8Hd1krfEsYn2BVyaj.jpg,1965-09-18,False,I Dream of Jeannie,7.823,834,1965
False,/upqfQF1LBPf7IRZao0sxt1BHZlx.jpg,"[10765, 35]",3051,['US'],en,Lost in Space,"The space family Robinson is sent on a five-year mission to find a new planet to colonise. The voyage is sabotaged time and again by an inept stowaway, Dr. Zachary Smith. The family's spaceship, Jupiter II, also carries a friendly robot who endures an endless stream of abuse from Dr. Smith, but is a trusted companion of young Will Robinson",18.5859,/f7xArCMZPBW7SoCsqsOXvc3X8Ry.jpg,1965-09-15,False,Lost in Space,7.203,133,1965
False,/ywK4VrR7vL56mDGXDLMtFypwqA8.jpg,"[10765, 18]",253,['US'],en,Star Trek,"Space. The Final Frontier. The U.S.S. Enterprise embarks on a five year mission to explore the galaxy. The Enterprise is under the command of Captain James T. Kirk with First Officer Mr. Spock, from the planet Vulcan. With a determined crew, the Enterprise encounters Klingons, Romulans, time paradoxes, tribbles and genetic supermen led by Khan Noonian Singh. Their mission is to explore strange new worlds, to seek new life and new civilizations, and to boldly go where no man has gone before.",54.3594,/9byecLwsbbkAqGdxcKuuTI5kEzZ.jpg,1966-09-08,False,Star Trek,7.993,1527,1966
False,/dIgS1BkwZ8hze6qhLuI8nPdLz3u.jpg,"[10759, 10765, 9648]",3425,['JP'],ja,ウルトラマン,"Hayata is a member of the Science Patrol, an organization tasked with investigating bizarre anomalies. He is mortally wounded when accidently encountering an alien being from Land of Light, who grants Hayata new life as the two are merged into one. Now, whenever a threat arises that is too great for the Science Patrol to handle, Hayata activates the beta capsule and becomes the hero known as Ultraman.",55.4823,/7BanECmWCduOuJ5LzCjY93IdyPU.jpg,1966-07-17,False,Ultraman,8.4,63,1966
False,/fmFsm4dq02k2Xxs7M887unPAiXd.jpg,"[18, 10765, 10766]",2883,['US'],en,Dark Shadows,"Dark Shadows is an American gothic soap opera that originally aired weekdays on the ABC television network, from June 27, 1966, to April 2, 1971. The show was created by Dan Curtis. The story bible, which was written by Art Wallace, does not mention any supernatural elements. It was unprecedented in daytime television when ghosts were introduced about six months after it began.

The series became hugely popular when vampire Barnabas Collins appeared a year into its run. Dark Shadows also featured werewolves, zombies, man-made monsters, witches, warlocks, time travel, and a parallel universe. A small company of actors each played many roles; indeed, as actors came and went, some characters were played by more than one actor. Major writers besides Art Wallace included Malcolm Marmorstein, Sam Hall, Gordon Russell, and Violet Welles.",37.5674,/eRtnI7qTJIiPUmlY3J8TTM3jlT7.jpg,1966-06-27,False,Dark Shadows,7.321,95,1966
False,/c4zV2ysi5Qlns4CPjRJj3hBGMSx.jpg,"[10765, 35, 10759]",2287,['US'],en,Batman,"Wealthy entrepreneur Bruce Wayne and his ward Dick Grayson lead a double life: they are actually crime fighting duo Batman and Robin. A secret Batpole in the Wayne mansion leads to the Batcave, where Police Commissioner Gordon often calls with the latest emergency threatening Gotham City. Racing to the scene of the crime in the Batmobile, Batman and Robin must (with the help of their trusty Bat-utility-belt) thwart the efforts of a variety of master criminals, including The Riddler, The Joker, Catwoman, and The Penguin.",36.5935,/1ZEJuuDh0Zpi5ELM3Zev0GBhQ3R.jpg,1966-01-12,False,Batman,7.3,609,1966
False,/omPcylzcwlsser7aKTlsyoMJLyK.jpg,"[10759, 10765, 18]",103,['US'],en,The Time Tunnel,"The Time Tunnel is a 1966–1967 U.S. color science fiction TV series, written around a theme of time travel adventure. The show was creator-producer Irwin Allen's third science fiction television series, released by 20th Century Fox and broadcast on ABC. The show ran for one season of 30 episodes. Reruns are viewable on cable and by internet streaming. A pilot for a new series was produced in 2002, although it was not picked up.",10.8969,/6E3Ncd9iLWqi8m1GcdkU5bSwOnS.jpg,1966-09-09,False,The Time Tunnel,7.574,189,1966
False,/iWSJuCEyNX6rnd8fCfoI5QvIfor.jpg,"[10759, 80, 10765]",31867,['US'],en,The Green Hornet,The Green Hornet is a television series on the ABC US television network that aired for the 1966–1967 TV season starring Van Williams as the Green Hornet/Britt Reid and Bruce Lee as Kato.,7.8102,/vz4L9y20g9nfM0eQSHQRGimGDKo.jpg,1966-09-09,False,The Green Hornet,7.406,90,1966
False,/p28CNA5SVW3tF1A6RnEUyyJ0L0j.jpg,"[10759, 10765, 18]",13881,['US'],en,The Invaders,"The Invaders, alien beings from a dying planet. Their destination: the Earth. Their purpose: to make it their world. David Vincent has seen them, for him it began one lost night on a lonely country road, looking for a shortcut that he never found. It began with a closed deserted diner, and a man too long without sleep to continue his journey. It began with the landing of a craft from another galaxy. Now, David Vincent knows that the Invaders are here, that they have taken human form. Somehow he must convince a disbelieving world that the nightmare has already begun.",16.1303,/a6hE0lx1ploE0bLw8R9nv3IrI5T.jpg,1967-01-10,False,The Invaders,6.9,61,1967
False,/1JVWrylr0FVT7GAQifBs4IJLt5e.jpg,"[10759, 10765, 10751]",77396,['JP'],ja,ウルトラセブン,"In the not-too-distant future, the Earth finds itself constantly under attack from extraterrestrial threats. The Terrestrial Defense Force establishes the Ultra Garrison, a team of six elite members who utilize high-tech vehicles and weaponry. Joining their fight is the mysterious Dan Moroboshi, secretly an alien from the Land of Light in Nebula M-78, who transforms into his true form in times of crisis, Ultraseven.",16.5687,/4HEtZZY4OISae6vpMCzREyzXFQi.jpg,1967-10-01,False,Ultraseven,7.9,126,1967
False,/dieT9MczvZXpCLrIAjs3vKYWKa7.jpg,"[18, 10765, 9648]",894,['GB'],en,The Prisoner,"After resigning, a secret agent is abducted and taken to what looks like an idyllic village, but is really a bizarre Kafkaesque prison. His warders demand information. He gives them nothing, but only tries to escape.",9.7717,/1FtqAlj6jsBk25PKwL2NrgzdFSo.jpg,1967-09-29,False,The Prisoner,7.7,214,1967
False,/qd8GllAmewP7VMSiqfQfpJvHfPN.jpg,"[10765, 10759, 18]",3345,['US'],en,Land of the Giants,"Set fifteen years in the then-future year 1983, the series tells the tale of the crew and passengers of a sub-orbital transport ship named Spindrift. In the pilot episode, the Spindrift is en route from Los Angeles to London, on an ultra-fast sub-orbital flight. Just beyond Earth's boundary with space, the Spindrift encounters a magnetic space storm, and is dragged through a space warp to a mysterious planet where everything is twelve times larger than on Earth, whose inhabitants the Earthlings nickname ""the Giants"". The Spindrift crash-lands, and the damage renders it inoperable.",11.7234,/ljbqDwgOoqYvQ6WRnuLr8QleEkH.jpg,1968-09-22,False,Land of the Giants,6.79,50,1968
False,/kKJPh79nejTTxHWhKyhZGdOy5gd.jpg,"[10765, 9648, 18]",4318,['US'],en,Night Gallery,"Rod Serling narrates an anthology of fantasy, horror and sci-fi stories from a set resembling a macabre museum. A chilling work of art serves as the connective link between the stories.",17.8896,/jqRjJboIOcgMf5o2UZe84F1AzBt.jpg,1970-12-16,False,Night Gallery,7.8,110,1970
False,/pYcSxml94LU0Emgc69o3CCcTq5Q.jpg,"[10765, 18, 10759]",2560,['GB'],en,UFO,"A secret, high-technology international agency called SHADO defends Earth from alien invaders.",9.9776,/yJMF2BlJ3M7rXRQQpv91WInBtXO.jpg,1970-09-16,False,UFO,7.783,60,1970
False,/usLRh1bcbL0Q9X8zf6rL4OV1qrA.jpg,"[10759, 10765, 18]",2661,['JP'],ja,仮面ライダー,"Takeshi Hongo is a promising young man with a passion for motorcycle racing. However, his dreams are suddenly ruined when he gets kidnapped by Shocker, the evil secret organization planning to dominate the world. After being remodeled into a cyborg, Takeshi escapes and swears to protect the world from the inhuman monsters.",98.8649,/2DIBDFHiKQawz4WPsYekl9DHwyA.jpg,1971-04-03,False,Kamen Rider,6.4,103,1971
False,/tKrWxPuqYwr7bvOE93JVCz44GmC.jpg,"[10759, 18, 37, 10765]",1472,['US'],en,Kung Fu,The adventures of a Shaolin Monk as he wanders the American West armed only with his skill in Kung Fu.,1.1521,/vUqmS40PRyAe3COHh7wHpDFnspC.jpg,1972-10-14,False,Kung Fu,7.695,239,1972
False,/81MGPwMTV2xagYhHAxeQ3zF7aSn.jpg,"[18, 10765, 9648]",86449,['DE'],de,Welt am Draht,"In the future, Simulacron, a computer project simulating reality, encounters strange occurrences after its leader's death. Dr. Stiller questions the sudden disappearance of a friend and wonders if Simulacron holds the answers.",3.1442,/qRzRKMjxWx1ogpGy77mTCjU4bRt.jpg,1973-10-14,False,World on a Wire,7.276,78,1973
False,/kRRYafjTZh8gnZDLKSg5imj80es.jpg,"[10765, 10759, 18]",1663,['US'],en,The Six Million Dollar Man,"Follow the adventures of Steve Austin, cybernetically enhanced astronaut turned secret agent, employed by the OSI, under the command of Oscar Goldman and supervised by the scientist who created his cybernetics, Rudy Wells. Steve uses the superior strength and speed provided by his bionic arm and legs, and the enhanced vision provided by his artificial eye, to fight enemy agents, aliens, mad scientists, and a wide variety of other villains.",25.28,/5pd6DayQgZxK9lQHdZZYZuXyaZ2.jpg,1974-01-18,False,The Six Million Dollar Man,7.279,439,1974
False,/krosmh0PRUX2CezxpiPpAGJGnTd.jpg,"[18, 9648, 10765]",5084,['US'],en,Kolchak: The Night Stalker,"Kolchak: The Night Stalker is an American television series that aired on ABC during the 1974–1975 season. It featured a fictional Chicago newspaper reporter who investigated mysterious crimes with unlikely causes, particularly those that law enforcement authorities would not follow up. These often involved the supernatural or even science fiction, including fantastic creatures.",10.1273,/lgP91rWAjgqvA7IzwG3R96sAU8K.jpg,1974-09-13,False,Kolchak: The Night Stalker,7.667,90,1974
False,/JrBiUtR2CwxZR5GMK5Z9dU7Wr4.jpg,"[10765, 10759, 18]",19,['US'],en,Planet of the Apes,"Two astronauts and a sympathetic chimp friend are fugitives in a future Earth dominated by a civilization of humanoid apes. 

Based on the 1968 Planet of the Apes film and its sequels, which were inspired by the novel of the same name by Pierre Boulle.",5.4812,/zxo5Vrd0oXgm9ZCz4r7Q3L8veWg.jpg,1974-09-13,False,Planet of the Apes,6.944,107,1974
False,/kJB50LyeILumAAhSJetPtpiHLmD.jpg,"[10759, 10765, 10751, 35]",2177,['US'],en,Land of the Lost,"Rick Marshall and his children Will and Holly are on a weekend expedition rafting down a river when an enormous earthquake diverts them to an eclectic alien world inhabited by dinosaurs, chimpanzee-like cavemen called Pakuni, and aggressive, humanoid lizard creatures called Sleestak.",2.3439,/4AvO1tZUsoupwSQ0Aetr93JJJIf.jpg,1974-09-07,False,Land of the Lost,7.176,51,1974
False,/3igZ4K3pKIEoD2nyvgmmVOMuz3E.jpg,[10765],134,['GB'],en,Space: 1999,The crew of Moonbase Alpha must struggle to survive when a massive explosion throws the Moon from orbit into deep space.,17.9135,/77Jn71Aw4mct3phi7wpjLdvO9U5.jpg,1975-09-04,False,Space: 1999,7.129,163,1975
False,/qwPc8zjwUYTcpKWzvw7ux4cwClB.jpg,"[10765, 10759, 18]",4331,['US'],en,Wonder Woman,"With the strength of Hercules, the wisdom of Athena, the speed of Mercury and the beauty of Aphrodite, she’s Wonder Woman. Beautiful Amazon princess Wonder Woman travels to 1940s America disguised as Diana Prince, assistant to handsome but trouble-prone Major Steve Trevor. Using her golden belt, which imbues her with astonishing strength, her bullet-deflecting bracelets, a golden lasso that dispels dishonesty and an invisible supersonic plane, Wonder Woman combats evil.",8.9273,/7vHxWO6ahByDWzWufFL48MXaktT.jpg,1975-11-07,False,Wonder Woman,7.016,495,1975
False,/hK7iYSziOzETEok7kRPvZ2y0P2p.jpg,"[10765, 10759, 18]",2275,['US'],en,The Bionic Woman,"After fully recovering from her near fatal bout of bionic rejection, Jaime Sommers, the first female cyborg, is assigned to spy missions of her own.",17.2947,/3V3XrXk1DSp1z0qsGOZRI1K2acd.jpg,1976-01-14,False,The Bionic Woman,7.002,278,1976
False,/vl2lLJcbbnTcvWH6ZfHlXuLxIaP.jpg,"[10765, 10759, 18]",648,['US'],en,The Incredible Hulk,"During an experiment gone bad, radiation turns a scientist into a raging green behemoth whenever he becomes agitated. Unable to control his transformations, David Banner searches for a cure as he crosses the country, fugitive-style, with a dogged tabloid reporter on his trail.",22.0239,/8q7uFuNuMWTWfcpnCpBuZa3KZXx.jpg,1977-11-04,False,The Incredible Hulk,7.231,508,1977
False,/dv2gfbwAPCAUgSSsAyMPZ2dta1R.jpg,"[10765, 18, 10759]",3575,['US'],en,Man from Atlantis,"Atlantis survivor Mark Harris breathes underwater, withstands extreme depth pressures and wields superhuman strength.",6.3077,/7Gs6U8s0wTcf4DpS2nK4kM4q17W.jpg,1977-09-22,False,Man from Atlantis,6.431,72,1977
False,/yTJFf7N9ohXjssZQyZ1cSMNopix.jpg,"[10765, 18, 35]",39775,['US'],en,Fantasy Island,A magical island hosted by Mr Roarke and Tattoo where weekly guests learn valuable life lessons in their pursuit of fulfilling their dreams. Not all dreams are fulfilled as expected.,29.8416,/ppxhytiPrgojE4eb6Tw0EonDzeP.jpg,1978-01-28,False,Fantasy Island,6.508,128,1978
False,/unpZZJuzV7j6h8vOjfIvrzI3QE7.jpg,"[18, 10765]",1731,['GB'],en,Blake's 7,A group of convicts and outcasts fight a guerrilla war against the totalitarian Terran Federation from a highly advanced alien spaceship.,13.643,/7Q0hgpABuPQrH0RjvQfneEcMz6S.jpg,1978-01-02,False,Blake's 7,7.32,50,1978
False,/88sdvwvX91VOYqGJUY1XQO84XIb.jpg,"[10765, 18]",501,['US'],en,Battlestar Galactica,"When the 12 Colonies of Man are wiped out by a cybernetic race called the Cylons, Commander Adama and the crew of the battlestar Galactica lead a ragtag fleet of human survivors in search of a ""mythical planet"" called Earth.",12.6504,/27jl4H9PauenZlmVBbOO1pr1lGf.jpg,1978-09-17,False,Battlestar Galactica,7.076,290,1978
False,/zY4AIcUO8n01tzMxIyiWI5bFFCZ.jpg,"[35, 10751, 10765]",2552,['US'],en,Mork & Mindy,A wacky alien comes to Earth to study its residents and the life of the human woman he boards with is never the same.,10.7685,/6qZsNHd5Kafc9AMQyKR5W6RRqIf.jpg,1978-09-14,False,Mork & Mindy,7.102,162,1978
False,/yhDHgYKaZiX8XEyWJFTOBwKaVdN.jpg,"[10759, 10765]",2640,['JP'],ja,スパイダーマン,"Follow the exploits of motorcycle racer turned super hero Takuya Yamashiro, as he slings and swings, battling the evil Iron Cross Army along the way.",7.0138,/w5pTlusOFWrOib6XX3iCMjHSzB1.jpg,1978-05-17,False,Japanese Spiderman,7.32,125,1978
False,/9hjHVwtHFt03Y6kS9yFXoBI4WK0.jpg,"[10759, 10765]",2443,['US'],en,Buck Rogers in the 25th Century,"20th-century astronaut Buck Rogers awakens in the 25th century after a freak accident puts him in suspended animation for 500 years. Upon returning to Earth and discovering the planet is recovering from a nuclear war, Buck uses his combat skills and ingenuity to protect Earth and fight evil throughout the galaxy alongside starfighter pilot Colonel Wilma Deering and robot companion Twiki.",13.1783,/1SgcheHtEcacQxRFKpIuP0jYw6u.jpg,1979-09-20,False,Buck Rogers in the 25th Century,7.0,143,1979
False,/wkDfLFxtPMvLEPoGGyHwNaJS5Ur.jpg,"[10765, 10759, 18]",4621,['US'],en,Galactica 1980,"30 years after the original Battlestar Galactica series. Upon reaching Earth, the inhabitants of the renegade starfleet take action when they realize earthlings aren't advanced enough to help battle the Cylons.",6.4106,/spBhYAvmJnP6wSxT1omQn7TZwoY.jpg,1980-01-27,False,Galactica 1980,6.13,104,1980
False,/lW07RQWXBXww1wsErDtcWzobFDz.jpg,"[10759, 10765, 80]",2384,['US'],en,Knight Rider,"Michael Long, an undercover police officer, is shot while investigating a case and left for dead by his assailants. He is rescued by Wilton Knight, a wealthy, dying millionaire and inventor who arranges life-saving surgery, including a new face and a new identity--that of Michael Knight. Michael is then given a special computerized and indestructible car called the Knight Industries Two Thousand (nicknamed KITT), and a mission: apprehend criminals who are beyond the reach of the law. The series depicts Michael's exploits as he and KITT battle the forces of evil on behalf of the Foundation for Law and Government.",45.1382,/t57NXzTrwp5rnPXiaX4BThrDxt1.jpg,1982-09-26,False,Knight Rider,7.539,1444,1982
False,/te5zhQ26Eu5OmvQtkOOnX0L62St.jpg,[10765],5391,['US'],en,Voyagers!,A member of a league of time travelers and a boy travel through time repairing errors in world history.,6.391,/qPhJpkri0ROaNrKjMi3UgL7mdBn.jpg,1982-10-03,False,Voyagers!,7.568,95,1982
False,/fyUt0I4tSnclpg7WZJVRKHMSjcz.jpg,"[10762, 10751, 10765, 35]",2957,['US'],en,Fraggle Rock,"The Fraggles are a fun-loving community of creatures who live in a subterranean fantasy land where they love to play, sing and dance their cares away, sharing their world with the tiny Doozers and the giant Gorgs. The series teaches empathy and tolerance and encourages children to understand people different from themselves.",10.7479,/nyvNej9aHC2wydFflPMrASS6MF7.jpg,1983-01-10,False,Fraggle Rock,7.309,194,1983
False,/wkE9IUAKemdWGWOad3D0jTi0LVi.jpg,"[10759, 18, 10765]",14141,['US'],en,V,"Fifty spaceships, each three miles across, hover ominously above Earth's major cities. The Visitors that emerge are humanlike in appearance and extend the hand of friendship. Our planet's resources are just what these aliens need to survive. And for its future survival, unsuspecting humankind will need... a miracle!",7.4634,/fV5U1eWPC8Dvxq0BUIoF7cvBK1o.jpg,1983-05-01,False,V,7.756,990,1983
False,/zcBS6kukiRZOBJRQDCLE4dt17a4.jpg,"[10759, 10765, 18]",12751,['US'],en,Automan,Automan is an American science fiction superhero television series produced by Glen A. Larson. It aired for only 12 episodes on ABC between 1983 and 1984.,5.7172,/4dOlxvavpgpDyAFmLNIre1JmcCf.jpg,1983-12-15,False,Automan,7.826,190,1983
False,/51BoopTmVwTchhGFneUHOozlAtB.jpg,"[10759, 10765]",3291,['US'],en,Manimal,Jonathan Chase was a British college professor at New York University who had the unusual ability to transform into any kind of animal. He used his powers to battle crime alongside pretty policewoman Brooke and Vietnam-war pal Ty.,3.4506,/deTedoQduoqW9Kduktf9eVfiY3V.jpg,1983-09-30,False,Manimal,7.327,139,1983
False,/8693rGsfkROQjiwlJD8O2WQV1Et.jpg,"[10759, 10765]",2119,['US'],en,Airwolf,"As part of a deal with an intelligence agency to look for his missing brother, a renegade pilot goes on missions with an advanced battle helicopter.",23.8437,/4PAN7zPqmR9b73een97WkxqCTQN.jpg,1984-01-22,False,Airwolf,7.635,493,1984
False,/nvm6q6p0y7CdRG1JQuGzWLdV7p7.jpg,"[10751, 18, 10765]",2440,['US'],en,Highway to Heaven,A probationary angel is sent back to Earth to team up with an ex-cop and help people.,20.0575,/mcAqVE5RY2KBA9JYC1wqb37wquB.jpg,1984-09-19,False,Highway to Heaven,7.431,204,1984
False,/ikPFxMgZP9RWIDpqGiFDTm4Gymc.jpg,"[18, 10765]",1386,['US'],en,Tales from the Darkside,"Tales from the Darkside is an anthology horror TV series created by George A. Romero, each episode was an individual short story that ended with a plot twist. The series' episodes spanned the genres of horror, science fiction, and fantasy, and some episodes featured elements of black comedy or more lighthearted themes.",19.1286,/926R0wiLCiP7J7x2Hjo53Voea0w.jpg,1984-09-30,False,Tales from the Darkside,7.2,93,1984
False,/A8SYR6WvxAaAgid4R4JZUTCw4ko.jpg,[10765],75893,['US'],en,V,"Once again, Earth is the battleground. But now the aliens whose human guise hides their true reptilian natures are wiser. They believe the secret to their survival on Earth lies in the DNA of the newly born half-human, half-spaceling Starchild. But that's something the world's Resistance Fighters cannot allow.",9.7295,/Aps7fkPWZbhyUvB0hkZ6NV8LtE.jpg,1984-10-26,False,V,7.127,204,1984
False,/1WLIpPMAryGpd2rQFI14JuVYgb7.jpg,"[10765, 18, 10759]",4488,['GB'],en,Robin of Sherwood,Herne the Hunter picks Robin of Loxley as his successor in his mission to support the oppressed. Robin builds his army and leads a guerrilla attack to suppress the exploited's Norman tormentors.,8.9185,/9w2VHgqZ4pQTAdUX5BDhMvaA7mo.jpg,1984-04-28,False,Robin of Sherwood,7.597,93,1984
False,/d3ixyhcfE57giElErEsrTHtLXVS.jpg,"[10759, 80, 18, 10765]",11573,['US'],en,Blue Thunder,"Blue Thunder is a 1984 ABC television series based on the movie of the same title featuring the Blue Thunder helicopter.

The series uses the converted Aérospatiale Gazelle helicopter and large portions of stock footage from the 1983 film. A ground unit named ""Rolling Thunder"" backed up the helicopter in the television series. This was a large support van with a desert camouflage off-road vehicle stored inside.

The television series cast includes James Farentino, Dana Carvey, and former professional American football players Bubba Smith and Dick Butkus. The series was canceled by ABC after they felt the similar Airwolf on CBS would win the ratings battle. Also, the series aired at the same time as the CBS soap opera Dallas on Friday nights, and lost.

Eleven episodes were made before the series was cancelled.",4.5641,/mVajSQihZaDpUI5PcaqH7EErKbv.jpg,1984-01-06,False,Blue Thunder,6.921,127,1984
False,/AlJsxB8Fb0hmU4jzPfwZMY4Re7W.jpg,[10765],75896,['US'],en,V: The Final Battle,A small group of human resistance fighters fight a desperate guerilla war against the genocidal extra-terrestrials who dominate Earth.,4.5573,/oTvzdwDbH6UajxEY1Deg6oeR2WA.jpg,1984-05-06,False,V: The Final Battle,7.4,159,1984
False,/fy9fhl09shpTLjw4IEqqmVMYM28.jpg,"[10765, 18, 9648]",1918,['US'],en,The Twilight Zone,"This 1980s revival of the classic sci-fi series features a similar style to the original anthology series. Each episode tells a tale (sometimes two or three) rooted in horror or suspense, often with a surprising twist at the end. Episodes usually feature elements of drama and comedy.",22.1673,/5OYHoUEKE3RJMqiHcJ8XA5kB7bw.jpg,1985-09-27,False,The Twilight Zone,7.711,258,1985
False,/vDZ8fJhiMDVINf7mJcmKj6pYaYV.jpg,"[10765, 35, 10751]",1026,['US'],en,Amazing Stories,"A truly amazing, fantastical, science fiction, funny and odd, and sometimes scary, sad and endearing anthology series presented by Steven Spielberg with guest appearances by many famous actors, actresses, and directors.",17.3706,/66Utyft9WHPQJSU7f7MbEB72dkc.jpg,1985-09-29,False,Amazing Stories,7.478,231,1985
False,/3dYhf2U5mRZDY3GIbf0X9DH3k2d.jpg,"[10759, 9648, 10765, 18]",3318,['US'],en,Street Hawk,"Street Hawk is an American television series that aired for 13 episodes on ABC in 1985. The series is a Limekiln and Templar Production in association with Universal Television. Its central characters were created by Paul M. Belous and Robert ""Bob"" Wolterstorff, and its core format was developed by Bruce Lansbury, who had initially commissioned the program's creation. This series was originally planned for the fall of 1984, Mondays at 8:00PM Eastern/7:00PM Central. However, ABC executives changed their minds when the summer series Call to Glory did well, and Street Hawk was pushed to mid-season. Street Hawk made its debut on January 4, 1985 on ABC at 9:00PM Eastern/8:00PM Central and ran until May 16, 1985.

Reruns aired on the USA Network on Saturdays at 10:00AM from 1990-91.",5.5308,/5SWIMa1HZlgMtcQ9RbVRSHjujmM.jpg,1985-01-04,False,Street Hawk,6.972,106,1985
False,/ebLHsB8wsBnZnNa9UhGAqYeo33B.jpg,"[35, 10751, 10765]",4658,['US'],en,ALF,A furry alien wiseguy comes to live with a terran family after crashing into their garage.,19.7628,/shRed7ZrCRjdIMEYNx2YBVFkkNu.jpg,1986-09-22,False,ALF,7.646,1247,1986
False,/69ZOUqhfdSV8Ff3u7iz4P3NlETG.jpg,"[10765, 10751, 10759]",70787,['JP'],ja,超新星フラッシュマン,"In 1966, five infant children were kidnapped by an alien group known as the Alien Hunters for the Reconstructive Experiment Empire Mess, who wanted samples of humans from Earth to experiment on. The children were rescued by Mess' arch enemy, the Flash alien race, which took each one to a different planet of the Flash solar system for training. Each child was trained separately in a range of superpowers that will allow them to fight Mess, their bodies also adapted to the atmosphere of the Flash Solar System making them gain special abilities. When they finally return to Earth in 1986 to combat Mess, who is now trying to invade it, they use the opportunity to search for their birth parents.",5.1174,/mKoZUWBPMRa7sFBWMPuusTBBmS1.jpg,1986-03-01,False,Choushinsei Flashman,7.552,115,1986
False,/qmliLoo6GVheM2FihatlAXxCKyF.jpg,"[10765, 10759, 18, 9648]",655,['US'],en,Star Trek: The Next Generation,"Follow the intergalactic adventures of Capt. Jean-Luc Picard and his loyal crew aboard the all-new USS Enterprise NCC-1701D, as they explore new worlds.",59.534,/vkLzXddgUKH5VcpnYiRzpJFrZhz.jpg,1987-09-28,False,Star Trek: The Next Generation,8.374,1806,1987
False,/rPzH5zMkQpDQSo9153yQTg0udeq.jpg,"[9648, 10765, 18]",2263,"['CA', 'US']",en,Friday the 13th: The Series,Micki and Ryan with the help of their friend Jack try to recover cursed antiques so they can store them in safety inside the antique store's vault.,15.0407,/hNdenaKTy3OV72KT6gVbL9rvQbd.jpg,1987-10-03,False,Friday the 13th: The Series,7.3,226,1987
False,/jDTa6Tefo3T5FNDlTGoe5jv6j9j.jpg,"[18, 10765]",10424,['US'],en,Werewolf,"Eric Cord, a college student transformed into a werewolf undergoes a quest to rid himself of his curse by killing the apparent originator of his 'bloodline'.",4.8118,/dxTYVBhxhAYiwhyONPmk7MQGDWF.jpg,1987-07-11,False,Werewolf,8.585,82,1987
False,/9ZQ5l4Bl9bn5W4LQiI5mnaYKmpv.jpg,"[10759, 10765, 18]",4698,"['CA', 'US']",en,Captain Power and the Soldiers of the Future,"Captain Power and the Soldiers of the Future is a 1987–88 Canadian-American science fiction/action television series, merging live action with animation based on computer-generated images, that ran for 22 episodes in Canadian and American syndication.",3.9062,/j0PmYPzkUte0LB6hMnlLKwck9KT.jpg,1987-09-20,False,Captain Power and the Soldiers of the Future,7.493,69,1987
False,/kBI920RRkxtOz8IBpQgZmY8Li2w.jpg,"[18, 10765]",4617,['US'],en,Max Headroom,"Television networks battle one another in an unrelenting ratings war. Whoever controls the airwaves controls the dystopic world in which they broadcast. So when Network 23's star reporter, Edison Carter, uncovers a deadly secret that could shake up the station's dominion over its viewers, the only option is to eliminate Carter before he can make his story public. After Carter's ""accident,"" his mind is uploaded to create the world's first self-aware, computer-generated TV host — Max Headroom! But will Max bow to his creators? Or will he be the key to his human alter ago bringing down a network superpower?",4.2332,/jXuXeYuv80WJJ9zvA756WCfK1KD.jpg,1987-03-31,False,Max Headroom,6.935,77,1987
False,/4K3CozV3rsdM5YAkoic1018Rbp0.jpg,"[10765, 80, 18]",2397,"['FR', 'US']",en,Beauty and the Beast,"Savvy Assistant District Attorney Catherine Chandler is saved by a noble, beast-like man named Vincent, who lives in a secret, utopian community beneath New York City. They share a psychic bond, and he protects her from above.",0.7758,/hlCUA3bUpkgOULFM9bC8N7hra19.jpg,1987-09-25,False,Beauty and the Beast,7.432,278,1987
False,/gBeHadaylDePYy6Gy2xyDVeYLkP.jpg,"[35, 10765]",326,['GB'],en,Red Dwarf,"The adventures of the last human alive and his friends, stranded three million years into deep space on the mining ship Red Dwarf.",16.9499,/cU9RFlyvJXbzyCzCGRqRmZrTDZU.jpg,1988-02-15,False,Red Dwarf,8.073,452,1988
False,/celzfQGiEaOLzZaGPYrO3fP2ogX.jpg,"[10759, 10751, 10765, 18]",5303,['GB'],en,The Storyteller,"The Storyteller, aided by his cynical dog, narrates classic folk tales, fables, and legends.",8.619,/4zyfBsIxQfEK0RcfJvwXgHTKqfn.jpg,1988-05-15,False,The Storyteller,8.215,240,1988
False,/m1Ycku6rUnB2ibyYKoq4UtZYqxA.jpg,"[9648, 10765]",4346,['US'],en,Freddy's Nightmares,"The evil, sinister killer of the ""Nightmare On Elm Street"" movies, Freddy Krueger, hosts this show, where each week, he shows us a tale of evil and death about the lives of people who live in Springwood.",8.4538,/tISTXELQn3ZFC8mgBwEH77xKXkZ.jpg,1988-10-09,False,Freddy's Nightmares,7.2,214,1988
False,/qGPzQsO0oy302JjbRlspDbVcjLg.jpg,"[10759, 10765]",5665,['JP'],ja,超獣戦隊ライブマン,"Yusuke, Jo, Megumi, Kenji, Gou and Rui are students at Academia but the latter three decide to turn bad and join forces with the evil army Volt. When the defectors return, their three friends are forced to combat them as Choujuu Sentai Liveman. With the help of an android ally named Colon and a few others along the way, the Liveman must save the world and their friends.",8.2747,/hbMV06yJ6nHWj0LweEQCDXWhXcq.jpg,1988-02-27,False,Choujuu Sentai Liveman,8.272,180,1988
False,/5TpptGoxVVght2n6oz8QJklmSTu.jpg,"[10765, 10759, 18]",4018,['US'],en,Quantum Leap,"Theorizing that one could time travel within his own lifetime, Dr. Sam Beckett stepped into the Quantum Leap accelerator and vanished... He woke to find himself trapped in the past, facing mirror images that were not his own and driven by an unknown force to change history for the better. His only guide on this journey is Al, an observer from his own time, who appears in the form of a hologram that only Sam can see and hear. And so Dr. Beckett finds himself leaping from life to life, striving to put right what once went wrong and hoping each time that his next leap will be the leap home.",49.8093,/ujIGP3e3V6kDQHRhjNYtUE3fHJi.jpg,1989-03-26,False,Quantum Leap,8.014,779,1989
False,/6uMA6EAiwcsCqQJwWgYwtORvE0v.jpg,"[35, 9648, 10765]",2391,['US'],en,Tales from the Crypt,"Cadaverous scream legend the Crypt Keeper is your macabre host for these forays of fright and fun based on the classic E.C. Comics tales from back in the day. So shamble up to the bar and pick your poison. Will it be an insane Santa on a personal slay ride? Honeymooners out to fulfill the ""til death do we part"" vow ASAP?",23.1372,/owrglhGpuB5eJVT3nED6U40NzmM.jpg,1989-06-10,False,Tales from the Crypt,7.974,1001,1989
False,/dnePq1kDs0On398Oc7sVUCZgtft.jpg,"[35, 10765]",1952,['US'],en,Mystery Science Theater 3000,A stranded spaceship pilot captured by mad scientists survives a blitz of cheesy B movies by riffing on them with his funny robot pals.,17.6675,/nNeb35RFoeLwxu0CFzZ9NAI5UTA.jpg,1989-11-25,False,Mystery Science Theater 3000,7.7,224,1989
False,/npNbRiUGU29nz464ERJiAkxH997.jpg,"[10765, 10759, 18]",5383,['US'],en,Alien Nation,"Detective Matthew Sikes, a Los Angeles police officer reluctantly works with ""Newcomer"" alien George Francisco. Sikes also has an 'on again off again' flirtation with a female Newcomer, Cathy Frankel.",7.9208,/mSnZFa4Yv3dFCMdcyJXjlq0lj4c.jpg,1989-09-18,False,Alien Nation,6.986,138,1989
False,/hBHAbkwyGXTFPkhmEd1ma5JNRbw.jpg,"[10759, 10765]",530,['JP'],ja,機動刑事ジバン,Naoto detective Jiban fights for justice against Bioron and his evil plans to conquer the world.,7.6301,/1c2dJkUI3KV1Vk59KJDvjpcHXpu.jpg,1989-01-29,False,Mobile Cop Jiban,7.899,218,1989
False,/fi2vspZ6xuHZF1kU8wVXmYzYCMi.jpg,"[35, 18, 10765]",4396,['US'],en,Northern Exposure,"After receiving a scholarship from the state, a recent Columbia University medical school graduate is required to set up his practice in an eccentric Alaskan town.",24.3202,/BUSw61C2kNoMuKFQTamIgqMC5.jpg,1990-07-12,False,Northern Exposure,7.9,203,1990
False,/2lFfjPdVXleGHukp0Phr5pNJ4ab.jpg,"[9648, 18, 10765]",19614,['US'],en,It,"In 1960, seven outcast kids known as ""The Losers' Club"" fight against an ancient shape-shifting alien who poses as a child-killing clown, while also dealing with bullies and abusive parents. Thirty years later, they reunite to stop the creature once and for all when it returns to their hometown.",15.5743,/4ybQ6gopB3H3cu0seVZLznDnIKo.jpg,1990-11-18,False,It,6.926,3354,1990
False,/4yqH859U1oklGm4O5mFhrmtabKL.jpg,"[10759, 10765]",236,['US'],en,The Flash,"When a bolt of lightning crashes through a police crime lab, a mix of electrically charged substances bathes chemist Barry Allen, transforming him into the fastest man alive--The Flash.",10.6295,/fi1GEdCbyWRDHpyJcB25YYK7fh4.jpg,1990-09-20,False,The Flash,7.445,529,1990
False,/e1mgahsZE1t1lXzuDIvaZY24lSN.jpg,"[10765, 35, 10751]",3763,['US'],en,Dinosaurs,"Dinosaurs follows the life of a family of dinosaurs, living in a modern world. They have TV's, fridges, microwaves, and every modern convenience.",19.4936,/rcD2grjO6xAerWLkSgpmGkGhnTH.jpg,1991-04-26,False,Dinosaurs,7.799,1098,1991
False,/9vhz9uJyvsiHHQj521zVkudol2R.jpg,"[9648, 10765, 35]",4045,['US'],en,"Eerie, Indiana","Teenage weirdness investigator Marshall Teller adventures through his new small-town home with his friends, geeky Simon Holmes and mysterious Dash X.",6.4389,/sr8CmrtnPTJSYtNyMxvWHRaweSN.jpg,1991-09-15,False,"Eerie, Indiana",7.6,82,1991
False,/wP4Vl2epVhA5yNWWAHDURZnPNpa.jpg,"[18, 10765]",95712,['GB'],en,The Storyteller: Greek Myths,"A storyteller in a labyrinth tells his dog the stories of Perseus and Medusa, Icarus and Daedalus, Theseus and the Minotaur, and Orpheus and Euridyce.",2.6616,/l4OBhyj2gheh16iuG6wvTNDzfjr.jpg,1991-12-01,False,The Storyteller: Greek Myths,8.2,107,1991
False,/6GzNuxHWvaEzNNVZ5xI0LsqxFCl.jpg,"[10765, 18, 10759]",4414,['US'],en,Highlander: The Series,"Duncan MacLeod cannot die -- he is a 400-year-old immortal, who has seen his share of humanity's history. Still, he risks his life in battle against other immortals and tries to save people from harm.",24.7812,/rpeEOxxgfw5Ds54jWcNtkb9KvSh.jpg,1992-10-03,False,Highlander: The Series,7.377,426,1992
False,/pVja1YCG4C75Q5dpdkNbXq2wrWb.jpg,"[10759, 18, 10765]",661,['US'],en,The Young Indiana Jones Chronicles,"At the dawn of the 20th century, Indiana Jones discovered the world. From globetrotting family expeditions as a 9-year-old to the battlefields of World War I as a teenager, Indy’s experiences shaped the heroic, whip-cracking archaeologist he would become. At every turn, Indy encounters history in the making, meeting true-life activists, soldiers, writers, artists, and thinkers who helped influence the world we live in today.",8.7534,/iS7NPwkKrfxcFGs0gtll8jXjRZh.jpg,1992-03-04,False,The Young Indiana Jones Chronicles,6.517,143,1992
False,/w00lfexrsOeR25dO4hsWhbcUnmD.jpg,"[9648, 10765, 80]",4087,['US'],en,The X-Files,"The exploits of FBI Special Agents Fox Mulder and Dana Scully who investigate X-Files: marginalized, unsolved cases involving paranormal phenomena. Mulder believes in the existence of aliens and the paranormal while Scully, a skeptic, is assigned to make scientific analyses of Mulder's discoveries that debunk Mulder's work and thus return him to mainstream cases.",78.2798,/rcBx0p8h51LHceyhquYMxbspJQu.jpg,1993-09-10,False,The X-Files,8.4,3649,1993
False,/cm3srKkyVn8zUK40ox8ZNjRJRdE.jpg,"[10765, 10759, 18]",580,['US'],en,Star Trek: Deep Space Nine,"At Deep Space Nine, a space station located next to a wormhole in the vicinity of the liberated planet of Bajor, Commander Sisko and crew welcome alien visitors, root out evildoers and solve all types of unexpected problems that come their way.",45.2134,/vE6138ykaEXQkCSEHyuBIgfGlUZ.jpg,1993-01-03,False,Star Trek: Deep Space Nine,7.892,988,1993
False,/2gzPDDhpP86MACQOu5aQg9DKyUc.jpg,"[10759, 18, 10765, 35]",4515,['US'],en,Lois & Clark: The New Adventures of Superman,"A much more lavish version of the popular Superman television series which had first aired forty years earlier, Lois & Clark focused more on the Man of Steel's early adult years in Metropolis. With the unknowing help of Lois Lane, Clark Kent created Superman there in Metropolis after finding work at the world-famous Daily Planet newspaper, where he meets fellow reporter Lois Lane.",29.2517,/1LbPs6i1h4BKjVUwK5S9GjPCydi.jpg,1993-09-12,False,Lois & Clark: The New Adventures of Superman,6.939,505,1993
False,/bcVUkIKsnLozS5Yl8DnZ7nac3GM.jpg,"[10765, 10759]",2289,['US'],en,seaQuest DSV,"In the early 21st century, mankind has colonized the oceans. The United Earth Oceans Organization enlists Captain Nathan Bridger and the submarine seaQuest DSV to keep the peace and explore the last frontier on Earth.",20.3437,/azbnl41bGqTcp2ajyfm9JYekEHp.jpg,1993-09-12,False,seaQuest DSV,7.092,157,1993
False,/i01wnWz0Z3rMATqbkAVLHEaGbNP.jpg,"[10759, 10765, 10762]",2328,['US'],en,Power Rangers,"A team of teenagers with attitude are recruited to save Angel Grove from the evil witch, Rita Repulsa, and later, Lord Zedd, Emperor of all he sees, and their horde of monsters.",19.822,/qx3SJlAp2RK656TusqKx1qEqVMW.jpg,1993-08-28,False,Power Rangers,7.08,851,1993
False,/ereSuUlk86Nb1hD7eNHdnrJNIWJ.jpg,"[37, 35, 10759, 10765]",1463,['US'],en,"The Adventures of Brisco County, Jr.","A tough-as-rawhide cowpoke, debonair ladies' man and Harvard-educated smarty-britches roams from Frisco to Jalisco in pursuit of outlaws who killed his father...and in search of a mysterious orb possessing out-of-this world powers. Hot lead and cool anachronisms await Brisco as he and his sidekicks - including Comet, the intellectual equine who doesn't know he's a horse - fight for justice in the way, way, way-out West.",11.4239,/yoKekFNOsz8UsacZ6SaHbEmRcmu.jpg,1993-08-27,False,"The Adventures of Brisco County, Jr.",7.096,99,1993
False,/pCoOFcXcwf1BsI2nJ82gx16b2MW.jpg,"[10765, 35, 18]",5632,['GB'],en,Goodnight Sweetheart,"Gary Sparrow is an ordinary bloke in 1990s Britain, married to the ambitious Yvonne and working as a TV repairman. Then his whole world changes when he stumbles upon a portal to WWII-era London and begins a dual life as an accidental time traveler.",7.3472,/wjAlo4Xac1sMq6mAMJTvkPxbOON.jpg,1993-11-18,False,Goodnight Sweetheart,7.24,50,1993
False,/60mEYJm2cjovmrqvOobOyBlnw4u.jpg,"[10765, 9648]",16089,['US'],en,The Tommyknockers,A buried UFO slowly turns local inhabitants into gizmo-building alien mutants.,3.7752,/r41hDFTHfFYYYBxiPP0osamSB8h.jpg,1993-05-09,False,The Tommyknockers,5.6,204,1993
False,/ymdCZck7hy7EDxUTR4Uq1MisfyX.jpg,"[18, 10765, 10759]",3137,['US'],en,Babylon 5,"Babylon 5 is a five-mile long space station located in neutral space. Built by the Earth Alliance in the 2250s, its goal is to maintain peace among the various alien races by providing a sanctuary where grievances and negotiations can be worked out among duly appointed ambassadors. A council made up of representatives from the five major space-faring civilizations - the Earth Alliance, Minbari Federation, Centauri Republic, Narn Regime, and Vorlon Empire - work with the League of Non-Aligned Worlds to keep interstellar relations under control. Aside from its diplomatic function, Babylon 5 also serves as a military post for Earth and a port of call for travelers, traders, businessmen, criminals, and Rangers.",39.8916,/td8O6KJQpN9ZRiuyFUILziXFMrk.jpg,1994-01-26,False,Babylon 5,8.031,608,1994
False,/b73DCbaqYICq3yUbBe5vxtbXjTX.jpg,"[10765, 18, 10751]",2243,['US'],en,Touched by an Angel,"Monica, an angel, is tasked with bringing guidance and messages from God to various people who are at a crossroads in their lives.",26.1516,/jiSv0xNx6MGhAFfv05Ov7DgDELJ.jpg,1994-09-21,False,Touched by an Angel,7.204,184,1994
False,/3UScqNjM7GVB9oo20fVFHkSeTye.jpg,"[10759, 18, 10765]",4636,['US'],en,Viper,"Viper is an action-adventure TV series about a special task force set up by the federal government to fight crime in the fictional city of Metro City, California that is perpetually under siege from one crime wave after another. The weapon used by this task force is an assault vehicle that masquerades as a Dodge Viper RT/10 roadster and coupe. The series takes place in ""the near future"". The primary brand of vehicles driven in the show were Chrysler or subsidiary companies.

The Viper Defender ""star car"" was designed by Chrysler Corporation engineers. The exterior design of the car was produced by Chrysler stylist Steve Ferrerio.",14.9407,/zBNq9usIgXBhUw4jgHpetSvSZKp.jpg,1994-01-02,False,Viper,6.157,51,1994
False,/mCbh1Mzcu6AlTO4aFlfnwfKsxsE.jpg,"[10765, 18]",9045,['US'],en,The Stand,"After a deadly plague kills most of the world’s population, the remaining survivors split into two groups - one led by a benevolent elder and the other by a maleficent being - to face each other in a final battle between good and evil.",11.4173,/o4Gb63aXRh5mMqGifYACixnxGkQ.jpg,1994-05-08,False,The Stand,6.812,526,1994
False,/7sKsnd4BTP4WOVEwCbYi6VTmyrl.jpg,"[10765, 35]",4076,['US'],en,Weird Science,"Gary Wallace, a teenager who dreams of beautiful women and a cheerful life, and his only friend, the shy and geek Wyatt Donnelly, always serve as a target for ridicule and bullying of violent classmates. Once using a computer and mysterious electrical radiation, they manage to bring to life the ""woman of their dreams."" Her name is Lisa, and she is ready to fulfill the wishes of her creators ...",15.8862,/vpYu5ofNtOQZB1pRlSxkkXsPFJn.jpg,1994-03-05,False,Weird Science,6.706,80,1994
False,/zeFcAkaINvOg83oavQuZv5BlsES.jpg,"[10765, 35, 18, 10762, 10751]",4289,['US'],en,The Secret World of Alex Mack,"Thanks to a dousing in a top-secret chemical from an overturned truck, teenager Alex Mack is given amazing powers that make her the envy of her sister and best friend... and the target of a search by the chemical company, which wants to find her at all costs.",6.6934,/5pIfkimPGsMVmpgN6XO78LkPZqS.jpg,1994-10-08,False,The Secret World of Alex Mack,7.769,54,1994
False,/8cASqqcoZ6hkoAu08hfsCLSNlGT.jpg,"[10765, 18]",1473,['US'],en,Earth 2,"Two centuries in the future, when pollution has forced humans to abandon Earth in favor of cramped space stations, scientist Devon Adair hijacks a spacecraft and sets out with a band of followers in search of another planet that will offer a brighter, more normal future to children like her son, Ulysses. Joining Devon and Ulysses are mechanic John Danziger and his daughter, True; team physician Julia Heller, who has her own secret agenda; Alonzo Solace, a pilot; Yale, a cyborg; and Morgan, a craven government agent, and his wife, Bess. The voyagers find their planet, but their ship crash-lands on the wrong side of the globe, forcing them to attempt an arduous and dangerous trek to their ultimate destination, New Pacifica.",6.5458,/xJLHPptrbYimwuk8e7Q54LqVT0y.jpg,1994-11-06,False,Earth 2,6.806,93,1994
False,/ayfwBr79hFnDuff15mm59ZRbU0W.jpg,"[10759, 80, 10765]",5191,['CA'],en,RoboCop: The Series,"RoboCop: The Series is a 1994 television series based on the film of the same name. It stars Richard Eden as the title character. Made to appeal primarily to children and young teenagers, it lacks the graphic violence that was the hallmark of RoboCop and RoboCop 2. RoboCop has several non-lethal alternatives to killing criminals, which ensures that certain villains can be recurring. The OCP Chairman and his corporation are treated as simply naïve and ignorant, in contrast to their malicious and immoral behavior from the second film onward.",4.9741,/lKPeX5a04E1qrzAVeI43ocfinM.jpg,1994-03-12,False,RoboCop: The Series,6.367,105,1994
False,/7YFranrnnIcCrgsLYQsoq8aE3Ir.jpg,"[10765, 18, 10759]",1855,['US'],en,Star Trek: Voyager,"Pulled to the far side of the galaxy, where the Federation is 75 years away at maximum warp speed, a Starfleet ship must cooperate with Maquis rebels to find a way home.",58.3841,/gNS5tRSG3UlXodCxznKKOKweqxh.jpg,1995-01-16,False,Star Trek: Voyager,7.783,1127,1995
False,/1V7WuDv5kmzwCCNd9CNQvOmqHdm.jpg,"[18, 10759, 10765]",4616,['US'],en,Xena: Warrior Princess,"Xena is an infamous warrior on a quest to seek redemption for her past sins against the innocent. Accompanied by her comrade-in-arms Gabrielle, the campy couple use their formidable fighting skills to help those who are unable to defend themselves.",29.811,/qjUn6GVZVDifLHB7bvVrgZsOfzE.jpg,1995-09-04,False,Xena: Warrior Princess,7.562,1427,1995
False,/qgbJ0AySKABiTXHrxOyOhkXQImz.jpg,"[10759, 10765]",1649,['US'],en,Sliders,"In his basement in San Francisco, boy-genius Quinn Mallory unlocks the doorway to an infinite number of Earths. During a test run, Quinn invites co-worker Wade Welles and his teacher Professor Maximillian Arturo to see his new invention. But an increase in power and an early departure leave all three, plus a washed-up soul singer named Rembrandt ""Crying Man"" Brown, lost in a parallel world. Now they must ""slide"" from world to world, not only adapting to their changing surroundings, but also trying to get back to their world. Will they ever make it home?",26.9673,/9cBXIPl83fE2yQusoEt6vMpSjIJ.jpg,1995-03-22,False,Sliders,7.575,475,1995
False,/gN3gG8m1QfdKiQ5crRO5a0J7ObL.jpg,"[10765, 9648, 10762, 35]",5835,['CA'],en,Goosebumps,"Anything can turn spooky in this horror anthology series based on the best-selling books by master of kid horror, R.L. Stine. In every episode, see what happens when regular kids find themselves in scary situations, and how they work to confront and overcome their fears.",21.0273,/km7uuxaU4mzp49Hpt5hxnLx7p6F.jpg,1995-10-27,False,Goosebumps,7.953,645,1995
False,/yeuPvfPYK7Y3J3ZWqLF2IcWEi36.jpg,"[18, 10765]",21561,['US'],en,The Outer Limits,"Anthology series composed of distinct story episodes, sometimes with a plot twist at the end, with occasional recurring story elements that were often tied together during season-finale clip shows.",23.196,/1mf3GKgYeEIBhsp61uTGmI58NIB.jpg,1995-03-26,False,The Outer Limits,7.707,241,1995
False,/6hhrV6KAyDsVZEny6CgUqK3AHjf.jpg,"[10759, 18, 10765]",4615,['US'],en,Hercules: The Legendary Journeys,The legendary son of Zeus journeys across the earth fighting monsters and helping people.,13.7638,/AbmVXsi7Btr6cvppvaHAZflnjTC.jpg,1995-01-29,False,Hercules: The Legendary Journeys,6.949,605,1995
False,/1ZvSCCJALZPDWfB9lCV9Fg3uS3v.jpg,"[10765, 10759, 18]",3534,['US'],en,Space: Above and Beyond,"Set in the years 2063–2064, the show focuses on the ""Wildcards"", members of the United States Marine Corps Space Aviator Cavalry, 58th Squadron. They are stationed on the space carrier USS Saratoga, and act as infantry and pilots of SA-43 Endo/Exo-Atmospheric Attack Jet fighters.",8.1795,/bybuA80TNiuDFrxS8Pxlpi2APls.jpg,1995-09-24,False,Space: Above and Beyond,7.263,139,1995
False,/AeYiW8dRyZbNElQmJ8I4lgTF1O4.jpg,"[10765, 9648]",18197,['US'],en,The Langoliers,"A jet leaves on a red-eye flight from Los Angeles to Boston. But early in the flight, ten passengers awaken to a startling realization: All of the other passengers have vanished.",7.139,/xcySnh6hHc98G94dF8sXNJuD0Rp.jpg,1995-05-14,False,The Langoliers,6.381,612,1995
False,/itisXkOIsntQacvuO5BF05xHJ60.jpg,"[10765, 18, 80]",318,['US'],en,American Gothic,"Everything is not what it seems in Trinity, South Carolina. Sheriff Lucas Buck develops a sinister interest in Caleb. Caleb's cousin Gail tries to protect him, but that's complicated since she has feelings for Sheriff Buck. And Caleb's dead sister, Merlyn, returns as an angel, warning him that Buck is an incarnation of evil - and may not be human.",5.9483,/qajOMTtQ958JEpmokPXTruwA9qp.jpg,1995-09-22,False,American Gothic,7.4,57,1995
False,/cXjMHIRO7v9bqoADbQj40IyMsVt.jpg,"[35, 80, 9648, 10765]",15830,['US'],en,Get Smart,"Get Smart is a short-lived American comedy television series that aired in 1995 on FOX. The series was a sequel to the original Get Smart television series that ran from 1965 to 1970. The series premiered on January 8, 1995 and ended its original run on February 19, 1995.",3.0921,/cuVYMvDExkD4TYz2qsAKFEo6AWx.jpg,1995-01-08,False,Get Smart,7.435,131,1995
False,/t2ggqJXCholMf7n3Xij4WgGG1EQ.jpg,"[10765, 10759, 18]",2253,['JP'],ja,ウルトラマンティガ,A high-tech squadron protects Earth from evil monsters and aliens with the help of a giant super-being named Ultraman Tiga.,63.2348,/lYvAiTqXFGuLqos0Wi7899scn6z.jpg,1996-09-07,False,Ultraman Tiga,8.137,124,1996
False,/4PhaaA593zHfAyYUIXVWTih3qcD.jpg,"[35, 10751, 10765]",605,['US'],en,"Sabrina, the Teenage Witch","On her sixteenth birthday, Sabrina Spellman discovers she has magical powers. She lives with her 600-year-old aunts Hilda and Zelda as well as talking cat Salem in the fictional town of Westbridge, Massachusetts.",31.7195,/nNhj3coHNVVJPVM7fm5PEYVTCMO.jpg,1996-09-27,False,"Sabrina, the Teenage Witch",7.788,1236,1996
False,/fiVX2cJvqJiFFHwj1JfvJl2vAp8.jpg,"[10765, 18, 35]",1716,['US'],en,Early Edition,Gary Hobson thinks he may even be losing his mind when tomorrow's newspaper mysteriously arrives today giving him a disconcerting look into the future. What will he do with tomorrow's news?,21.9387,/uycL5H5ir0ckyyt17FXZAuSQU4p.jpg,1996-09-28,False,Early Edition,7.325,169,1996
False,/adsc78pBssCRr3iTgzxgdCPI1v2.jpg,"[10751, 10765, 35, 18]",155,['US'],en,3rd Rock from the Sun,"The high commander of an alien expedition lands on Earth -- what he considers to be the least-important planet -- in human form as Dick Solomon. Along for the ride are his alien compatriots Harry, Sally and Tommy -- who is the eldest of the group but is now angrily trapped in a teen's body.",24.4069,/sUB4lZghNnwQywKqgjIfJsyBqI2.jpg,1996-01-09,False,3rd Rock from the Sun,7.504,574,1996
False,/uSNmMsfadV5dEhYEwqn6Kojctj9.jpg,"[18, 9648, 10765]",1706,['US'],en,The Pretender,"Raised in a secret facility built for experimenting on children, Jarod is a genius who can master any profession and become anyone he has to be. When he realizes as an adult that he's actually a prisoner and his captors are not as benevolent as he's been told, he breaks out. While trying to find his real identity, Jarod helps those he encounters and tries to avoid the woman sent to retrieve him.",19.8738,/76q5tPOPQkQYIuZu2SG6viZcp2b.jpg,1996-09-19,False,The Pretender,7.4,218,1996
False,/7cmCid1B70AwhbdPpKvSVxAyqll.jpg,"[80, 18, 9648, 10765]",4330,"['CA', 'US']",en,Millennium,"A retired FBI serial-profiler joins the mysterious Millennium Group, a team of underground ex-law enforcement experts dedicated to fighting against the ever-growing forces of evil and darkness in the world.",19.1662,/vGEPm7vDTGbYNkDodLnsJyl6QIc.jpg,1996-10-25,False,Millennium,7.711,279,1996
False,/yP7AnSP0NSsheMDtgIwvGWA1QIF.jpg,"[10759, 10765]",1841,['CA'],en,The Adventures of Sinbad,"The Adventures of Sinbad is a Canadian television series which aired from 1996 to 1998. It follows on the story from the pilot of the same name, and revolves around the series' protagonist, Sinbad. The series is a re-telling of the adventures of Sinbad from The Arabian Nights.",9.0933,/dakx8dktuEWOZ28AmDtCiKOKxTF.jpg,1996-09-28,False,The Adventures of Sinbad,6.9,52,1996
False,/qctEq0YR9onM1ZLBKSS1X73KoQ1.jpg,"[10765, 18, 10759]",164,['US'],en,Dark Skies,"Dark Skies is an American UFO conspiracy theory-based sci-fi television series that aired from the 1996 to 1997 season for 18 episodes, plus a two-hour pilot episode. The success of The X-Files on Fox proved there was an audience for science fiction shows, resulting in NBC commissioning this proposed competitor following a pitch from producers Bryce Zabel and Brent Friedman. The series debuted September 21, 1996 on NBC, and was later rerun by the Sci-Fi Channel. Its tagline was ""History as we know it is a lie.""",6.8697,/dtWcxTw4VGRyR7qNDlYFCdl5Q9.jpg,1996-09-21,False,Dark Skies,7.185,54,1996
False,/kA2NAZ4bW6vESaIjCiWJxPsKEdM.jpg,"[10759, 10765, 18]",13675,['US'],en,Gulliver's Travels,Dr. Gulliver has returned from his journey to his family after a long absence - and tells them the story of his travels.,4.1992,/gAeEKmrPrOHpGFfDEdXI4lVWEwN.jpg,1996-02-04,False,Gulliver's Travels,7.236,140,1996
False,/u9a0DbqejhqOIRpMwtbK1PZEOzU.jpg,"[18, 10765]",13418,['GB'],en,Neverwhere,"Richard Mayhew leads an ordinary life in London when one day a girl named Door falls, injured, across his path. The next thing he knows, his life is gone and he's pulled into the fantastical world of London Below. Pursued by the murderous Messrs. Croup and Vandemar, Door and Richard with the help of Hunter and the Marquis de Carabas, attempt to find the Angel Islington, who knows the secret behind the murder of Door's family, and possibly a way for Richard to go home.",3.2001,/jQbTB9IhHQoqWrJs53iHI0f1c8F.jpg,1996-09-12,False,Neverwhere,6.661,56,1996
False,/4986IexKKs6pMU9hoVls1LM9yF1.jpg,[10765],49365,['US'],en,The Beast,"Mysterious deaths and unexplained disappearances begin to occur in the small seaport village of Graves Point. When a large, strange claw is discovered on an empty raft washing up on the shore, marine biologist Dr. Herbert Talley identifies it as belonging to a rare giant squid.",3.4223,/rQ1czivDHyi00ICKMiIW8XkLnUf.jpg,1996-04-28,False,The Beast,6.316,79,1996
False,/yOyzlRw54oYaGvhUBdPr7TFwtrX.jpg,"[10765, 10759]",4629,"['CA', 'US']",en,Stargate SG-1,"The story of Stargate SG-1 begins about a year after the events of the feature film, when the United States government learns that an ancient alien device called the Stargate can access a network of such devices on a multitude of planets. SG-1 is an elite Air Force special operations team, one of more than two dozen teams from Earth who explore the galaxy and defend against alien threats such as the Goa'uld, Replicators, and the Ori.",89.1789,/dQjmI7XxI47v8IM2MUysHG0LuU2.jpg,1997-07-27,False,Stargate SG-1,8.268,1867,1997
False,/lBmlLro9ZfY815ZXE5NKhYNxPRQ.jpg,"[35, 18, 10765]",95,['US'],en,Buffy the Vampire Slayer,"Into every generation a slayer is born: one girl in all the world, a chosen one. She alone will wield the strength and skill to fight the vampires, demons, and the forces of darkness; to stop the spread of their evil and the swell of their number. She is the Slayer.",46.1209,/y7fVZkyheCEQHDUEHwNmYENGfT2.jpg,1997-03-10,False,Buffy the Vampire Slayer,8.1,2028,1997
False,/jmCegdxo0woQ3GpI3IuR7XxSMWN.jpg,"[18, 10759, 10765]",9687,"['US', 'ZA', 'IT', 'GB', 'TR', 'DE']",en,The Odyssey,"Warrior Odysseus leaves his idyllic life in the kingdom of Ithaca to fight in the Trojan War. Following victory, he now must endure a lengthy, decade-long return journey, and with all his wits, overcome deadly monsters, powerful forces of nature, seductive enchantresses, and even journey into the bowels of the Underworld.",42.5101,/wCiQ7XySqnz9X1REtDNZRGLfhpe.jpg,1997-05-18,False,The Odyssey,7.236,865,1997
False,/rRLwVEle5bKWhMXvG7eAjmwyFzJ.jpg,"[10765, 18, 10759, 9648]",2840,"['CA', 'US']",en,Earth: Final Conflict,"Years ago, the Taelons came to Earth, offering friendship and technology to humanity. But there are those who believe the Taelons have more sinister motives.",27.6976,/xOcw7r57ppfPHdaTIauMnE64Npz.jpg,1997-10-06,False,Earth: Final Conflict,6.758,97,1997
False,/6HCTF1qRwysB7Q5pJjPTTTY0spr.jpg,"[35, 18, 10765]",1818,['CA'],en,Lexx,"A Time Prophet predicted that Kai would be the one to destroy the divine order in the league of the 20,000 planets, someday that will happen, but not today. Today a cowardly security guard, an undead assassin, a female with a body designed for sex and a robot head madly in love with her all make up the crew of the spaceship Lexx, the most powerful weapon in the two universes.",16.3424,/oSDZ9YpDvAbXxzbC3YdknfyBR3W.jpg,1997-04-18,False,Lexx,7.01,144,1997
False,/2Ne8sYfnnRVl9BaghudN8bSkMnW.jpg,"[10762, 10765]",1682,['GB'],en,Teletubbies,"Pre-school fun, fantasy and education with colourful rotund characters Tinky Winky, Dipsy, Laa-Laa and Po in a magical land called Teletubbyland.",15.1877,/sNaiGG5Wh8DBVep9fKb81fyAe7y.jpg,1997-03-31,False,Teletubbies,4.485,170,1997
False,/2yYWgVDLWWCodMqgR7bzxDnTjv.jpg,"[10765, 18]",1867,['US'],en,The Shining,A new caretaker moves with his family into the mysterious Overlook Hotel for the winter.,6.6028,/YTH851DpQxoWFRu9gAYwPM56Yy.jpg,1997-04-27,False,The Shining,6.3,353,1997
False,/ux7yM3rc1xehJRbFu2UB4Rt2Iah.jpg,"[10765, 10759, 35, 10762]",3909,['US'],en,Ninja Turtles: The Next Mutation,Everyone's favorite teenage mutants are back in live action to fight crime with help from a new ninja turtle -- a female named Venus De Milo.,4.4557,/lydnKnqsXIkRLwBEWTre4Lx4fH7.jpg,1997-09-12,False,Ninja Turtles: The Next Mutation,7.0,58,1997
False,/ueZFcwAUvkjyAB9beaiqJyg0M8H.jpg,"[35, 18, 9648, 10765]",1981,['US'],en,Charmed,"Three sisters (Prue, Piper and Phoebe) reunite and unlock their powers to become the Charmed Ones, the most powerful good witches of all time, whose prophesied destiny is to protect innocent lives from evil beings such as demons and warlocks. Each sister possesses unique magical powers that grow and evolve, while they attempt to maintain normal lives in modern day San Francisco. ",69.0584,/z4bPJ1BWU2EtV69NII2GVvsugQ2.jpg,1998-10-07,False,Charmed,8.167,2557,1998
False,/9q84THOPkb4rQgEGstanCoNcrDY.jpg,"[10759, 10765]",2203,['CA'],en,First Wave,"Framed for murder and on the run, a former thief struggles to expose the vanguard of an alien invasion with the help of a conspiracy theorist and newly discovered prophecies of Nostradamus.",15.7564,/os8qvB3iGLbOGgmHacDLaf1QrHx.jpg,1998-09-09,False,First Wave,7.145,62,1998
False,/tSsnPoekq6krD8hZfLo3uGLmYtC.jpg,"[10759, 10765]",5999,['US'],en,Young Hercules,The adventures of the ancient hero in his youth.,8.305,/po3LNH5heQPgb1Tkf405gW9ywAZ.jpg,1998-09-12,False,Young Hercules,5.8,51,1998
False,/giHZE0MzQq1gGHCMCKZQtOhWGww.jpg,"[10765, 10759, 10751]",41691,['US'],en,Merlin,"The legendary wizard Merlin sets out to raise young Arthur as true and noble, hoping to bring peace and harmony to the land, but reckons without scheming Queen Mab's interference and her influence on Morgan Le Fey.",8.0788,/ra2F5ufWFV9qDMcZR1VbCfKZO2Z.jpg,1998-04-26,False,Merlin,6.935,315,1998
False,/tmTqDRHs3oXdAQApF8G2D3q5GFx.jpg,"[10765, 18]",4562,['US'],en,Seven Days,"""Ever wish you could live your last week all over again? Well, my name's Frank B. Parker, and I do it all the time. I work for a secret government project experimenting in time travel. When things really get screwed up, I'm the guinea pig they send back to take care of it. The catch is, I can only go back 7 days.""",8.3291,/yhnSqxQc8QaeBC2ZuWqZDtECtHv.jpg,1998-10-07,False,Seven Days,6.831,59,1998
False,/w6mvtiWPuzfV5lPJAXA2sQ8xqBL.jpg,"[10759, 10765]",237,['US'],en,Mortal Kombat: Conquest,"Kung Lao has triumphed in the Mortal Kombat tournament, defeating Shang Tsung and saving Earth Realm. Now, he must train a new generation of warriors for the next tournament. Meanwhile, an exiled Shang Tsung attempts to thwart Lao's efforts with the aid of supernatural warriors such as Scorpion and Sub-Zero.",5.6447,/4NvMgESPMT1Tl1qLP2TnNP4pcvX.jpg,1998-10-03,False,Mortal Kombat: Conquest,7.056,351,1998
False,/oVMxwD4W8edeKWVEFCXtmgQG3f4.jpg,"[10759, 10765, 18, 80]",13821,['CA'],en,The Crow: Stairway to Heaven,"The Crow: Stairway to Heaven was a 1998 Canadian television series created by Bryce Zabel spun off from the The Crow film series starring Mark Dacascos in the lead role as Eric Draven, reprising the role originally played by Brandon Lee in the 1994 film The Crow.",5.8845,/3tUsu4z4GzTf1iXFuU3OsdawaMO.jpg,1998-09-25,False,The Crow: Stairway to Heaven,6.544,57,1998
False,/31uA2AxWMnlLDRbZmtJMDi1OjBt.jpg,[10765],47096,['US'],en,Creature,An amphibious shark-like monster attacks an abandoned secret military base and the people who live on the island.,2.9225,/nRpqGwjMAU65rkA8XUsBB4z7v5a.jpg,1998-05-18,False,Creature,4.8,73,1998
False,/yAPH4I5EHbjKYxj2qM7HeXOAlB7.jpg,"[35, 10751, 10765]",21036,"['CA', 'US']",en,The New Addams Family,The spooky-ooky-kooky family lives happily together in their macabre gothic mansion much to the chagrin and confusion of outsiders and neighbors.,2.8023,/MQt1qtwoTiaEoyYZI0j5hfNi6A.jpg,1998-10-19,False,The New Addams Family,7.3,55,1998
False,/38g8BjnbRpxdTER5guYi6ANWsjk.jpg,"[10765, 18]",2426,['US'],en,Angel,"The vampire Angel, cursed with a soul, moves to Los Angeles and aids people with supernatural-related problems while questing for his own redemption. A spin-off from Buffy the Vampire Slayer.",32.4675,/7dRU3wdMJba3PedicxEYSks0oJx.jpg,1999-10-05,False,Angel,7.9,1011,1999
False,/uo4wPlubpUwjlLm39PF8BxXCqLm.jpg,"[10765, 10759, 18]",4271,"['AU', 'US']",en,Farscape,A freak accident during an experimental space mission catapults Astronaut John Crichton across a thousand galaxies to an alien battlefield.,24.9802,/fCJx7cCXKOEkmCVIIyP8qk0Pb7Y.jpg,1999-03-19,False,Farscape,7.878,612,1999
False,/uAfsRtKnCdtHTF49yyvfyCyL5Uu.jpg,"[10765, 9648, 10759, 18]",2855,['CA'],en,Relic Hunter,"Sydney Fox is a professor and globe-trotting ""relic hunter"" who looks for ancient artifacts to return to museums and/or the descendants of the original owner. She is aided by her linguistic assistant Nigel and occasionally by her somewhat air-headed secretary Claudia. She often ends up battling rival hunters seeking out artifacts for the money.",21.405,/t04oqIsBlRnxKOWhBL6SlEQowZ5.jpg,1999-09-25,False,Relic Hunter,6.739,180,1999
False,/qq9ZQLpYAj0PwI2uWPPuLyCNW6h.jpg,"[10765, 18]",4624,['US'],en,Roswell,"Bizarre things start happening in the little New Mexico town where UFOs were spotted in 1947. Cut to 1999, when a cute high-school student saves the life of a teenage waitress. Surrounded by cliques of clever, angst-filled classmates, the two form a bond that threatens the survival of a secret universe involving superhuman powers, a yen for hot sauce and an alien gene pool.",16.777,/47CaTpah62bxbAkWANDzZdJxkxw.jpg,1999-10-06,False,Roswell,7.7,494,1999
False,/h1dnWZILgbeXeGWFfpALq6pg3Nn.jpg,"[10759, 9648, 18, 10765]",2925,"['AU', 'CA', 'US']",en,BeastMaster,"BeastMaster chronicles the adventures of Dar, the last surviving male of the storied Sula tribe, who is blessed with the ability to communicate telepathically with the animals of his ancient world. Also endowed with the strength, courage and fighting skills of a great warrior, he uses his gifts to defend all living creatures oppressed by the forces of evil.",12.7182,/kp0BYJwFfPlkSejAoIGc2GR77bD.jpg,1999-10-09,False,BeastMaster,6.449,59,1999
False,/zw6zcPabU7ydmFTc8bGbw1w71wy.jpg,"[10765, 18]",5028,['US'],en,Storm of the Century,When a blizzard hits an isolated island town it brings with it a mysterious stranger intent on terrorizing the people for a sinister purpose.,6.1109,/xFPh9zZickYu9AWqOcfUZBCIu14.jpg,1999-02-14,False,Storm of the Century,6.999,339,1999
False,/47eKN7qf7einF1rkRBNL55HjQyZ.jpg,"[18, 10765, 10759]",2120,"['CA', 'US']",en,Crusade,"Crusade is an American spin-off TV show from J. Michael Straczynski's Babylon 5. Its plot is set in AD 2267, five years after the events of Babylon 5, and just after the movie A Call to Arms. The Drakh have released a nanovirus plague on Earth, which will destroy all life on Earth within five years if it is not stopped. To that end, the Victory class destroyer Excalibur has been sent out to look for anything that could help the search for a cure.",5.4698,/nro8P92M0XFA4sxwD7xy1h6yFIy.jpg,1999-06-09,False,Crusade,6.638,130,1999
False,/xNlJOz05BxsfS1TnG0koTKnrobX.jpg,"[18, 10751, 10765]",56299,['US'],en,The Magical Legend of the Leprechauns,"In a land of myth and magic, a forbidden love affair ignites an ancient war between the leprechauns and the trooping fairies. Jack Woods is appointed to restore harmony...but will peace prevail before the unthinkable happens?",3.6122,/j64dRG89kgoNyVw7GviXDexzGAC.jpg,1999-11-07,False,The Magical Legend of the Leprechauns,6.971,103,1999
False,/2PuaqMN4qowmk7GFCDIMhAy0K9H.jpg,[10765],46459,['US'],en,Journey to the Center of the Earth,"Remake of Jules Verne's classic story finds adventurers seeking a mysterious hidden land. They are joined by the wife of another man, who had previously gone on a similar expedition and disappeared.",2.8867,/zVzzmq6DPk2VqkZhF3fQpn60ekK.jpg,1999-09-14,False,Journey to the Center of the Earth,5.9,51,1999
False,/fZcwdKOSszddEjf6zPWbNWk96Ok.jpg,"[35, 10765, 18]",91630,['BR'],pt,O Auto da Compadecida,The (mis)adventures of João Grilo and Chicó in Brazil's Northeastern region. The four-chapter miniseries original version of O Auto da Compadecida.,1.9629,/4ZDE60qWgDLHH7GeZY2UFANNV8w.jpg,1999-01-05,False,O Auto da Compadecida,9.0,95,1999
False,/rY4HsR1MLlddyrotCDskeC4ROXb.jpg,"[10759, 18, 10765]",2985,"['CA', 'US']",en,Andromeda,Captain Dylan Hunt and his crew quest to restore a government that once presided over an extended peace and prosperity.,24.9318,/uAOyxeDiNwYU8GuOebU0FExh49C.jpg,2000-10-02,False,Andromeda,7.07,306,2000
False,/6lYM8Xs6R4Uc5iYEIQsypwVigqi.jpg,"[10765, 35, 10751, 9648]",40546,['US'],en,The 10th Kingdom,"Virginia and Tony, a father and daughter living in Manhattan, find themselves in a parallel universe where Snow White, Cinderella and Little Red Riding Hood are struggling to maintain order. Their kingdoms have been fragmented by trolls, giants and goblins.",7.0545,/aD5ISjx3AG1rygncAdv7eb8KYYo.jpg,2000-02-27,False,The 10th Kingdom,7.596,272,2000
False,/cdGS9KyuJcT141SHgXRSMTVyZYN.jpg,"[35, 10765, 18]",4735,['US'],en,The Invisible Man,"The Invisible Man is a Sci-Fi American television series starring Vincent Ventresca, Paul Ben-Victor, Eddie Jones, Shannon Kenny and Michael McCafferty. Somewhat more successful than previous television series involving invisible secret agents, it aired from June 9, 2000 to February 1, 2002, lasting two seasons.

The plot revolves around Darien Fawkes, a thief facing life imprisonment who was recruited by a low-rent spy organization and given the power of invisibility via implantation of a special ""Quicksilver gland"" in his head. The gland allows Fawkes to secrete a light-bending substance called ""Quicksilver"" from his pores and follicles. The substance quickly coats his skin, hair, nails and clothes and renders him invisible. He can consciously release the Quicksilver, which then flakes off and disintegrates. However, the Quicksilver gland was sabotaged at its creation by scientist Arnaud DeFehrn to release a neurotoxin that accumulates in the bloodstream and causes intense pain, followed by antisocial behavior and psychosis. The host requires regular doses of ""counteragent"" to keep him sane and healthy, which is controlled by said government agency. This series lasted for two seasons, before being cancelled due to cost issues and internal bickering between the Sci Fi Channel and its then-parent company, USA Networks. The show's first season ran concurrently in first-run syndication as well as on Sci Fi.",6.9153,/r2xvhDRpsQ8Oq3FlihPGDsND6vg.jpg,2000-06-09,False,The Invisible Man,7.055,55,2000
False,/e09SpH0iCVJRThzly1WqIsMt5j5.jpg,"[10765, 10759, 18]",19566,['US'],en,Frank Herbert's Dune,"In the year 10,191, the most precious substance in the universe is the spice Melange. The spice extends life. The spice expands consciousness. The spice is vital to space travel. The spice exists on only one planet in the entire universe, the vast desert planet Arrakis, also known as Dune. Its native inhabitants, the Fremen, have long held a prophecy that a man would come, a messiah who would lead them to true freedom.",5.8795,/iIf5XeuuBKPtG6H7MfWLirbJGrQ.jpg,2000-12-03,False,Frank Herbert's Dune,6.796,378,2000
False,/2mx486cRnUIm8PfV3D2CuVv5Z4L.jpg,"[10751, 10759, 10765]",25406,"['US', 'TR']",en,Jason and the Argonauts,"At a young age, Jason witnesses the brutal deposement and murder of his father at the hands of his uncle Pelias. Twenty years later, Jason returns home to claim his rightful place as king, but Pelias orders him to be executed, and in order to save himself Jason is forced to go on a dangerous quest to find the legendary Golden Fleece. So Jason gathers a motley crew of men and sets sail on the Argos.",5.5529,/pYXkdXyqnmKFf01Yi6MkbfMczhv.jpg,2000-05-07,False,Jason and the Argonauts,6.397,73,2000
False,/3asUkvbzieSJI7EcRESfrCISexZ.jpg,"[10765, 10759, 10751]",20658,"['US', 'GB']",en,Arabian Nights,"Targeted for assassination by his first wife and his evil brother, a young sultan must marry by the next full moon or he will lose his kingdom. His uncertainty over his newfound bride causes her to stall the sultan with a series of fantastic stories to ease the tension and stall her impending execution.",5.2026,/oMLISBzw6QDo60h2C1NGUL00puS.jpg,2000-04-30,False,Arabian Nights,6.79,62,2000
False,/4wVq9ICc4MI2XcssrumpCOhKLpI.jpg,"[10765, 10759, 18]",4604,['US'],en,Smallville,The origins of the world’s greatest hero–from Krypton refugee Kal-el’s arrival on Earth through his tumultuous teen years to Clark Kent’s final steps toward embracing his destiny as the Man of Steel.,129.7808,/mHZSq8LA5Dt48JjaOZ5tcPXQRVN.jpg,2001-10-16,False,Smallville,8.2,4542,2001
False,/gH5HQbMsSfPc0R41JYTefjB7klZ.jpg,"[10765, 10759, 18]",314,['US'],en,Star Trek: Enterprise,"During the mid-22nd century, a century before Captain Kirk's five-year mission, Jonathan Archer captains the United Earth ship Enterprise during the early years of Starfleet, leading up to the Earth-Romulan War and the formation of the Federation.",44.2445,/tsbBTABtNgu0ycsFpnIhiQ5woOM.jpg,2001-09-26,False,Star Trek: Enterprise,7.511,967,2001
False,/7FCw6qSwkz9IJ1o3mQthRbVAGOA.jpg,"[10766, 18, 10765]",14853,['BR'],pt,O Clone,"Human cloning. The Islamic world. Two young people, two different cultures, two different beliefs. An impossible love story that not even time could erase. During a trip to Morocco, Lucas has a forbidden romance with Jade. He returns to Brazil after the death of his twin brother Diogo. A close family friend, scientist Albieri uses this situation to produce the first human clone using cells taken from Lucas. Twenty years later, Jade, Lucas and his clone form an odd love triangle.",13.687,/55r16i772LJkfeGGtlWugScVA10.jpg,2001-10-01,False,The Clone,8.1,381,2001
False,/A2BqbbSs9E4emekdxdvWzLK6lpx.jpg,"[10765, 10759, 9648]",1449,['US'],en,Mutant X,Follow the adventures of a group of human mutants - led by the mysterious Adam Kane - possessing extraordinary powers as a result of genetic experimentation gone awry.,13.6266,/yiKg027jdpkSsguVBI9WqliNWez.jpg,2001-10-06,False,Mutant X,6.7,121,2001
False,/bl7vSNJ1r2iLQnfS2i632ZJteNP.jpg,"[10765, 9648, 18, 35]",10190,['US'],en,Witchblade,"Sara ""Pez"" Pezzini searches for justice which brings her into contact with the Witchblade. An ancient, intelligent, living weapon so powerful it can battle Earth's darkest evil forces. Week in and week out, Pez employs her skills as a police detective to fight crime.

Pez finds she must employ the Witchblade to combat a much greater and frighteningly organized conspiracy of evil that threatens the very soul of humanity.",4.8934,/u9gqBhOcPfO5SPo18eGRhZfQyBh.jpg,2001-06-12,False,Witchblade,7.1,53,2001
False,/qJUYXYijCL9Q8QkFhjvVBj6dvcM.jpg,"[10765, 18, 10759]",5256,['US'],en,The Mists of Avalon,The Mists of Avalon is a 2001 miniseries based on the novel of the same name by Marion Zimmer Bradley. It was produced by American cable channel TNT and directed by Uli Edel.,3.7553,/iVEbAgsYBVwKH8goTkUVd59fIWB.jpg,2001-07-14,False,The Mists of Avalon,6.727,150,2001
False,/yxSWWZE6vX7FezerXIxA5eokI8.jpg,"[10759, 80, 10765]",12066,['CA'],en,Robocop: Prime Directives,"Ten years after the original Robocop, Delta City is city owned and operated by OCP. RoboCop finds himself nearly obsolete and his former partner, John Cable, has returned to Delta City as its new Security Commander. But slowly, new enemies arise, and Murphy and Cable begin an investigation into a mysterious villain known as the Bone Machine.",3.0612,/5vy8rPlN7yUMfbcf2lzb98Pe5np.jpg,2001-01-04,False,Robocop: Prime Directives,6.373,51,2001
False,/2DbdM8ocyGuVbhxpXKhcpYP2h10.jpg,"[10759, 10765, 18]",16433,['US'],en,Jack and the Beanstalk: The Real Story,"Wealthy developer Jack Robinson is stunned when a gigantic human skeleton is discovered on his building site. According to a mysterious woman, it is part of a curse that has dogged his family for years. To lift the jinx placed upon him, Jack will need to visit the land in the sky - by climbing up a very tall beanstalk.",3.4928,/mc6QDvw7hExEILHJ1zCjZ3MkUya.jpg,2001-12-02,False,Jack and the Beanstalk: The Real Story,6.8,72,2001
False,/te4VJNMipsFQofCkiytuyswGDlV.jpg,"[18, 10759, 10765]",1437,['US'],en,Firefly,"In the year 2517, the universe is a vast frontier where lawlessness reigns and adventure awaits! Join Captain Malcolm Reynolds and his ragtag crew aboard the spaceship Serenity as they navigate the fringes of society, battling the oppressive Alliance and facing off against ruthless bounty hunters.",20.5131,/vZcKsy4sGAvWMVqLluwYuoi11Kj.jpg,2002-09-20,False,Firefly,8.338,2451,2002
False,/uC6NoapdAI8xy4SHMNtd5jXbWup.jpg,"[18, 10765]",1475,['US'],en,The Dead Zone,Johnny Smith discovers he has developed psychic abilities after a coma.,22.6256,/j9l4svOscUWoVqGoATtGEDfTms.jpg,2002-06-16,False,The Dead Zone,7.301,173,2002
False,/gTUHsbKX20VAx9YJKEMWBD7prrH.jpg,"[10765, 9648, 18]",16399,['US'],en,The Twilight Zone,"A 2002 revival of Rod Serling's 1950/60s television series, The Twilight Zone, with actor Forest Whitaker assuming Serling's role as narrator and on-screen host.",13.7177,/sS1ykUhvyurff4CohExIh8qYO99.jpg,2002-09-18,False,The Twilight Zone,7.2,121,2002
False,/85VdFnoD33M9H2QW43QVOnpnKxU.jpg,"[10765, 9648, 80]",2432,['US'],en,Taken,"The show takes place from 1944 to 2002 and follows the lives of three families: the Crawfords, who seek to cover up the Roswell crash and the existence of aliens; the Keys, who are subject to frequent experimentation by the aliens; and the Clarkes, who sheltered one of the surviving aliens from the crash.",10.0257,/dFMBPZvgbvhnpCW8YfYakNB2xrT.jpg,2002-12-02,False,Taken,7.476,424,2002
False,/sziGKIDXxf82aSqqqrleHzKKNSn.jpg,"[9648, 10765]",19654,['US'],en,Rose Red,"Dr. Joyce Reardon, a psychology professor, commissions a team of psychics and a gifted autistic girl to find out the truth about an old, supposedly haunted mansion called Rose Red.",7.4005,/5GvAUv97OhCLKkoK8ksEeWLhsMc.jpg,2002-01-27,False,Rose Red,6.776,440,2002
False,/tSl2NWcLctkzd8F7fE7Fdn3M84D.jpg,"[18, 9648, 10765]",689,['US'],en,John Doe,"John Doe tell the story of a man who wakes up naked on an island off the coast of Seattle, knowing everything in the world there is to know—except for who he is and how and why he ended up there.",7.8028,/ngMl9h0wJ1mEgBSOhJuZo46KBZm.jpg,2002-09-20,False,John Doe,7.245,92,2002
False,,"[18, 10765]",7463,['US'],en,The Best Sex Ever,"Veronica hosts a midnight radio show called ""The Best Sex Ever"". Each night ""after all the good girls and boys have gone to bed"", she invites listeners to call in and share their own personal erotic tale about ""the best sex you ever had"". In each episode Veronica suggests a theme for that night's show, and one caller's story is presented, with Veronica occasionally interjecting comments or questions.",6.6386,/o1t2ZuJeZnyowW1OKX3G9NSNZmR.jpg,2002-05-03,False,The Best Sex Ever,3.855,62,2002
False,/jlbUB9YAmPNEK3QSbJpjokkM1bu.jpg,"[18, 10759, 10765]",1469,['US'],en,Birds of Prey,"The series is set in New Gotham City, several years after it has been apparently abandoned by Batman. In his absence, Huntress, Oracle and Dinah are now the protectors of New Gotham: the Birds of Prey, and had taken over his war on crime.  They are joined by Alfred Pennyworth, who serves Helena as she is heir to the Wayne estate; and Detective Jesse Reese, a police officer confronted with crimes and abilities he cannot explain.",6.9079,/gXeFSST0xqy5XNgrbuEaa5BxvDM.jpg,2002-10-09,False,Birds of Prey,6.193,96,2002
False,/dlDynz58qyEqrd3gzxqfYB2JiUW.jpg,"[18, 10759, 10765]",184,"['CA', 'US']",en,Jeremiah,Jeremiah is an American television series starring Luke Perry and Malcolm-Jamal Warner that ran on the Showtime network from 2002 to 2004. The series takes place in a post-apocalyptic future where most of the adult population has been wiped out by a deadly virus.,5.0969,/yBaq79cbv8Lmhaa7ej3z6GOp9zK.jpg,2002-03-03,False,Jeremiah,6.888,76,2002
False,/vQzJ9KvRzM1lJeUufBXcf9h7HDO.jpg,"[10759, 10751, 10765]",73536,['US'],en,Dinotopia,"After a plane crash, two opposing half-brothers find themselves on an amazing, unknown island where enlightened pacifist humans and intelligent talking dinosaurs have created a utopian medieval society. But imminent disaster approaches.",4.7887,/4tHOStqnM1ZBN9KTFLd1XdOiuIj.jpg,2002-05-12,False,Dinotopia,6.463,162,2002
False,/t1anCzvLxOlLmN5qmsrEpgXHlrk.jpg,"[10765, 10759]",41327,['US'],en,Firestarter: Rekindled,"A young woman who has the ability to start fires with her mind, must now face the trauma of her childhood by battling with a group of very talented children and their cruel leader, John Rainbird.",3.6283,/xUXpdGgUhQhDR6vzbhnBOJVpFk1.jpg,2002-03-10,False,Firestarter: Rekindled,5.119,84,2002
False,/ctW5cIR3romaxkynGLI00DehWlA.jpg,"[18, 10759, 10765]",17625,['PL'],pl,Wiedźmin,"""Later it was said that the man came from the north from the Powroznicza gate. He walked on foot, and led his horse, which was laden, by the bridle. It was late afternoon and the stalls of the ropemakers and saddlers were already closed, and the street was empty. It was warm, and the man was wearing a black cloak thrown over his shoulders. He was drawing attention."" - So begins the short story ""The Witcher"" by Andrzej Sapkowski, which gave rise to a seven-volume series.",2.5833,/ggsqoEYRKwGRbPcHD4KGL2VXHD5.jpg,2002-09-22,False,The Witcher,5.627,51,2002
False,/xXxTWkQFeUUWr3N8UVl7CpwZI2g.jpg,"[35, 10765]",4602,['US'],en,That's So Raven,"No ordinary teenager; Raven Baxter can see glimpses of the future! Watch her schemes and misadventures as she enlists the help of friends, including best friends Eddie and Chelsea, to change life's little outcomes. Raven's younger brother, Cory, is obsessed with money and creates get-rich-quick schemes to try to earn cash.",21.999,/8pSH9b3XKKLBhdlsK9bz0AWYc7C.jpg,2003-01-17,False,That's So Raven,7.223,285,2003
False,/bNLKTs9SUu812z4BoPUlMM1qBn6.jpg,"[10765, 9648, 18]",1593,['US'],en,Joan of Arcadia,"Joan Girardi has begun acting a little strange since her family moved to the city of Arcadia. No one knows that various people keep introducing themselves as God, and then giving the teenager specific directions to do things. Unsure of what God wants, and if she's even sane, Joan tentatively begins to follow God's cryptic directives, all the while trying to retain a ""normal"" teen-aged existence.",16.0332,/AdSIHbGVuHGrdZs5BXajiCwep75.jpg,2003-09-26,False,Joan of Arcadia,7.349,86,2003
False,/zRICZei2q0OrJhwGwEdcIx63tXS.jpg,"[10765, 18, 35]",2566,['US'],en,Dead Like Me,"When her life comes to an abrupt end, George discovers that death is nothing like she thought it would be. Recruited to collect the souls of others as they die, she suddenly finds herself an unwilling participant in a line of work she never knew existed: Grim Reaping!",13.1317,/92pJimSg6exk0Dt5u5XB1O5DZtz.jpg,2003-06-27,False,Dead Like Me,7.644,503,2003
False,/tTyzyI6L0P97FaoEmYdbqxpkpXM.jpg,"[10765, 18, 9648]",2188,['US'],en,Tru Calling,A university graduate working in the city morgue is able to repeat the same day over again to prevent murders or other disasters.,12.2754,/jOqsAwPucH96rUQxZiRNwxd90Yu.jpg,2003-10-30,False,Tru Calling,7.279,265,2003
False,/gPXlZQr7PR3Ay2pP6XBdvVKmM25.jpg,"[10765, 9648, 18]",185,['US'],en,Carnivàle,"Carnivàle is an American television series set in the United States during the Great Depression and Dust Bowl. In tracing the lives of two disparate groups of people, its overarching story depicts the battle between good and evil and the struggle between free will and destiny; the storyline mixes Christian theology with gnosticism and Masonic lore, particularly that of the Knights Templar.",11.5599,/5pKvfZ3qLuKJd8PQfKcPxN9jTO9.jpg,2003-09-14,False,Carnivàle,7.9,466,2003
False,/y6EakvqM6pdBX900TzQPkn4v5yF.jpg,"[10759, 18, 10765]",71365,['CA'],en,Battlestar Galactica,"A re-imagining of the original series in which a ""rag-tag fugitive fleet"" of the last remnants of mankind flees pursuing robots while simultaneously searching for their true home, Earth.",8.4037,/imTQ4nBdA68TVpLaWhhQJnb7NQh.jpg,2003-12-08,False,Battlestar Galactica,8.207,988,2003
False,/ijs6Ilt8B2xHyZeePXZivQI15Cc.jpg,"[18, 10765]",11245,['US'],en,Angels in America,"God has abandoned Heaven. It's 1985: the Reagans are in the White House and Death swings the scythe of AIDS. In Manhattan, Prior Walter tells Louis, his lover of four years, he's ill; Louis leaves but as disease and loneliness ravage Prior, guilt invades Louis. Joe Pitt, a Mormon Republican attorney, is pushed by right-wing fixer Roy Cohn toward a job at the Justice Department. Pitt and Cohn are closeted: Pitt, out of shame and religious turmoil; Cohn, to preserve his power and access. Pitt's wife Harper is strung out on Valium, aching to escape a sexless marriage. An angel invites Prior to be a prophet in death.",5.9527,/rrV0kCmzcP8oB00gemSZDns90rb.jpg,2003-12-07,False,Angels in America,7.566,259,2003
False,/8tko4lM3VE6Rpye7IbilDpdHsWh.jpg,"[10765, 10759, 18]",9156,['US'],en,Frank Herbert's Children of Dune,"Twelve years following the events of Dune, the Atreides family must overcome a conspiracy that threatens to destroy their legacy and undermine their House in the eyes of The Empire. Only Paul's children can prevent this catastrophe from destroying everything and saving House Atreides from this malevolent force.",6.6084,/yCP8lKXBMtcG1CU9K3NsWlu1RgF.jpg,2003-03-16,False,Frank Herbert's Children of Dune,6.943,245,2003
False,/sPEip4Xcb8OWcGx5obCfgW15wqB.jpg,"[10765, 10759, 18]",4569,['US'],en,Jake 2.0,"Jake 2.0 is an American science fiction television series originally broadcast on UPN in 2003. The series was canceled on January 14, 2004 due to low ratings, leaving four episodes unaired in the United States. In the United Kingdom, all the episodes aired on Sky1. The series later aired in syndication on HDNet and the Sci Fi Channel.

The series revolves around a computer expert, Jake Foley, who works for the U.S. government's National Security Agency and was accidentally infected by nanobots which give him superhuman powers. He is able to control technology with his brain, making him ""the ultimate human upgrade"" according to the show's introduction.",4.5707,/5v1ztY9py8pPgeMPYn606zsgjRI.jpg,2003-09-10,False,Jake 2.0,7.067,52,2003
False,/SLAPI1h9SWBMLTCO8ULvTGiP9G.jpg,"[10765, 10759, 18]",2290,"['CA', 'US']",en,Stargate Atlantis,"With the Ancients' city of Atlantis discovered in the Pegasus Galaxy by Stargate Command, Dr. Elizabeth Weir and Major Sheppard lead a scientific expedition to the ancient abandoned city. Once there, the team not only find themselves unable to contact Earth, but their explorations unexpectedly reawaken the Ancients' deadly enemies, The Wraith, who hunger for this new prey. Now with the help of newfound local allies like Teyla Emmagan, the Atlantis Team sets about to uncover their new home's secrets even as their war of survival against the Wraith begins.",40.9104,/l0JYr2iqwId6VOmCV8dHzlIM6Wd.jpg,2004-07-15,False,Stargate Atlantis,8.036,1204,2004
False,/sEjNaoENrqIZONKNn1iLFB0Us9k.jpg,"[10765, 10759, 18]",1972,"['CA', 'US', 'GB']",en,Battlestar Galactica,"When an old enemy, the Cylons, resurface and obliterate the 12 colonies, the crew of the aged Galactica protect a small civilian fleet - the last of humanity - as they journey toward the fabled 13th colony, Earth.",42.8238,/99PJSbcO2LeM10uOGWeFihNp77j.jpg,2004-10-18,False,Battlestar Galactica,8.208,1801,2004
False,/2yWQg2FBynT8vFQw3kmBlOTdrXy.jpg,"[18, 10765]",1481,['US'],en,The 4400,"4400 centers on the return of 4400 people who, previously presumed dead or reported missing, reappear on Earth. Though they have not aged physically, some of them seem to have deeper alterations ranging from superhuman strength to an unexplained healing touch. A government agency is formed to track the 4400 people after one of them commits a murder.",20.3884,/nWpatnVtPVxjsn7mMiRZNAalEMf.jpg,2004-07-11,False,The 4400,7.157,744,2004
False,/f8jycwKUOJU2ghRYeyiBavMmhs0.jpg,"[10765, 18]",3406,['CA'],en,ReGenesis,"ReGenesis is a Canadian television program produced by The Movie Network and Movie Central in conjunction with Shaftesbury Films. The series, which ran for four seasons, revolves around the scientists of NorBAC, a fictional organization with a lab based in Toronto. The organization investigates problems of a scientific nature, such as bio-terrorism, mysterious diseases or radical changes in environment throughout Canada, the United States, and Mexico. NorBAC is headed by David Sandström, the chief scientist and molecular biologist. Through this character the show often addresses topical social, political and ethical issues related to the science at hand.

The series was originally seen on The Movie Network and Movie Central with rebroadcasts on Global and Showcase in Canada. Internationally it can be seen on FX in the United Kingdom, The Science Channel, Halogen TV and in syndication and CW Plus in the United States, and FX Latin America in Mexico; as well as numerous broadcasters in Europe and Asia. International distribution is handled by Oasis International. As of April 2012 the show can also be seen on Hulu.com.",12.8013,/yJ8ThIxnEZ9snyI6zsq4Ataz9mB.jpg,2004-10-24,False,ReGenesis,7.385,65,2004
False,/onJsk0SgdIeUDoX7kOEnfyhx9TO.jpg,"[10765, 35, 10751, 10762]",1528,['US'],en,Phil of the Future,"Meet the Diffy family, a futuristic family from the year 2121. When the eccentric dad, Lloyd, rents a time machine for their family vacation, everyone is excited. But then something goes wrong. Their time machine malfunctions and they are thrown out of the space/time continuum in the year 2004.",9.5016,/Aq3GfvfcWnaI8IgQwocz6mhNkzb.jpg,2004-06-18,False,Phil of the Future,6.76,77,2004
False,/91cTQeEKxpV6ysdPO3VWn66pehc.jpg,"[35, 10765]",7166,['GB'],en,The Mighty Boosh,"A British comic fantasy containing humour and pop-culture references.  Episodes often featured elaborate musical numbers in different genres, such as electro, heavy metal, funk, and rap. The show has been known for popularising a style called ""crimping""; short acappella songs which are present throughout all three series.",8.0031,/dKlYEo7mc1XLN2PutYlRuTLUXlC.jpg,2004-05-18,False,The Mighty Boosh,7.64,171,2004
False,/9cVf1QahzR2sfEITNrmcewSRav3.jpg,"[10765, 10764]",443,['US'],en,Ghost Hunters,"Paranormal investigators investigate places that are reported to be haunted. Engaging forensic experts, historical records and the most innovative technology available, the squad helps everyday people who are struggling with unexplained supernatural phenomena.",5.3708,/yTJAKibxeynINA61p00oBsfc2mq.jpg,2004-10-06,False,Ghost Hunters,6.224,78,2004
False,/oZXix8EqJp2YROw6PdNUdH63Hhn.jpg,"[35, 18, 10765, 9648]",1982,"['CA', 'US']",en,Wonderfalls,"Jaye Tyler, a recent Brown University graduate with a philosophy degree, holds a dead-end job as a sales clerk at a Niagara Falls gift shop. Jaye is the reluctant participant in conversations with various animal figurines — a wax lion, brass monkey, stuffed bear, and mounted fish, among others — which direct her via oblique instructions to help people in need.",5.9589,/qioFpx1SwUXrob1ruKBk0lAk6gW.jpg,2004-03-12,False,Wonderfalls,7.694,121,2004
False,/bihkhvuMZ510JnsUIgmzUTSqiLF.jpg,"[10765, 18]",2603,['GB'],en,Hex,"Shy college student Cassie Hughes only wants to be accepted by others, but is only truly loved by her best friend Thelma Bates. Cassie later discovers that she possesses dangerous powers, and is being drawn into a world far beyond her control. And the man that she should fear the most manages to find a way into her heart.",4.7371,/tly4HEw1PEBHdtzNsDmQBxthUvR.jpg,2004-10-17,False,Hex,6.463,67,2004
False,/sOTkJLdm3lUNaRsfpwGBTsIVmxF.jpg,"[9648, 18, 10765]",1617,['US'],en,Stephen King's Kingdom Hospital,"Kingdom is a hospital whose bizarre population includes a brilliant surgeon who lives in the basement, a nearly blind security guard and a nurse who regularly faints at the sight of blood. But when patients and staff hear the voice of a girl crying through the halls and a patient destined for life as a paraplegic miraculously recovers, they are dismissive of any suggestion of mysticism or unseen powers... at their own peril.",4.8681,/A3Sk7JU26EEmW5eK3TYWh6AEAcE.jpg,2004-03-03,False,Stephen King's Kingdom Hospital,7.0,130,2004
False,/iTvtQtqBRB8f7af0BmWcIxNBcf8.jpg,"[35, 9648, 10759, 10765]",205,['GB'],en,Garth Marenghi's Darkplace,"When the Hellmouth opens beneath Darkplace Hospital in downtown Romford, kiddy doctor, Vietnam veteran and ex-warlock Dr. Rick Dagless M.D. is the only man who can close it. Joined by best buddy Dr. Lucien Sanchez, fiery hospital boss Thornton Reed, and woman Liz Asher, Dagless must fight the forces of Darkness while dealing with the burden of day-to-day admin. From the chilling pen of best-selling horror writer Garth Marenghi comes this lost masterpiece of televisual terror. Dare you enter Garth's Darkplace?",3.8345,/4aSD7ssvpkmNqOxenPiWaLpq4vg.jpg,2004-01-29,False,Garth Marenghi's Darkplace,7.963,188,2004
False,/u8IkArFjwdZMfWVzr1P9ePXUNQ9.jpg,"[10759, 10765]",224784,['US'],en,Farscape: The Peacekeeper Wars,"When a full-scale war is engaged by the evil Scarran Empire, the Peacekeeper Alliance has but one hope: reassemble human astronaut John Crichton.",4.3095,/q05dyu0Wqo0fbkp5cEPfjf6wbb0.jpg,2004-10-17,False,Farscape: The Peacekeeper Wars,7.675,80,2004
False,/nOHqViNXtPOd2ZTTOV4k7q2zqqe.jpg,[10765],13278,['US'],en,Legend of Earthsea,"A reckless young man learns that he is destined to be the greatest sorcerer the mythical world of Earthsea has ever known. But before he can fulfill his destiny and save his world from the evil king, he must master the powers he has been given.",3.2613,/lPUNXBVgM8p3ePfgQWHUuJfnnou.jpg,2004-12-13,False,Legend of Earthsea,5.8,97,2004
False,/9pSHZ3jrMNcpFGoyzw0cukkO2pn.jpg,"[10759, 18, 10765]",49191,['US'],en,10.5,"Dr. Samantha Hill is an earthquake research scientist at a noted university in Washington State. Her alternative theories and her take-charge attitude cause friction with her peers. When the controversial Dr. Hill is ultimately put in charge, she is effectively entrusted with saving the entire population of the West Coast from a series of earthquakes that threaten to permanently fracture the West Coast from the rest of North America.",2.6975,/abnY1ze2BaHh5bqIX72up8GPEbe.jpg,2004-05-02,False,10.5,6.493,73,2004
False,/4JLPyXmmqVJmq9YakhkTuWMC7gI.jpg,"[9648, 18, 10765]",15741,['US'],en,5ive Days to Midnight,A physicist discovers a briefcase containing postdated documents and evidence which indicate he will die five days in the future.,2.4963,/koNBI0r8DUcIx5N3dYpAfgeVaQQ.jpg,2004-06-07,False,5ive Days to Midnight,6.408,65,2004
False,/ro0tlgnsco4SwbdAgmscLkSlMSL.jpg,"[18, 9648, 10765]",1622,['US'],en,Supernatural,"When they were boys, Sam and Dean Winchester lost their mother to a mysterious and demonic supernatural force. Subsequently, their father raised them to be soldiers. He taught them about the paranormal evil that lives in the dark corners and on the back roads of America ... and he taught them how to kill it. Now, the Winchester brothers crisscross the country in their '67 Chevy Impala, battling every kind of supernatural threat they encounter along the way. ",204.6737,/8iixmfGx5EIFPdpNvB2JvI3VIqX.jpg,2005-09-13,False,Supernatural,8.313,8577,2005
False,/vcFW09U4834DyFOeRZpsx9x1D3S.jpg,"[10759, 18, 10765]",57243,['GB'],en,Doctor Who,"The Doctor is a Time Lord: a 900 year old alien with 2 hearts, part of a gifted civilization who mastered time travel. The Doctor saves planets for a living—more of a hobby actually, and the Doctor's very, very good at it.",105.5749,/m6G92osOtSeXwjSfL21jZCUOvxe.jpg,2005-03-26,False,Doctor Who,7.616,3415,2005
False,/dWhMavg03rBGM96JSQmiUGcj3WE.jpg,"[10765, 9648, 18]",1606,['US'],en,Ghost Whisperer,"Newlywed Melinda Gordon tries to help the dead communicate with loved ones, but sometimes the messages she receives are intense and confusing. Most of Melinda's efforts involve resolving conflicts that are preventing the spirits from passing over.",55.4633,/9ZtGupUFaHhws7mOcwhNTtRpRHC.jpg,2005-09-23,False,Ghost Whisperer,8.073,1883,2005
False,/dVpAGo3TT2IjDyRuKwhNfe9E1A5.jpg,"[80, 18, 9648, 10765]",36,['US'],en,Medium,Allison Dubois works in the District Attorney’s office using her natural intuition about people and her ability to communicate with the dead to help to solve crimes. Her dreams often give her clues to the whereabouts of missing people.,42.5715,/6tOxspW2MbbAQ0s3jtfs8QATcx.jpg,2005-01-03,False,Medium,7.472,579,2005
False,/1Tcv90k3MzWKsq1zJbxVlsT7YXr.jpg,"[35, 18, 10765]",11466,['FR'],fr,Kaamelott,"Kaamelott is a French comedy medieval fantasy television series created, directed, written, scored, and edited by Alexandre Astier, who also starred as the main character. The series, which originally ran for six seasons (referred to as 'books'), ran from January 3, 2005, to October 31, 2009, on M6.

In this offbeat account of King Arthur's quest for the Grail, virtually every journey, battle or adventure is stopped dead in its tracks by the knights of the round table's most worldly traits: cowardice, greed, idiocy or misplaced chivalry. As a consequence, instead of epic adventures we are treated with the characters' pragmatic and anachronistic take on each and every event in the Grail legend, true to the purest sitcom tradition.",25.1155,/d6P4O0LzE4WFp4GnSkzauUTmC2P.jpg,2005-01-03,False,Kaamelott,8.5,208,2005
False,/w9FOfBEtb8iMWLulegu9ieWqPFp.jpg,"[18, 9648, 80, 10765]",3470,['US'],en,Masters of Horror,An anthology series written and directed by the most famous names in horror.,12.5338,/vgTy1Lfi5P1yD7ZvsuoPKYvxwzv.jpg,2005-10-28,False,Masters of Horror,7.14,318,2005
False,/pUqejexFekrdaXLVdDKUbJm52wT.jpg,"[10765, 18]",3486,['US'],en,Surface,"A marine biologist, an insurance salesman and a teenage boy find their lives changed when a new and often dangerous sea life species emerges, while the government tries to keep the affair under wraps.",9.0558,/ipFnYr4VpVKVOzKTPPtNEVImZaE.jpg,2005-09-19,False,Surface,7.071,140,2005
False,/2xTNftU1KPVLOhnSKRLZ1NwZl7K.jpg,"[35, 18, 9648, 10765]",4879,"['US', 'CO']",es,El Cuerpo del Deseo,El cuerpo del Deseo also known as Second Chance is a Spanish-language telenovela produced by Telemundo and Film in Florida. This limited-run series is about a man who comes back from the dead and discovers dark secrets about his beautiful widow. The first version of El cuerpo del Deseo was En Cuerpo Ajeno produced by RTI Colombia in 1992.This telenovela was aired in 25 countries around the world.,7.7885,/epD9q663aphzMXoxAo58zGu1oIc.jpg,2005-06-07,False,Second chance,7.609,519,2005
False,/bHnM5hCh6A3Yqn1nesrwBWdfXJl.jpg,"[10765, 9648, 18]",2940,['US'],en,Invasion,"In the aftermath of a hurricane the Florida Park Ranger and his family deal with strange occurrences, including luminescent creatures in the water. People in the town start to act different, who can you trust?",8.3922,/VGEGEkrvgk0nzFF3wiWonaJche.jpg,2005-09-21,False,Invasion,7.138,141,2005
False,/wLsU8iHaDqhB7lQUlynoiZlgqpy.jpg,[10765],9026,['US'],en,The Triangle,A shipping magnate hires four experts from various fields to investigate what happened to his ships that went missing in the Bermuda Triangle. The team discovers a threat that might unravel time itself and cause the world to end.,6.425,/l5qJgE7XAuh664RzP0D0cxRKvP8.jpg,2005-12-05,False,The Triangle,6.223,179,2005
False,/dMGgTq9rYHoPxMwQ48iYFSD9Zyn.jpg,"[10765, 18, 10759]",1441,['US'],en,Threshold,"Threshold was a science fiction drama television series that first aired on CBS in September 2005. Produced by Brannon Braga, David S. Goyer and David Heyman, the series focuses on a secret government project investigating the first contact with an extraterrestrial species.",5.7366,/y9e96lS10N5tbg6Yg3VI063pJry.jpg,2005-09-16,False,Threshold,7.012,86,2005
False,/sujktmeEojksf4tpJneU5QRyQcc.jpg,"[18, 9648, 10765]",6395,['RU'],ru,Мастер и Маргарита,"The Master and Margarita is a Russian television production of Telekanal Rossiya, based on the novel The Master and Margarita, written by Soviet writer Mikhail Bulgakov between 1928 and 1940. Vladimir Bortko directed this adaptation and was also its screenwriter.",3.6204,/fdHbRajsZmrs7TNmPF3NjjYCMaM.jpg,2005-12-19,False,The Master and Margarita,7.191,94,2005
False,/wxoj4musib568fnNtmJVovu1Ef.jpg,"[10765, 18]",12313,['CA'],en,Shadow Hunter,"A documentary series about the paranormal, hosted by Darryll Walsh, a ghost hunter, best-selling author and doctor of parapsychology.",2.2218,/hOTaiR2qRDZtHgR2Kwz7RcAVqA6.jpg,2005-12-08,False,Shadow Hunter,8.5,922,2005
False,/ky2GMhN0hT4HhS6npHMd1NL5tzF.jpg,"[18, 9648, 80, 10765]",116259,['MX'],es,Lo Que La Gente Cuenta,"The program focuses on horror and suspense stories, based on real events, only the names of the characters were changed and also a little of the story.",2.3145,/psQZmpJmGmvP0RDnMpGS5YAi4nK.jpg,2005-11-20,False,Lo Que La Gente Cuenta,7.842,177,2005
False,/zoetbPF7jYY0jjY5js3x6r1QjSW.jpg,"[10765, 18]",1639,['US'],en,Heroes,Common people discover that they have super powers. Their lives intertwine as a devastating event must be prevented.,51.4608,/lf0TcOkheYUZKpeh7c8lqJHNk5O.jpg,2006-09-25,False,Heroes,7.452,2616,2006
False,/8MQeyFsWrp2ILjbumtxrinmk7t4.jpg,"[10765, 35, 18]",4620,['US'],en,Eureka,"The sleepy Pacific Northwest town of Eureka is hiding a mysterious secret. The government has been relocating the world's geniuses and their families to this rustic town for years where innovation and chaos have lived hand in hand. U.S. Marshal Jack Carter stumbles upon this odd town after wrecking his car and becoming stranded there. When the denizens of the town unleash an unknown scientific creation, Carter jumps in to try to restore order and consequently learns of one of the country's best kept secrets.",23.5897,/f2l5hUk63hPqYTucnFy2HmElFV0.jpg,2006-07-18,False,Eureka,7.747,729,2006
False,/waQxGw44tKEsKcLOkAWJsxyz7Bf.jpg,"[18, 10751, 10765]",2260,['AU'],en,H2O: Just Add Water,H2O: Just Add Water revolves around three teenage girls facing everyday teen problems with an added twist: they cope with the burden of growing a giant fin and transforming into mermaids whenever they come in contact with water.,20.3447,/kHWkoxEarJjIXUenEnJFr0i2Drp.jpg,2006-07-07,False,H2O: Just Add Water,7.8,715,2006
False,/gpRM2AB4tjfUXxjaCZWnHLjiGmC.jpg,"[10765, 10759, 18]",424,['GB'],en,Torchwood,"The exploits of a team of people whose job is to investigate the unusual, the strange and the extraterrestrial.",19.6428,/bv7C5r7QyXGsaMxvU40FVY7SvrD.jpg,2006-10-22,False,Torchwood,7.3,576,2006
False,/gHZ0m4CVV64GROPLBy8iQOJy0Dr.jpg,"[10765, 18]",219,['US'],en,Kyle XY,"A suburban family that takes in a mysterious teen naive to the world around him. As Kyle begins to show signs of brilliance, solving the mystery of his origin and potential abilities becomes the family's mission.",14.5001,/4omwjf3HgGx4nZXcA0Avmd9bQny.jpg,2006-06-26,False,Kyle XY,7.043,397,2006
False,/tlN8MGKlGZmJqYpwoqCB5YwLqBx.jpg,"[80, 18, 9648, 10765]",2973,['GB'],en,Life on Mars,"A detective chief inspector from 2006 is investigating a serial killer when he is knocked over by a speeding car. Waking up, he finds himself mysteriously transported back in time to 1973. Initially struggling to come to terms with his situation, he has to come to terms with the old-fashioned technology and attitude of the day, while figuring out how he came to be trapped in the past.",8.9352,/eoZzXx2DW8XeaIS8iYs0ePxH3DG.jpg,2006-01-09,False,Life on Mars,7.759,317,2006
False,/1FiouT6ifmRmNQgbUaESMskZe8o.jpg,"[10765, 9648, 18]",4340,"['AU', 'US']",en,Nightmares & Dreamscapes: From the Stories of Stephen King,An anthology based on eight short stories by Stephen King in his 1993 collection of the same name.,6.0421,/30bZ3M79A3Lz2iwNmQnRpisylz1.jpg,2006-07-12,False,Nightmares & Dreamscapes: From the Stories of Stephen King,7.0,132,2006
False,/eF7DaPaNJyIs1cQQJ0ECIc7I11z.jpg,"[10759, 10765, 18, 9648]",4619,['US'],en,Blade: The Series,"Blade is a half-man, half-vampire who employs his extraordinary powers in a crusade to save mankind from the demonic creatures who walk the night. Set in Detroit, Blade investigates the vampire house of Chthon. Along the way he forms an uneasy alliance with Krista Starr, a former military veteran who becomes entrenched in the world of vampires while investigating the murder of her twin brother.",6.0546,/e3pnvrKkwgX3GKI0vzgQ0igFt0l.jpg,2006-06-28,False,Blade: The Series,6.414,87,2006
False,/ubrhkW1ihJHmqEKzQ4PgZxFCqhU.jpg,"[10765, 18, 10759]",4618,['US'],en,Day Break,"Today Detective Brett Hopper will be accused of shooting state attorney Alberto Garza. He will offer his rock solid alibi. He will realize he's been framed. And he will run. Then, he will wake up and start the day over again.",5.7082,/AbxBZCbDGGDyJiHOSBFEDWPLII8.jpg,2006-11-15,False,Day Break,7.417,102,2006
False,/jVshEAWP068E4tp4ewjIHFKB7Iz.jpg,"[9648, 10765]",3868,['US'],en,The Lost Room,"A detective investigates a mysterious motel room, which acts as a portal to an alternate universe.",5.2682,/ixfo1ysvboBxYehdDDC9D0T3Q33.jpg,2006-12-11,False,The Lost Room,7.757,510,2006
False,/6ZMURyaMoTCvoCQZYo6d6Oqu24b.jpg,"[10759, 10765]",9203,['US'],en,10.5: Apocalypse,"Deadly seismic activities that peaked with a 10.5 earthquake and devastated the West Coast have altered the core structure of the earth and now threaten to jeopardize North America and the Western hemisphere. In a desperate bid to save lives - and the country - President Hollister calls once again upon one of the nation's top seismologists, controversial scientist Dr. Samantha Hill and her supervisor and former boyfriend Dr. Jordan Fisher, to interpret the latest onslaught of quakes.",3.0393,/5J3LDmL2sA6PeY1yA7zsODv855C.jpg,2006-05-21,False,10.5: Apocalypse,5.75,82,2006
False,/7CVy5uTj3JNF8wqb2VnfQdjL07V.jpg,"[35, 10765, 10762]",3498,['US'],en,Wizards of Waverly Place,"Alex, Justin and Max Russo are not your ordinary kids - they're wizards in training! While their parents run the Waverly Sub Station, the siblings struggle to balance their ordinary lives while learning to master their extraordinary powers.",18.3938,/spVI8Zns4Ep30zzxcoO7f7nwfck.jpg,2007-10-12,False,Wizards of Waverly Place,8.6,1199,2007
False,/iPedkIT4fDPSxNBFFCdKzoXgHid.jpg,"[10765, 18]",9899,['US'],en,Saving Grace,"Grace Hanadarko is a tormented, fast-living Oklahoma City police detective who, despite having an excellent career in solving crimes, takes self-destruction to new heights. After seeing tremendous tragedy, both professionally and personally, Grace reaches a turning point one night and meets a rough-hewn angel with a similar past who wants to help lead her back to the right path.",14.5911,/kxasURRX1FHh1el6XYpSM2LGSVR.jpg,2007-07-23,False,Saving Grace,7.407,59,2007
False,/fQ8DrfzJbox8NECI0Ef13NqR0Zw.jpg,"[10765, 18, 35]",5107,['US'],en,Reaper,"21 year-old slacker Sam Oliver learns that his parents sold his soul to the devil before he was born, and now Sam has to repay the debt by becoming the Devil's bounty hunter, retrieving souls that have somehow escaped from Hell.",11.668,/sR0BOGjhMce5eRsSGh3CgGpAUL8.jpg,2007-09-25,False,Reaper,7.039,217,2007
False,/yRGZD3qdK49COaBFo0mxxJoLDzR.jpg,"[10765, 10759, 18]",10268,['GB'],en,Primeval,"When strange anomalies start to appear all over England, Professor Cutter and his team must track down and capture all sorts of dangerous prehistoric creatures from Earth's distant past and near future.",10.4471,/pjRhnncEnTT8T5YsLbTb0A4msuQ.jpg,2007-02-10,False,Primeval,7.449,343,2007
False,/pOL55kV8xkd6nGZ52s7nQyRov2B.jpg,"[18, 10765, 80]",5639,['US'],en,Pushing Daisies,"A pie-maker, with the power to bring dead people back to life, solves murder mysteries with his alive-again childhood sweetheart, a cynical private investigator, and a lovesick waitress.",12.4692,/oSRO8cGvve0pggPK9gHGItfl4j5.jpg,2007-10-03,False,Pushing Daisies,7.878,476,2007
False,/cBJDOCMFAV4Ls8nZLRRj424RgID.jpg,"[10759, 18, 10765, 10762]",203,['GB'],en,The Sarah Jane Adventures,"Sarah Jane Smith is a truly remarkable woman who inhabits a world of mystery, danger and wonder; a world where aliens are commonplace and the Earth is under constant threat. A world that Maria Jackson, a seemingly ordinary girl, can only dream of – until she moves in next door. Nothing will ever be ordinary again.",10.075,/hq0S1VtUabnORdp3l3m11OA67BP.jpg,2007-09-24,False,The Sarah Jane Adventures,7.1,116,2007
False,/9q096hngNt9jBJVM3hi9beNNK9E.jpg,"[9648, 80, 18, 10765]",5690,['US'],en,Moonlight,"Mick St. John is a captivating, charming and immortal private investigator from Los Angeles, who defies the traditional blood-sucking norms of his vampire tendencies by using his wit and powerful supernatural abilities to help the living.",8.7758,/3rWk9g0Oup5WHcrpjvw5zW1WhLc.jpg,2007-09-28,False,Moonlight,7.272,182,2007
False,/aVcchR91KUPU98JtWhnGcobnGgT.jpg,"[10765, 9648, 18, 10759]",4955,['US'],en,The Dresden Files,A Chicago-based wizard works as a private investigator.,5.7332,/rujRcP9fZAk7Sq0U8iDITOXouCW.jpg,2007-01-21,False,The Dresden Files,6.98,122,2007
False,/uQP0lW2cJkwnsZmxIWeqMt3iFSX.jpg,"[10759, 10765]",12584,['US'],en,Tin Man,"Small-town waitress DG is pulled into a magical realm called the Outer Zone, ruled by the tyrannical Azkadellia. Together with her companions Glitch, Raw and Cain, DG journeys to uncover her lost memories, find her true parents, and foil Azkadellia’s plot to trap the O.Z. in eternal darkness.",5.3487,/4OeV2fR2IxhLsILMfkh10oY6Ju2.jpg,2007-12-02,False,Tin Man,6.673,194,2007
False,/j8bgmZnM2clPYFOhVjvpHqp2qHq.jpg,"[18, 10765]",3184,['US'],en,Journeyman,"This mystery-drama revolves around a newspaper reporter named Dan Vasser who suddenly begins to travel through time to change the lives of those around him. When his travels reunite him with his long-lost fiancée Livia, life with his present-day wife gets very interesting.",4.4249,/wHFsNhZ0ISP6asuT9D4h1oF457T.jpg,2007-09-24,False,Journeyman,7.5,103,2007
False,/E8p0Vx3Y3Pn74lWK8fFE5saQ7Q.jpg,"[10759, 18, 10765]",1246,['US'],en,Bionic Woman,"Jaime Sommers is saved from death after receiving experimental medical implants. While adjusting to her new bionic powers and raising a rebellious younger sister, Jaime agrees to work for the Berkut Group, a quasi-governmental private organisation that performed her surgery.",4.8852,/lAJPZbL8x0HKtqQZLW1gfNFlPWc.jpg,2007-09-26,False,Bionic Woman,6.371,124,2007
False,/50qeGH15CzWNsxRZj0JIitrid22.jpg,"[10765, 10759]",6343,"['CA', 'US']",en,Painkiller Jane,"Painkiller Jane is an American-Canadian science fiction and action television series based on the comic book character of the same name. Airing on the Sci Fi Channel in the US starting April 13, 2007 and Global in Canada, it starred Kristanna Loken as the titular character. On August 15, 2007, it was canceled after one season of 22 episodes.",4.3967,/4fm2MBCpIqL3Be4TsFXNelIkbiw.jpg,2007-04-13,False,Painkiller Jane,6.0,53,2007
False,/3xj1szJbaQYi7fbQS8Yy13QHSHu.jpg,"[18, 10765]",3962,['US'],en,Masters of Science Fiction,"Masters of Science Fiction is an American television anthology series with each hour long episode taking the form of a separate short film adaptation of a story by a respected member of the science fiction community.

The show is hosted by physicist Stephen Hawking.",4.0382,/3CeeN7lPJ0TlRDf6GUXefblmja.jpg,2007-08-04,False,Masters of Science Fiction,6.2,53,2007
False,/rYlIRj9NA945UuYohw9jUbDEbts.jpg,"[10765, 18, 9648]",1705,['US'],en,Fringe,"FBI Special Agent Olivia Dunham, brilliant but formerly institutionalized scientist Walter Bishop and his scheming, reluctant son Peter uncover a deadly mystery involving a series of unbelievable events and realize they may be a part of a larger, more disturbing pattern that blurs the line between science fiction and technology.",57.1187,/sY9hg5dLJ93RJOyKEiu1nAtBRND.jpg,2008-09-09,False,Fringe,8.133,2859,2008
False,/nGhC6P0lgcrY57NRB9nweu4nWaK.jpg,"[10765, 18, 9648]",10545,['US'],en,True Blood,"Thanks to a Japanese scientist's invention of synthetic blood, vampires have progressed overnight from legendary monsters to fellow citizens. And while humans have been safely removed from the menu, many remain apprehensive about these creatures ""coming out of the coffin."" Religious leaders, government officials, and vampire fundamentalists around the world have chosen their sides.  But in the small Louisiana town of Bon Temps, the jury is still out.",40.5265,/ktEp6fzL4xzCWsSVtrcH8JaQNQy.jpg,2008-09-07,False,True Blood,7.617,2107,2008
False,/tt1fr3oW9MDDCHNJWyBpf2VbsO2.jpg,"[10759, 18, 10765]",7225,['GB'],en,Merlin,"The unlikely friendship between Merlin, a young man gifted with extraordinary magical powers, and Prince Arthur, heir to the crown of Camelot.",23.336,/8eR5Jg7CxsuCOEBU5wW0opObxpi.jpg,2008-09-20,False,Merlin,7.828,1168,2008
False,/dyJVcCJnONxLlFpTVwUE2gA12FX.jpg,"[10765, 18, 10759]",433,['US'],en,Terminator: The Sarah Connor Chronicles,"The series picks up four years after the events of Terminator 2: Judgment Day with John and Sarah Connor trying to stay under-the-radar from the government, as they plot to destroy the computer network, Skynet, in hopes of preventing Armageddon.",19.3685,/vkMRWrVrNeX42ruRV5Q15mlBACG.jpg,2008-01-13,False,Terminator: The Sarah Connor Chronicles,7.475,1018,2008
False,/gTyZ24A6H4YgdYzmJ2VWoYoGTzs.jpg,"[10759, 10765]",1310,['US'],en,Sanctuary,"The adventures of the beautiful, enigmatic and always surprising Dr. Helen Magnus, a brilliant scientist who holds the secrets of a clandestine population called Abnormals—a group of strange and sometimes terrifying beings that hide among humans. Magnus seeks to protect this threatened phenomena as well as unlock the mysteries behind their existence.",15.7616,/7KIBYETkRSfHNsfWAWAt7uq7oGm.jpg,2008-10-03,False,Sanctuary,7.254,303,2008
False,/4XKzTeqiZOvmvs8iSh6GK4l3Hii.jpg,"[10765, 10759, 18]",7704,['US'],en,Legend of the Seeker,"The adventures of woodsman Richard Cypher, who discovers that he was born to fulfill a prophecy of becoming a guardian hero to oppressed people. With the help of a mysterious woman named Kahlan and a wise old wizard named Zedd, he must stop a ruthless and bloodthirsty tyrant from unleashing an ancient evil and enslaving the world.",16.4939,/ibclBUwEjsvfi8hpdO2i9jdOMUI.jpg,2008-11-01,False,Legend of the Seeker,7.463,363,2008
False,/jtZFNyJNHduP6dexhhcpdgLr1Oj.jpg,"[18, 9648, 80, 10765]",7525,['US'],en,Eleventh Hour,Dr. Jacob Hood is a brilliant biophysicist and special science advisor to the government who investigates scientific crises and oddities. His crusade is to protect the substance of science against those who would abuse and misuse scientific discoveries for their own gain.,10.8794,/qHZc6yDZsKrgD1feCMNnARez8Pu.jpg,2008-10-09,False,Eleventh Hour,6.6,58,2008
False,/zDMhlS46RQSJpwjsUVT0LNsIcWN.jpg,"[10765, 18]",1365,['US'],en,Eli Stone,"Many lawyers consider themselves prophets, but Eli Stone may be the real deal. Eli has built a successful career at a top law firm in San Francisco representing only the biggest and richest corporations that make a habit of screwing over the little guy. But after experiencing a series of odd hallucinations, Eli seeks to find a deeper meaning to life while trying not to lose his job and destroy his relationship with the bosses' daughter. When Eli discovers an aneurysm in his brain, he wonders if his condition is truly medical or if perhaps he now has a higher calling.",10.7063,/hWVuLjx3QPhpfTCePbB9nunIJt0.jpg,2008-01-31,False,Eli Stone,6.744,84,2008
False,/4VPsgDQGhHJjKKRI9uaKhWwGNOp.jpg,"[9648, 18, 10765]",3725,['US'],en,Life on Mars,"After a car crash, police detective Sam Tyler mysteriously finds himself transported back to 1973 and still working as a detective.",7.0189,/opP6O99cWRZ9tfdPaLsWefbcPRs.jpg,2008-10-09,False,Life on Mars,6.393,107,2008
False,/hwc6yz1XyYviF1T91GrtGsIaUyD.jpg,"[80, 10765, 10759, 18]",1180,['GB'],en,Ashes to Ashes,"Crime drama series featuring Life On Mars' DCI Gene Hunt. After being shot in 2008, DI Alex Drake lands in 1981, where she finds herself in familiar company.",6.5972,/ky35fNxJQkO9bCwB010pB4brTL3.jpg,2008-02-07,False,Ashes to Ashes,7.7,117,2008
False,/8L98xr6jp8wkYe8bBWxKpaIFCzp.jpg,"[10759, 10765, 35, 18]",5885,['GB'],en,The Colour of Magic,"As Rincewind involuntarily becomes a guide to the naive tourist Twoflower, they find themselves forced to flee the city of Ankh-Morpork to escape a terrible fire, and begin on a journey across the Disc. Unknown to them, their journey and fate is being decided by the Gods playing a board game the whole time.",6.4286,/bsjAjZChPTvZs9oTcuER41RChRe.jpg,2008-03-23,False,The Colour of Magic,6.749,193,2008
False,/9vypNFCSB7GWK6wfAbVml9pMVi9.jpg,"[10765, 18, 10759]",19997,['US'],en,The Andromeda Strain,"A U.S. satellite crash-lands near a small town in Utah, unleashing a deadly plague that kills virtually everyone except two survivors, who may provide clues to immunizing the population. As the military attempts to quarantine the area, a team of highly specialized scientists is assembled to find a cure and stop the spread of the alien pathogen, code-named Andromeda.",5.5756,/6sLbP198qk1czySbc6yE0RnHYY.jpg,2008-05-26,False,The Andromeda Strain,6.162,247,2008
False,/4Anwqij3fTDDwpkOvM5zUzjMY5.jpg,"[10765, 10762]",8203,['AU'],en,The Elephant Princess,"Alex Wilson thinks she is an average suburban girl living in Melbourne, until her 16th birthday when exotic visitor, Kuru, shows up in her backyard with a magical elephant, Anala. He informs her she is the heir to the throne of the magical kingdom of Manjipoor. With his help, the reluctant princess will master her magic powers and defend her royal inheritance against her devious cousin, Vashan, whilst balancing the pull of both worlds to find her true destiny.",4.6459,/o7cmIHA84UkkH1JTaqygPW9IsBb.jpg,2008-11-13,False,The Elephant Princess,7.2,69,2008
False,/p2cKCNICh6mwGSch8LmA4o5yUN9.jpg,"[18, 10765]",1144,[],en,New Amsterdam,"John Amsterdam is a New York homicide detective unlike any other. He is brilliant, mysterious, reckless, and immortal. In 1642 he saved a Native Indian girl during a massacre of her indigenous tribe. In return, the girl cast an ancient spell that conferred immortality upon him. Amsterdam will not age, she told him, until he finds his one true love.",5.1518,/iyhUIAQbGA1BysXbZhJm45JY2oi.jpg,2008-03-04,False,New Amsterdam,7.123,81,2008
False,/fJa29nluTKy4qOc5kyyGZfCuDDc.jpg,"[35, 18, 10765]",5739,['US'],en,Dr. Horrible's Sing-Along Blog,"Aspiring super-villain Dr. Horrible wants to join the Evil League of Evil and win the girl of his dreams, but his nemesis, Captain Hammer, stops him at every turn.",4.5542,/wPXpC4AJHlwnVk5AtlBgsd0497c.jpg,2008-07-15,False,Dr. Horrible's Sing-Along Blog,7.602,562,2008
False,/weGZnTTwTESZvKx6EZU6myuRL9f.jpg,"[18, 10765]",7831,['GB'],en,Dead Set,"Zombies are rampaging throughout Britain. Blissfully unaware of gory events outside, the Big Brother housemates are in for the ultimate eviction night...",4.29,/wks5MzDsW5zg5KrQz0JCcefDNeM.jpg,2008-10-27,False,Dead Set,7.193,335,2008
False,/rulrZar942TxA7vn6OPjOEd7clR.jpg,"[10765, 18]",7485,['GB'],en,Survivors,"When a deadly virus wipes out most of the world's population, a handful of survivors struggle to stay alive.",3.4396,/qw1veNeQzzN0FD2DJyemxO7hPPE.jpg,2008-11-23,False,Survivors,7.069,109,2008
False,/pSQdbgTnFaBonBRqnZrmoXOFWE2.jpg,"[10765, 35, 18]",15129,['GB'],en,Lost in Austen,"Lost in Austen is a four-part 2008 British miniseries written by Guy Andrews, that reimagines Jane Austen's Pride and Prejudice, where a contemporary London woman, Amanda Price, swaps places with Elizabeth Bennet, finding herself in the novel's 19th-century society and disrupting the classic story. In order to get back to her own time, Amanda must set the plot right.",2.8143,/kVGzIXP9WYhrFnhomA4bIkLab6S.jpg,2008-09-03,False,Lost in Austen,7.097,98,2008
False,/cJYLon9ejKJV7ua03ab8Tj9u067.jpg,"[18, 10765]",18165,['US'],en,The Vampire Diaries,"The story of two vampire brothers obsessed with the same girl, who bears a striking resemblance to the beautiful but ruthless vampire they knew and loved in 1864.",90.4287,/b3vl6wV1W8PBezFfntKTrhrehCY.jpg,2009-09-10,False,The Vampire Diaries,8.301,9698,2009
False,/fhmpYAxnF17CRWRcAWSeDRPWJi5.jpg,"[10765, 35, 10759, 18]",15819,['US'],en,Warehouse 13,"After saving the life of the President, two secret service agents - Myka Bering and Pete Lattimer - find themselves assigned to the top secret Warehouse 13. The Warehouse is a massive, top secret facility that houses dangerous and fantastical objects. Together, Pete and Myka along with fellow agents Claudia, Steve Jinks and Warehouse caretaker Artie, must recover artifacts from around the globe before they can cause catastrophic damage.",28.7547,/2AIi7giGzw4Jt709FaL8gOe9GQu.jpg,2009-07-07,False,Warehouse 13,7.682,773,2009
False,/y5oDHhdNng3ff3KQzcX6qpzBuMU.jpg,"[10765, 18, 35]",31295,['GB'],en,Misfits,"When five young outsiders on Community Service get caught in a strange storm, they discover that they have developed superpowers.",19.7366,/pkGPHO7WxViedkOm6Xy1aWSS36l.jpg,2009-11-12,False,Misfits,7.594,1042,2009
False,/tK8eRUWVY8AVdDUPUxSzrmlLb0R.jpg,"[10765, 10759, 18]",5148,['US'],en,Stargate Universe,"The adventures of a present-day, multinational exploration team traveling on the Ancient spaceship Destiny many billions of light years distant from the Milky Way Galaxy. They evacuated there and are now trying to figure out a way to return to Earth, while simultaneously trying to explore and to survive in their unknown area of the universe.",17.391,/dHOaOZGUhnoRXeK9mhYeSRPh59H.jpg,2009-10-02,False,Stargate Universe,7.423,802,2009
False,/7xXV6dt9BW11aoEJw48cQZy17QP.jpg,"[10759, 18, 10765]",14956,['US'],en,Dollhouse,"Echo is a member of a highly illegal and underground group of individuals whose personalities have been wiped clean so they can be imprinted with any number of new personas. Confined between missions to a secret facility known as the Dollhouse, the ""Actives"" are hired by the wealthy, powerful and connected to wholly become—with mind, personality and physiology—whomever the client wants or needs them to be. They know no other life than the specific engagements they are in at that time—or do they?",18.5196,/oq5WPzUn7R0YcIk7QGwpXqvgSWO.jpg,2009-02-13,False,Dollhouse,7.228,505,2009
False,/A4eWZ3lbbouRScudg7bwZBSFOk6.jpg,"[10765, 18]",21494,"['US', 'CA']",en,V,"A re-imagining of the 1980s miniseries about the world's first encounter with an alien race in which the aliens call themselves The Visitors, and have a seemingly friendly agenda that may or may not be a cover for something more malevolent.",13.8635,/u8NNr2hv6qitXOVF2PvJDzQEaFu.jpg,2009-11-03,False,V,6.789,824,2009
False,/pX0YNhgplZW4zCcA4jDVrr2wBiM.jpg,"[10765, 18]",19092,['US'],en,FlashForward,"When the entire world blacks out for two minutes and seventeen seconds, everyone sees a flash of their own future 6 months from the present. For some, the future is hopeful, while for others, it is unexpected. For a few, it doesn't seem to exist. Knowing their fate will alter each person's life, destinies will be changed.",13.1151,/7iu2HJ8ZSNbBgFLi42JNcuPjBax.jpg,2009-09-24,False,FlashForward,7.022,547,2009
False,/yEooPSWqMM72xHh7HGwSAM8GpUc.jpg,"[10765, 18, 9648, 10759]",7087,['GB'],en,Being Human,"Deciding to turn over a new leaf, a group of friends who also happen to be vampires and werewolves move into a house together, only to find that it is haunted by ghosts of people who have been killed under mysterious circumstances. As they deal with the challenges of being supernatural creatures, their desire to be human bonds them.",9.5208,/rlDefnxVHcXwwm2bxPHknNRl4l.jpg,2009-01-25,False,Being Human,7.105,234,2009
False,/5FN3RO7ZdQr2NoT3BfNUXmnHaUZ.jpg,"[10765, 18, 35]",8459,['CA'],en,Being Erica,"Erica Strange has tons of regrets in her young life - so many she's started a list. But when she shares her list with her therapist, he undertakes an unusual course of treatment: she is transported back in time and given the chance to make different decisions at pivotal moments in her life, based on her knowledge of the here and now.",8.2726,/51RMb62ig5q2VWG9BOQBtsHjxoN.jpg,2009-01-05,False,Being Erica,6.656,64,2009
False,/2IlFCAAfrOqrjVOqGpKeWa3K6BJ.jpg,"[10759, 18, 10762, 10765]",77238,"['US', 'JP']",en,Kamen Rider: Dragon Knight,"Kamen Rider: Dragon Knight is an American science fiction superhero television series that originally aired on The CW, as part of the CW4Kids programming block, from December 13, 2008 to December 26, 2009. It is an adaptation of the Japanese tokusatsu show Kamen Rider Ryuki and is the second installment in the Kamen Rider franchise to be adapted for American audiences after Saban's Masked Rider in 1995. The series was developed for television by Steve and Michael Wang and produced by Jimmy Sprague through Adness Entertainment.",4.722,/rDujM631spHzqxxQQVfQfaCfia3.jpg,2009-01-03,False,Kamen Rider: Dragon Knight,8.1,97,2009
False,/hdnC1YWTIoUTgG7SDWn0OOnDyzy.jpg,"[18, 10765]",31319,['US'],en,The Prisoner,"A man wakes up in a new place - a place he doesn't recognize, a place where people have numbers instead of names, a place called ""The Village"" where all traces of his former life are renounced as delusions.",4.6861,/f19crRpdTxW3gXuwRTKPjARyrKX.jpg,2009-11-15,False,The Prisoner,5.53,99,2009
False,/6m21SM3KFOD0gaSmaInN0lQNzqO.jpg,"[18, 9648, 10765]",8607,"['CA', 'US']",en,Defying Gravity,"In the very near future, a team of eight astronauts embarking on a six-year journey to explore Venus and other planets in the solar system, find their lives and destinies intertwined and carefully directed, not only by Mission Control officials on Earth, but also by an unseen force which is much closer and far more powerful.",3.7287,/cH8U50mHJ9JkhF5lJktHOvV30pP.jpg,2009-08-02,False,Defying Gravity,6.733,105,2009
False,/gf1ugzccXshWdKCM7lJ1Z2aaC8r.jpg,[10765],39796,"['AU', 'GB']",en,The Day of the Triffids,"After an unusual meteor shower leaves most of the human population blind, a merchant navy officer must find a way to conquer tall, aggressive plants which are feeding on people and animals.",4.0946,/yrUoqT8V7Nps1reYFNknXTAf84q.jpg,2009-12-28,False,The Day of the Triffids,5.903,150,2009
False,/kF0FNCBcmOaJ8ehMaBTCiXfHvlq.jpg,"[10759, 18, 10765]",31757,['US'],en,Meteor,"Following an unparalleled series of meteor fireballs plummeting toward Earth, a renowned scientist, his assistant, and an on-target conspiracy theorist race against time to expose a government cover-up, reveal the truth, and prevent a massive meteor from destroying the planet.",4.2662,/vOAHAb1FIAvSX30th3OHlYAUn4i.jpg,2009-07-12,False,Meteor,6.089,56,2009
False,/qfR4wMsqkBUu4LLtiQvtqAgL7zQ.jpg,"[10759, 10765, 18]",31756,"['US', 'DE']",en,Impact,"Impact is a mini-series about a meteor shower which eventually sends the moon on a collision course with Earth. The two-part mini-series premiered February 14 and 15, 2009 on the Canadian premium television channel Super Channel and was also shown on ABC on June 21 and 28, 2009 and on Alpha TV on September 2011 .",3.3673,/rXPMbXRcuTQe8T8iwpWa1bxZt62.jpg,2009-02-14,False,Impact,5.9,92,2009
False,/yeRVUpoWVTMlzgR4NPXdOUlGXIa.jpg,"[10765, 35]",33466,['CA'],en,Alice,"Alice Hamilton, a fiercely independent twenty-something, watches as her lover Jack Chase is kidnapped and driven into darkness. Desperate to find Jack, Alice puts her trust in a stranger who calls himself White Rabbit and suddenly finds herself on the other side of a looking glass.",3.5504,/tEPZpQQavPe2IizBRrSPdYXRkG9.jpg,2009-12-06,False,Alice,6.661,137,2009
False,/rAOjnEFTuNysY7bot8zonhImGMh.jpg,"[10759, 18, 10765]",1402,['US'],en,The Walking Dead,Sheriff's deputy Rick Grimes awakens from a coma to find a post-apocalyptic world dominated by flesh-eating zombies. He sets out to find his family and encounters many other survivors along the way.,124.5218,/aN29llVoCFtBTwDZFtqdD9d8dHb.jpg,2010-10-31,False,The Walking Dead,8.084,18037,2010
False,/vBk9KQW01pJJfn3wAL2MJgTMch1.jpg,"[99, 9648, 10765]",32608,['US'],en,Ancient Aliens,"Did intelligent beings from outer space visit Earth thousands of years ago? From the age of the dinosaurs to ancient Egypt, from early cave drawings to continued mass sightings in the US, each episode gives historic depth to the questions, speculations, provocative controversies, first-hand accounts and grounded theories surrounding this age old debate.",33.661,/6X2hftdC8y78SKMSgfzeUItqaVq.jpg,2010-04-20,False,Ancient Aliens,7.097,315,2010
False,/jg3iq5KFCVrYHVZrPLqznKW2Fz0.jpg,"[18, 10765, 9648]",33001,"['CA', 'US']",en,Haven,"FBI agent Audrey Parker arrives in the small town of Haven, Maine to solve a murder and soon discovers the town's many secrets—which also hold the key to unlocking the mysteries of her lost past.",23.3116,/aceumwROgphFLSyOXFfijaoSZJE.jpg,2010-07-09,False,Haven,7.514,517,2010
False,/9jlwGGx9zTkEV5mnuyQXDTUMCw3.jpg,"[10765, 18]",33852,['CA'],en,Lost Girl,"The gorgeous and charismatic Bo is a supernatural being called a succubus who feeds on the energy of humans, sometimes with fatal results. Refusing to embrace her supernatural clan and its rigid hierarchy, Bo is a renegade who takes up the fight for the underdog while searching for the truth about her own mysterious origins.",20.2398,/6eDCAW4jnyjtR0OwujK1JU2gu2u.jpg,2010-09-12,False,Lost Girl,7.7,451,2010
False,/1KUT5MsvWCKapd1TLVzf3xnpCev.jpg,"[18, 10765]",877,['US'],en,Caprica,"Set 58 years before Battlestar Galactica, Caprica follows two rival families - the Graystones and the Adamas - as they grow, compete, and thrive in the vibrant world of the peaceful 12 Colonies, living in a society close to our own. Entangled in the burgeoning technology of artificial intelligence and robotics that will eventually lead to the creation of the Cylons, the two houses go toe-to-toe, blending action with corporate conspiracy and sexual politics.",15.9877,/wGCdHYsx0aY5Z5236XTC6JQMpNn.jpg,2010-01-22,False,Caprica,6.916,409,2010
False,/dSj3UpkK3kf2haRqhK4nFNGxJzS.jpg,"[10751, 10759, 35, 10765]",31628,['US'],en,Pair of Kings,"Brady and Boomer, 16-year-old fraternal twins, are typical teens being raised by relatives  in Chicago.  But when the Royal Secretary to the Throne of the Island of Kinkou, arrives to inform the boys of their lineage, their lives change drastically.  Now, Brady and Boomer must relocate and claim the throne as joint Kings of the island.",9.6168,/k8OQOO5DWtBTgTtc1xoXxYSCy5O.jpg,2010-09-10,False,Pair of Kings,7.744,119,2010
False,/mWy8RbyTWASiz2irDESGILVkGJ4.jpg,"[18, 10765, 35]",32729,['US'],en,No Ordinary Family,"After their plane crashes into the Amazon River, each member of the Powell family starts to show signs of new, unique and distinct super powers.",8.0141,/2Hytyjin1oa8kwpPDTpRiEQvXpL.jpg,2010-09-28,False,No Ordinary Family,7.05,360,2010
False,/wy0Fmaa9uoqXLrVuXaxNipQMToy.jpg,"[10759, 18, 9648, 10765]",32730,['US'],en,The Event,"The Event is an emotional, high-octane conspiracy thriller that follows Sean Walker, an everyman who investigates the mysterious disappearance of his would-be fiancée Leila, and unwittingly begins to expose the biggest cover-up in U.S. history.",7.0923,/sdx0ibebbph6rNfB9cVqvjwlIWr.jpg,2010-09-20,False,The Event,6.421,242,2010
False,/y3Xl4Q67VPoppDazY63XDvjKwle.jpg,"[35, 18, 10765]",37636,['KR'],ko,시크릿 가든,"A wealthy young man and a poor stunt woman fall for each other, but when their souls swap they soon learn how different their two worlds are.",5.7699,/2G5m6cMGN5DR5GsGGdg9OcgNNlG.jpg,2010-11-13,False,Secret Garden,7.5,141,2010
False,/kcnJEY4n9B5HME3wgp6LGxQPeQ7.jpg,"[9648, 10766, 10765, 18]",32786,['US'],es,El fantasma de Elena,"El fantasma de Elena is a Spanish-language telenovela produced by the United States-based television network Telemundo. The first season comprised 117 episodes transmitted in the USA from July 20, 2010 to January 7, 2011. As with most of its other soap operas, the network broadcast English subtitles as closed captions on CC3.

It stars Elizabeth Gutiérrez and Segundo Cernadas as protagonists and Ana Layevska as the main antagonist in a double role.

It has had different titles. When the original story was changed after just 30 episodes, the novela was renamed ""Elena contra Elena"". Two weeks later, the script was taken to a new direction again and its title was changed to ""La venganza de Elena"". Finally, the novela was named ""El desafío de Elena"" just after 20 episodes. After the 60th episode, the novela was renamed back to its original name ""El fantasma de Elena"".",4.9572,/yz4W14jAX3aXlEVNtAFcyZu5Zdh.jpg,2010-07-20,False,Elena's Ghost,6.8,59,2010
False,/uzEyi1Fo5UWgqP2MMFQZZjLWb7V.jpg,"[18, 9648, 10765]",32552,['US'],en,The Gates,"Like most families that settle inside The Gates, the Monahans are unmoored from a complicated life they abandoned in Chicago. There's something very different about this place, almost... haunting. Named the new police chief of The Gates, Nick Monahan is about to be tangled up in a mystery where he will begin to piece together the dark truth about their new home, and the supernatural elements that lurk behind the shadows of The Gates.",4.2643,/23cbKVCDdzufFYxmlUIQcHZzwv4.jpg,2010-06-20,False,The Gates,6.284,88,2010
False,/oMgRyddjdo4UzzXmgFZpy9GVs4N.jpg,"[35, 10765]",7171,['GB'],en,Going Postal,"Moist von Lipwig is a con-man with a particular talent-- he is utterly unremarkable. When his execution is stayed in Terry Pratchett's remarkable Discworld, he must work off his debt to society as the land's head Postman. Things are not always as they seem, and soon Lipwig is delivering mail for his very life!",3.6023,/i03NYQoPmw40fodRPkSFt7nrot9.jpg,2010-05-30,False,Going Postal,7.191,212,2010
False,/aHzbGXRz9xqgWsKineO7Ik30Vpu.jpg,"[10765, 10751, 35, 18, 10762]",38949,"['AU', 'SG', 'DE']",en,A gURLs wURLd,"A gURLs wURLd, also known as Emma's Chatroom and Cyber Girls, is an Australian children's television series, co-produced by Screen Australia, Southern Star Entertainment, Southern Star Singapore, the Media Development Authority of Singapore, NDR, the German Norddeutscher Rundfunk and TV Plus Production. It first aired on the Nine Network on 2 July 2011. There are 26 half hour episodes in the series.",2.5354,/5ey78XIsgflQcWszs4vnjnxtsha.jpg,2010-11-18,False,A gURLs wURLd,8.117,64,2010
False,/2OMB0ynKlyIenMJWI2Dy9IWT4c.jpg,"[10765, 18, 10759]",1399,['US'],en,Game of Thrones,"Seven noble families fight for control of the mythical land of Westeros. Friction between the houses leads to full-scale war. All while a very ancient evil awakens in the farthest north. Amidst the war, a neglected military order of misfits, the Night's Watch, is all that stands between the realms of men and icy horrors beyond.",177.1107,/1XS1oqL89opfnbLl8WnZY1O1uJx.jpg,2011-04-17,False,Game of Thrones,8.468,27411,2011
False,/1UkDX6CK8hJ0oUtUycDTp5Vh9wO.jpg,"[18, 10759, 80, 10765]",1411,['US'],en,Person of Interest,"John Reese, former CIA paramilitary operative, is presumed dead and teams up with reclusive billionaire Finch to prevent violent crimes in New York City by initiating their own type of justice. With the special training that Reese has had in Covert Operations and Finch's genius software inventing mind, the two are a perfect match for the job that they have to complete. With the help of surveillance equipment, they work ""outside the law"" and get the right criminal behind bars. ",85.6423,/f8aIvYk5h7Z8EP3dinCmVgQFYow.jpg,2011-09-22,False,Person of Interest,8.093,2108,2011
False,/6fQSEUfV3eDUS5AGhwJK8CAWt0b.jpg,"[18, 9648, 10765]",1413,['US'],en,American Horror Story,"An anthology horror drama series centering on different characters and locations, including a house with a murderous past, an asylum, a witch coven, a freak show, a hotel, a farmhouse in Roanoke, a cult, the apocalypse and a summer camp.",83.4675,/x2c3AvZeTyNehRZXabTojAxfDuR.jpg,2011-10-05,False,American Horror Story,8.076,6117,2011
False,/oS3nip9GGsx5A7vWp8A1cazqJlF.jpg,"[18, 9648, 10765]",39351,['US'],en,Grimm,"After Portland homicide detective Nick Burkhardt discovers he's descended from an elite line of criminal profilers known as ""Grimms,"" he increasingly finds his responsibilities as a detective at odds with his new responsibilities as a Grimm.",67.1222,/iOptnt1QHi6bIHmOq6adnZTV0bU.jpg,2011-10-28,False,Grimm,8.266,3595,2011
False,/dg3OindVAGZBjlT3xYKqIAdukPL.jpg,"[10765, 18, 9648]",42009,['GB'],en,Black Mirror,"Twisted tales run wild in this mind-bending anthology series that reveals humanity's worst traits, greatest innovations and more.",63.7704,/seN6rRfN0I6n8iDXjlSMk1QjNcq.jpg,2011-12-04,False,Black Mirror,8.288,6365,2011
False,/1F2RnXLc0fmRt7iWfBK4mNVsjno.jpg,"[10765, 18, 35]",34524,['US'],en,Teen Wolf,"Scott McCall, a high school student living in the town of Beacon Hills has his life drastically changed when he's bitten by a werewolf, becoming one himself. He must henceforth learn to balance his problematic new identity with his day-to-day teenage life. The following characters are instrumental to his struggle: Stiles, his best friend; Allison, his love interest who comes from a family of werewolf hunters; and Derek, a mysterious werewolf with a dark past. Throughout the series, he strives to keep his loved ones safe while maintaining normal relationships with them.",56.9231,/wjKBTcNy1xihmExqJI8kM2qvavP.jpg,2011-06-05,False,Teen Wolf,8.4,4770,2011
False,/nSJvwZziYaGMbftSDQqQ5GIb47a.jpg,"[18, 10765]",39272,['US'],en,Once Upon a Time,"There is a town in Maine where every story book character you've ever known is trapped between two worlds, victims of a powerful curse. Only one knows the truth and only one can break the spell.",52.7222,/u95scYysMZvBoekSLmMNJjeqXcY.jpg,2011-10-23,False,Once Upon a Time,7.4,2506,2011
False,/lUincM93AWXWQbq0Y3PIKu10HEL.jpg,"[10759, 10765, 18]",34967,['US'],en,Falling Skies,"Falling Skies opens in the chaotic aftermath of an alien attack that has left most of the world completely incapacitated. In the six months since the initial invasion, the few survivors have banded together outside major cities to begin the difficult task of fighting back. Each day is a test of survival as citizen soldiers work to protect the people in their care while also engaging in an insurgency campaign against the occupying alien force.",26.5616,/uP6p0aWcIpYwA0HjY4bYR4naz5g.jpg,2011-06-19,False,Falling Skies,7.119,1362,2011
False,/iIsRu2x3gTLoH26DGs9gpvrvqPg.jpg,"[10765, 18]",33958,"['US', 'GB', 'CA']",en,Camelot,"With King Uther's sudden death, chaos threatens to engulf Britain. The sorcerer Merlin has visions of a dark future and installs young and impetuous Arthur, Uther's unknown son and heir raised as a commoner, as the new king. The two install themselves in Castle Camelot with their allies, which include Arthur's biological mother, his foster brother, and a quartet of loyal warriors. From Camelot, Arthur tries to build a new and better Britain, where people can live in peace.

Meanwhile, Arthur's cold half-sister Morgan plots to take the crown from him. Banished by Uther, who was responsible for her mother's murder to put Arthur's mother on the throne, Morgan is responsible for Uther's death and wants to rule as his successor. Aided by her loyal maid Vivian and the devious nun Sybil, Morgan takes up residence in Castle Pendragon, from where she schemes against Arthur.",11.8628,/kT4yBlYjB0Cm6Qp9bwkjXrFPU1v.jpg,2011-02-25,False,Camelot,6.324,199,2011
False,/62PjKg1YWiy7FlAmfEO5xrOqzCZ.jpg,"[18, 10765]",32022,"['CA', 'US']",en,Being Human,"Three paranormal roommates, a ghost, a vampire, and a werewolf, struggle to keep their dark secrets from the world, while helping each other navigate the complexities of living double lives.",11.9789,/d52U5AqwdZcTCq8QuRfxRP4G3kc.jpg,2011-01-17,False,Being Human,6.985,198,2011
False,/mLllZDfbpfPn78BT6ip7MNuC6oA.jpg,"[10765, 18, 10759]",39362,['US'],en,Alphas,"Five ordinary people with superhuman physical and mental abilities are brought together to form one extraordinary team of Alphas. Operating within the U.S. Department of Defense, the team investigates cases that point to others with Alpha abilities.",11.11,/1k2AG40UCvBGZTg6Kicsz1c9QSu.jpg,2011-07-11,False,Alphas,6.798,346,2011
False,/aEQEIXDmjd9otezUu64VFmpO51K.jpg,"[10751, 35, 18, 10765]",40417,['TR'],tr,Leyla ile Mecnun,"Leyla ile Mecnun is a Turkish television comedy series. The show is set in Istanbul, Turkey and premiered in 2011 on TRT. The series is a surreal and absurd comedy that revolves around the fictional love story between Leyla and Mecnun.",9.3497,/3jPLJJXbFabb29mOxZOK0xctcy6.jpg,2011-02-09,False,Leyla and Mecnun,8.1,126,2011
False,/sCyzwACda02TQuaUKhk67ccUm2S.jpg,"[10751, 9648, 10765]",35016,"['BE', 'US', 'GB']",en,House of Anubis,"Strange things are happening at an English boarding school called House of Anubis. Popular student Joy goes missing, the school's cranky caretaker has a creepy stuffed crow and the school's attic may be haunted. When recent American transplant Nina gets thrust into the school during this time, she decides to investigate along with her new friend, Fabian, and housemates.",12.0375,/pPscd9KcpHyYeedABN37KO8s2GJ.jpg,2011-01-01,False,House of Anubis,8.161,285,2011
False,/3kz0Hp1sO7JnHFX8BzTokdxTuwY.jpg,"[10765, 9648, 10759]",32754,['US'],en,Terra Nova,"In the year 2149, the world is dying. The planet is overdeveloped and overcrowded, with the majority of plant and animal life extinct. The future of mankind is in jeopardy, and its only hope for survival is in the distant past. An ordinary family goes on an extraordinary journey back in time to prehistoric Earth as a part of a massive expedition to save the human race.",8.1404,/y8dFONeUSXhMHiFecqFoaGI7S6y.jpg,2011-09-26,False,Terra Nova,6.75,897,2011
False,/hzkX0Mujeika5hBQGxFd8anFEB2.jpg,"[35, 10759, 10765, 9648, 10762, 10751]",39518,"['CA', 'US']",en,My Babysitter's a Vampire,"Ethan, Benny and fledgling vampire Sarah battle zombies, demons and the other supernatural beasties that regularly threaten their school.",7.8288,/bBH0zyyMblIecCWgc4zDGT5KaNA.jpg,2011-06-27,False,My Babysitter's a Vampire,8.1,360,2011
False,/lYD41UqeRJohZ2nJnpwpSQJiCcj.jpg,"[18, 10765]",37664,['US'],en,The Secret Circle,"After her mother dies in a fire, Cassie Blake moves in with her grandmother in the small town of Chance Harbor, Washington. As she gets to know her high school classmates, strange and frightening things begin to happen. They are all descended from powerful witches, and they've been waiting for Cassie to join them and complete a new generation of the Secret Circle. What they don't yet know is that darker powers are at play and that Cassie's mother's death might not have been an accident.",7.1667,/3MwvNMhD9xpf1exlSfWgVm4sOF5.jpg,2011-09-15,False,The Secret Circle,7.3,366,2011
False,/ywI0yjDFKzY1bKahh0Z316a02Wt.jpg,"[10759, 10765]",61579,"['CA', 'US']",en,Mortal Kombat: Legacy,"The first season of Mortal Kombat Legacy is a prequel to the original game, explaining the background stories of several characters from the series and demonstrating their reasons for participating in the upcoming tenth Mortal Kombat tournament on which the first game was based.",7.1545,/1qeEg8XOPWp5V4v1zlcdbnFNl7n.jpg,2011-04-12,False,Mortal Kombat: Legacy,6.976,126,2011
False,/biVRAHPK5xpenVatukmWbAErY1S.jpg,"[10765, 9648, 99]",40919,['US'],en,Paranormal Witness,"A tense, filmic and high-octane drama-documentary series that brings to life the stories of people who have lived through paranormal experiences that defy explanation. Using a mixture of intimate first-hand testimony and grittily realistic drama, the audience is transported into a world turned upside down by extraordinary and terrifying events.",4.9697,/NKIoLkRkP8uygZrUJeglYEKyIV.jpg,2011-09-07,False,Paranormal Witness,7.463,107,2011
False,/zdjB4jiF6ECxI8O1IaPcKAFwzh1.jpg,"[35, 10765]",40245,['US'],en,Death Valley,"A year ago, vampires, werewolves and zombies mysteriously descended upon the streets of California's San Fernando Valley. The Undead Task Force (UTF) was created to combat the emergence of monsters.",5.2045,/fPKQ4dWFMfjLOBQsHyebaWkfWyh.jpg,2011-08-29,False,Death Valley,7.035,113,2011
False,/d5RNBKJzGhzTYxxGCgYtfqm4ZmO.jpg,"[18, 10765]",38861,['KR'],ko,49일,"After an accident shatters her storybook life, a comatose woman gets a second chance at life when a reaper from above intervenes, at a cost.",4.0686,/wBwDrV7HFK0SNhwTyYaBVn5OiIz.jpg,2011-03-16,False,49 Days,8.063,88,2011
False,/1BkslCC7h1KQDMdJf9MEwTxmeFd.jpg,"[10759, 18, 10765]",37646,['US'],en,The Nine Lives of Chloe King,"Chloe King is looking forward to celebrating her birthday with her friends and single mother, just like every other year... that is until she starts developing heightened abilities and discovers she's being pursued by a mysterious figure. Chloe soon learns she's part of an ancient race which has been hunted by human assassins for millennia —and that she may be their only hope for ultimate survival.",4.1577,/5dbVI8Cwf0HwDmPCjsw36ZgBXNq.jpg,2011-06-14,False,The Nine Lives of Chloe King,7.298,104,2011
False,/2rOmtxDGfVhPbIGogeH1Fllso3j.jpg,"[10765, 10759]",43720,['US'],en,Neverland,"Raised on the streets of turn-of-the century London, orphaned Peter and his pals survive by their fearless wits as cunning young pickpockets. Now, they've been rounded up by their mentor Jimmy Hook to snatch a priceless—some believe, magical—treasure which transports them to Neverland.",3.3843,/6XKjKNL9DsI8d1b9wCdetVGGqGR.jpg,2011-12-04,False,Neverland,6.1,212,2011
False,/rB7DzIP7KgRkb8xrZed4m9lTiog.jpg,"[18, 10765]",41211,['GB'],en,The Fades,"Seventeen-year old Paul can see the spirits of the dead. When one of these restless spirits crosses back into the living world, he is forced into a fight to prevent the apocalypse.",3.2303,/6YEXq1g6QQ3k5rEaeocMNk3eGcF.jpg,2011-09-21,False,The Fades,7.226,93,2011
False,/5H7zm5hpI25oERf2E1sB4n8AqGm.jpg,"[18, 10765]",34438,['GB'],en,Outcasts,"Seeking the chance to build a better future, a group of courageous pioneers departs Earth for Carpathia, a newly discovered planet in a distant galaxy. Led by President Richard Tate and his core team of Stella, Cass and Fleur, the pioneers settle in the town of Forthaven, creating a society there alongside expeditionaries Mitchell and Jack. Having embraced all the challenges that come with forging a new beginning, the townspeople work hard to preserve what they've built on Carpathia, and even as they long for those left behind, there is optimism about the future. But while they try to learn from mistakes made on Earth, there is no avoiding the human pitfalls of love, greed, lust and loss.",2.584,/1QUfhOHzbLDhgOmedXH7gMC8ezK.jpg,2011-02-07,False,Outcasts,6.321,70,2011
False,/vNwCFyc5Y2Mrtu94L95KoZHKQ8y.jpg,"[10765, 10759, 18]",43020,['CA'],en,Continuum,"The series centers on the conflict between a group of rebels from the year 2077 who time-travel to Vancouver, BC, in 2012, and a police officer who accidentally accompanies them. In spite of being many years early, the rebel group decides to continue its violent campaign to stop corporations of the future from replacing governments, while the police officer endeavours to stop them without revealing to anyone that she and the rebels are from the future.",18.7873,/ckeF0gNdw9mvjiNEebNbeoKZcwt.jpg,2012-05-27,False,Continuum,7.463,950,2012
False,/qu7fEmeN0taTZj8R3L4MfbfoaHS.jpg,"[35, 10765, 10762]",38867,['US'],en,Lab Rats,"Leo is an ordinary teenager who has moved into a high-tech ""smart'' house with his mother, inventor stepfather and Eddy, the computer that runs the house. Leo's life becomes less ordinary when, one day, he discovers a secret underground lab that houses three experiments: superhuman teenagers. The trio -- Adam, the strong one, Bree, the fast one and Chase, the smart one -- convinces Leo and his parents to let them leave their lab and join Leo at school, where they try to fit in while having to manage their unpredictable bionic strengths. As Leo figures out a way to keep his new pals' bionic abilities a secret, they help him build self-confidence.",16.0883,/lcQMvn9ZptPd3dxn0a17viRfi7Y.jpg,2012-02-27,False,Lab Rats,8.063,175,2012
False,/2fzV1ptJCbZ4xvJZrOofmjeeS5X.jpg,"[10765, 18]",43097,['CA'],en,Saving Hope,"When Charlie Harris ends up in a coma, he leaves the Hope-Zion Hospital in chaos - and his fiancée and fellow surgeon, Alex Reid, in a state of shock. As the staff of Hope-Zion races to save lives, comatose Dr. Harris wanders the halls of Hope-Zee in ""spirit"" form, not sure if he's a ghost or a figment of his own imagination.",15.5702,/1OGQisCT1T5ChkzZVdFqhX4O1G.jpg,2012-06-07,False,Saving Hope,6.992,127,2012
False,/lq9Luf1EEFzFI6kA5kzrU7KwS7r.jpg,"[18, 10765]",44606,['US'],en,Beauty and the Beast,"Detective Catherine Chandler is a smart, no-nonsense homicide detective. When she was a teenager, she witnessed the murder of her mother at the hands of two gunmen and herself was saved by someone – or something. Years have passed and while investigating a murder, Catherine discovers a clue that leads her to Vincent Keller, who was reportedly killed in 2002. Catherine learns that Vincent is actually still alive and that it was he who saved her many years before. For mysterious reasons that have forced him to live outside of traditional society, Vincent has been in hiding for the past 10 years to guard his secret – when he is enraged, he becomes a terrifying beast, unable to control his super-strength and heightened senses.",14.0749,/6rZ2I1xRemLORb65spepVmsvnf7.jpg,2012-10-11,False,Beauty and the Beast,7.393,468,2012
False,/3lUiFkhZYVCgAA4icyRvUv3LztC.jpg,"[10765, 9648, 18]",39510,['US'],en,Touch,"Martin Bohm, a widower and single father, is haunted by an inability to connect to his autistic, mute 11-year-old son, Jake. Their relationship and their lives take an extraordinary turn when he discovers his gifted son has the ability to see things that no one else can and the patterns that connect seemingly unrelated events.",12.0542,/4qreaxQD4azrRuZWdevyjVAKt8V.jpg,2012-01-25,False,Touch,6.557,332,2012
False,/2wCN49piyT6El4TQZrMy3YGkI7l.jpg,"[10765, 18]",1410,['US'],en,Revolution,"One day, electricity just stopped working and the world was suddenly thrust back into the dark ages. Now, 15 years later, a young woman's life is dramatically changed when a local militia arrives and kills her father, who mysteriously—and unbeknownst to her—had something to do with the blackout. An unlikely group sets out off on a daring journey to find answers about the past in the hopes of reclaiming the future.",9.0934,/pNyg4V6kuDstSSxk6Q9GgaBn4B8.jpg,2012-09-17,False,Revolution,6.417,629,2012
False,/iJmm4Hla5ReAorvaAV7OPBF1SP9.jpg,"[35, 10765, 10751]",44586,['US'],en,The Neighbors,"When the Weavers move to a gated community in New Jersey, they discover that the entire neighborhood is comprised of aliens from the planet Zabvron. But as the Weavers and the aliens face the struggles of everyday life together, they discover that some things -- the ups and downs of marriage, the desire to be a good parent and raise a happy family -- are universal. Intergalactic, even.",7.6339,/byYckInWgH6fjSc6HVg2CZapeNK.jpg,2012-09-26,False,The Neighbors,6.244,84,2012
False,/bIoTx0qKFYG7oYcCveV9APAtmM0.jpg,"[18, 10765]",45579,['KR'],ko,해를 품은 달,"Years after she's assumed dead by the palace, a young noblewoman, now trained as a shaman, returns to court to reclaim her rightful position as queen.",7.2803,/zr6XJUtT61gWhWwjPIraY13SkAE.jpg,2012-01-04,False,The Moon Embracing the Sun,7.9,236,2012
False,/kn9eKTLbLzsw9OCwRpMumXM4i3W.jpg,"[18, 10765]",43058,['SE'],sv,Äkta människor,"Set in a parallel universe, Real Humans imagines a world where robots have become so human that they're barely distinguishable from real humans and follows the resulting emotional effects on two families as well as the trials of a group of robots who have attained free will and want their freedom from human ownership.",5.9942,/5T02n5d6aKRga9jlBaNrJTYS52p.jpg,2012-01-22,False,Real Humans,7.553,123,2012
False,/g64LG7nV1vpRPTmNxM1oTkf0pWq.jpg,"[9648, 10765, 18]",46616,['FR'],fr,Les Revenants,"In the shadow of an enormous hydraulic dam, the lives of the residents of a small French town are changed to their core when hundreds of previously dead relatives all return home on the same day.",5.9689,/x6B2UTMMU06GNzRgbDfaObuWFT6.jpg,2012-11-26,False,The Returned,7.437,300,2012
False,/5VGVGickRQ8Wo0szenx3drdCLMi.jpg,"[10765, 10759]",56295,['US'],en,Halo 4: Forward Unto Dawn,UNSC Cadet Thomas Lasky must conquer his inner fears and join forces with super-soldier John-117 to take down a massive faction of the Covenant.,6.1721,/4SkLtiW3TCsd2reJbuXSBemSV3X.jpg,2012-10-05,False,Halo 4: Forward Unto Dawn,7.0,810,2012
False,/sC9OILuFOlZon1XQFrSDBUlGLkI.jpg,"[10765, 18, 9648]",58956,['GB'],en,Wolfblood,"Being a teenager is hard enough. Being a Wolfblood teenager is ten times more complicated. 14 year old Maddy loves her abilities - heightened senses, being faster, stronger and more graceful - but hates the secrets that come with them.",5.5093,/rYFKm38ClVGVe6Bj3RUYf67Vc9E.jpg,2012-09-10,False,Wolfblood,8.0,254,2012
False,/nfR3mCHWE4zdi0ZbjcXeVjvAB18.jpg,"[18, 9648, 10765]",39361,['US'],en,Awake,"Michael lives in two separate realities after a car accident. In one reality, his wife Hannah survives the accident; in the other reality, his son Rex survives. Michael does not know which reality is ""real"", and uses the wristbands to differentiate the two. He sees two therapists: Dr. Jonathan Lee in the ""red reality"" and Dr. Judith Evans in the ""green reality"". At work, Michael's erratic behavior triggers clashes with his team; they do not know about Michael's uncanny ability to solve crimes using details from both realities.",4.4789,/piQ9vr0zqHM8Rg9IeJCtUtMadNZ.jpg,2012-03-01,False,Awake,7.07,200,2012
False,/iPrDdmnMJmcAOBpyN4t2CKypbVV.jpg,"[35, 18, 10765]",43152,['KR'],ko,옥탑방 왕세자,"Crown Prince Yi Gak finds that he has been transported from the Chosun Dynasty to modern-day Seoul. He meets Hong Se Na, who bears a striking resemblance to his dead wife, and is determined to solve the 300-year-old mystery of her death. With his own resemblance to the CEO’s grandson at the company where Se Na works, Gak assumes the identity of the young man to stay close to her. Can the Crown Prince navigate a modern corporation to find clues to his own time period?",4.3559,/2bHHzWAMPxIVv7e0FgTQDTYd1y5.jpg,2012-03-21,False,Rooftop Prince,7.51,50,2012
False,/b3MmsGiTvNOjSdhpdqzqdLJu0nt.jpg,"[10765, 18, 9648]",43188,['US'],en,666 Park Avenue,"What would you do to have everything you desire? Step inside 666 Park Avenue,  New York's most seductive address. We all have some burning needs,  desires and ambitions. For the residents of The Drake, the premier  apartment building on Manhattan's Upper East Side, these will all be met  – for a price – courtesy of the building's mysterious owner, Gavin  Doran. But be careful what you wish for, because the  price you have to pay is your soul.",3.549,/ogiB7HOq82NlQTMkqk8piIm5pSW.jpg,2012-09-30,False,666 Park Avenue,6.103,136,2012
False,/iJYjtzPNQgwdsRTPrPd4ONWZhYc.jpg,"[10759, 18, 9648, 10765]",39336,['US'],en,The River,"Wildlife expert and TV personality Emmet Cole sets course around the world with his wife, Tess, and son, Lincoln, while filming what would become one of the most popular shows in television. After he goes missing deep in the Amazon, his family, friends and crew set out on a mysterious and deadly journey to find him.",4.0297,/8gaGHgNLckAQMwGGFoHzCc92FGj.jpg,2012-02-07,False,The River,6.548,289,2012
False,/n9R9QqshUPVVHacPQyqe3Pt40ta.jpg,[10765],33240,"['US', 'CA']",en,Battlestar Galactica: Blood & Chrome,"The first Cylon war has been raging for 10 years and a young Ensign William Adama joins the fleet. He's disappointed not to be assigned to a fighter but to a freighter. His co-pilot, Lt. Coker Fasjovic, isn't too keen on having a rookie flying his aircraft as he has only a short time before he again becomes a civilian. Their cargo is a civilian scientist, Dr. Becca Kelly, but they no sooner leave than she has new orders for them and a new destination. She is less than forthcoming about just what her secret mission is but Adama is keen, particularly as it involves going into Cylon controlled space. Nothing is as it seems however.",3.2705,/fuHuvxnfcPXZauX1Pm7qwmc9k5L.jpg,2012-11-09,False,Battlestar Galactica: Blood & Chrome,6.649,208,2012
False,/9MEbYtPyOGeJc3BTbQyxkVMHtsZ.jpg,"[10765, 10759, 35]",61491,['US'],en,Video Game High School,"It's the near future: You're dead. Your kids are probably dead. Your grandkids (if they're alive) are playing video games. Why? Because professional gaming is the biggest sport on earth. Around the world, millions of players duke it out in fighters, RTS’s, First Person Shooters and more. To the victors go the spoils: glory, clan contracts and million dollar endorsements. The best young gamers are recruited by elite boarding schools to sharpen their skills. The best of the best go to VGHS: VIDEO GAME HIGH SCHOOL.",3.676,/bTmfH8JF8GISz4XrZvrwt5aXrF0.jpg,2012-05-11,False,Video Game High School,6.837,86,2012
False,/rA1YUuO6tDgbbMrrcrvTTZpO6LO.jpg,"[10759, 10765]",45658,"['BE', 'FR']",en,Metal Hurlant Chronicles,"Metal Hurlant Chronicles is inspired by the popular comics anthology Métal Hurlant, which in turn inspired the well known fantasy magazine Heavy Metal. Each episode takes place on a different planet - fantastical in its own way - with the common thread between stories being a traveling asteroid that impacts the lives of all it encounters.",3.6671,/m5GXXqXemWtinkIllv23Uia1VTM.jpg,2012-10-27,False,Metal Hurlant Chronicles,5.892,65,2012
False,,"[18, 9648, 10765]",37092,['US'],en,Coma,A young medical student discovers that something sinister is going on in her hospital after routine procedures send more than a few seemingly healthy patients into comas on the operating table.,3.4995,/sYzdFLCXOtJDZuMcdjR2SSwpYZA.jpg,2012-09-03,False,Coma,6.371,62,2012
False,/lBeLaL6WcIAxRqA972F2HH9zxcM.jpg,"[10765, 18]",43529,"['ZA', 'DE', 'GB']",en,Labyrinth,"Jumping back and forth between modern and medieval France, the lives of two women separated by centuries, are united in their search for an ancient artifact.",2.9732,/7ze6V3XYVBeQe3Y9opRw3Hbyhbh.jpg,2012-11-24,False,Labyrinth,5.462,78,2012
False,/woHi7yXYaiP4qHdfe6UxosS9Y1r.jpg,"[10759, 18, 10765]",41283,"['GB', 'CA']",en,Primeval: New World,"A North American spin-off of the hit U.K. television series, Primeval: New World follows a specialized team of animal experts and scientists that investigates the appearance of temporal anomalies and battles both prehistoric and futuristic creatures.",3.3694,/732SPoxEdZT1fEqJSL2b59Dn7Oa.jpg,2012-10-29,False,Primeval: New World,6.358,74,2012
False,/qphUmcQ2GPBN7jQCantjj87hA1v.jpg,"[10759, 35, 10765, 18]",38215,['GB'],en,Dirk Gently,Detective Dirk Gently operates based on the fundamental interconnectedness of all things.,2.7294,/nbliUzKVtuLpRIDapKOycoySqpX.jpg,2012-03-05,False,Dirk Gently,7.091,88,2012
False,/iWopHyAvuIDjGX10Yc3nn6UEebW.jpg,"[18, 10765, 10759]",1403,['US'],en,Marvel's Agents of S.H.I.E.L.D.,"Agent Phil Coulson of S.H.I.E.L.D. (Strategic Homeland Intervention, Enforcement and Logistics Division) puts together a team of agents to investigate the new, the strange and the unknown around the globe, protecting the ordinary from the extraordinary.",65.0523,/gHUCCMy1vvj58tzE3dZqeC9SXus.jpg,2013-09-24,False,Marvel's Agents of S.H.I.E.L.D.,7.484,3860,2013
False,/2OAoGOvysScieVhIazrWTXj2ESp.jpg,"[10765, 18, 9648]",46896,['US'],en,The Originals,"The Vampire Diaries spin-off that follows the Mikaelsons, a family of millennia-old, power-hungry vampires who want to reclaim the city they built, New Orleans, and dominate all those who have wronged them.",43.1658,/keJOhJXGiLL54EW6QocbyvQGquA.jpg,2013-10-03,False,The Originals,8.586,3619,2013
False,/cBmVnbc9KKhsdHCDJU2pibU5Pjs.jpg,"[18, 10765]",56296,"['US', 'CA']",en,Orphan Black,A streetwise hustler is pulled into a compelling conspiracy after witnessing the suicide of a girl who looks just like her.,20.5784,/tjFYkWMafg71sihs1aa7IDx17aS.jpg,2013-03-30,False,Orphan Black,7.811,1462,2013
False,/jHkeqXYUU4khZEig88AFLMUOmep.jpg,"[18, 9648, 10765]",50825,['US'],en,Sleepy Hollow,Ichabod Crane is resurrected and pulled two and a half centuries through time to unravel a mystery that dates all the way back to the founding fathers.,24.9303,/2RHj62XneYMCRPAyQrEIrKVij12.jpg,2013-09-16,False,Sleepy Hollow,7.419,1127,2013
False,/7Z4mwfQGoARtNxxQEPp5hKNclJi.jpg,"[10759, 35, 10751, 10765]",58981,['US'],en,The Thundermans,"Meet The Thundermans, a typical suburban family that happens to have astounding superpowers. At the center of the action are the 14-year-old Thunderman twins, who share the same bathroom, the same school, and the same annoying little siblings. Their only difference? The sister is a super student with a super sunny disposition who super looks forward to being a superhero someday, and her twin brother is a super villain.",20.4238,/1tIYEyjK1LLcX0jYK3ZouT7601o.jpg,2013-10-14,False,The Thundermans,8.011,605,2013
False,/qiDOjpLj2KGDwM5MGx9YZpOrBRX.jpg,"[18, 9648, 10765]",46331,['US'],en,Under the Dome,"A small town is suddenly and inexplicably sealed off from the rest of the world by an enormous transparent dome. While military forces, the government and the media positioned outside of this surrounding barrier attempt to break it down, a small group of people inside attempt to figure out what the dome is, where it came from, and when (and if) it will go away.",21.3345,/fwH0ePhd7m3swtCuFeubtR49ZTd.jpg,2013-06-24,False,Under the Dome,7.131,3915,2013
False,/fOycBFJr9nyBrnC5vk9cfGqg2e2.jpg,"[18, 10765]",51704,['US'],en,Defiance,"In the near future, planet Earth is permanently altered following the sudden—and tumultuous—arrival of seven unique alien races. In the boom-town of Defiance, the newly-formed civilization of humans and aliens must learn to co-exist peacefully.",15.1002,/4Xo2D2MX8v4FoHi70Y9jEghJGUI.jpg,2013-04-15,False,Defiance,6.779,560,2013
False,/tR0q8cwsiQxB7wkpkYBHy03NX6S.jpg,"[35, 10765, 18, 10759]",42025,['AU'],en,Mako: Island of Secrets,"Real-life mermaids, Sirena, Nixie and Lyla are part of a mermaid pod, which lives in the waters of Mako Island. As young members of the pod, it is their job to protect the Moon Pool and guard it from trespassers. But on the night of a full moon, the mischievous mermaid girls neglect their duties. Sixteen-year-old land-dweller Zac enters the Moon Pool and forms a special connection with Mako. Zac is given a fish-like tail and amazing powers. The mermaid pod is forced to leave Mako, leaving behind the three mermaid girls, cast out of the pod. They know there's only one way they will be allowed to rejoin the pod: They must get legs, venture onto land and take back Zac's powers – or risk being outcasts forever.",12.3578,/lTAoPEZx7gXxmd7pA0gUOJcQmTh.jpg,2013-07-26,False,Mako: Island of Secrets,7.6,629,2013
False,/bWvhXETphYBt0Mabfkz8e0lcul8.jpg,[10765],64570,['CO'],es,Chica Vampiro,"Daisy O'Brian is a normal girl who dreams of a singing career in musical comedy. Her parents are vampires, and per her family tradition, she must decide to become a vampire or not on her 16th birthday. On that day, Daisy decides to stay human to live next to her love, Max, who is her neighbor and classmate.

However, that same day, a fatal accident changes her life forever. The doctor says to her parents that she is not going to make it. So, her parents decide to bite Daisy, to save her, turning her into a vampire. This makes Vicente (her younger brother) the only mortal in the family. From that moment, Daisy leads a double life full of risks, where she must attend a human school, hiding her nature, and also go to vampire school and take classes for newly bitten vampires.",9.5491,/mWpTjJO99SMusPHdV12UuMwtoNc.jpg,2013-05-14,False,Vampire Girl,8.1,152,2013
False,/ngq0PKrjUyoVBmeMTbkM8FQoa2N.jpg,"[10765, 18]",60557,['US'],en,Witches of East End,"The adventures of Joanna Beauchamp and her two adult daughters Freya and Ingrid -- both of whom unknowingly are their family's next generation of witches -- who lead seemingly quiet, uneventful modern day lives in Long Island's secluded seaside town of East Haven. When Freya becomes engaged to a young, wealthy newcomer, a series of events forces Joanna to admit to her daughters they are, in fact, powerful and immortal witches.",9.2438,/jBWSp8hw8CNUFWxTCawXzAhu2Hj.jpg,2013-10-06,False,Witches of East End,7.305,256,2013
False,/tynEoLA2cYONcUSz2OrCU0wSp6K.jpg,"[9648, 18, 35, 10765, 10759]",46511,['GB'],en,Utopia,"The  Utopia Experiments is a legendary graphic novel shrouded in mystery.  When a group of strangers find themselves in possession of an original  manuscript, their lives suddenly and brutally implode.",7.4696,/snOU6W5CU7aGVSVu29wBWzdzNzi.jpg,2013-01-15,False,Utopia,7.938,689,2013
False,/bFyVNXkUPFgyb2G5ErjDTF4brKE.jpg,"[18, 10765]",48860,['US'],en,The Tomorrow People,"The story of several young people from around the world who represent the next stage in human evolution, possessing special powers, including the ability to teleport and communicate with each other telepathically. Together they work to defeat the forces of evil.",9.2586,/3EavFY6TuhDm4ERbDGrZ1oEqB57.jpg,2013-10-09,False,The Tomorrow People,6.921,372,2013
False,/xGNwizAT216Fe8h1D2zZv0OaicP.jpg,"[10759, 10765, 18, 9648]",54866,['AU'],en,Nowhere Boys,"Four teenage boys get lost in the forest and discover, when they return home, that they are in an alternate world identical to theirs except for one startling difference - they were never born.",7.5714,/c9E8xLyzhV9rUpdxbHp9wCWZCc8.jpg,2013-11-07,False,Nowhere Boys,6.835,79,2013
False,/dAb6XKP1Zcykbo6LCM9ibG8ktQj.jpg,"[18, 80, 10765, 10759]",51019,['US'],en,Almost Human,"The year is 2048. By mandate, every cop must partner with a robot. Detective John Kennex returns to work after waking up from a 17-month coma. As he adjusts to working with his new partner, Dorian, a discontinued android with unexpected emotional responses, John also must learn to get along with his new colleagues.",6.9855,/7KNvabIPtsfR01H1bJwc1sobRUM.jpg,2013-11-17,False,Almost Human,7.391,563,2013
False,/nMdyDnHiRpJ2sfqk3JfUb3CvME4.jpg,"[10759, 10765]",47054,['GB'],en,Atlantis,"A fantasy drama set in a world of legendary heroes and mythical creatures. Far from home and desperate for answers, Jason washes up on the shores of an ancient land. A mysterious place; a world of bull leaping, of snake haired goddesses and of palaces so vast it was said they were built by giants - this is the city of Atlantis. Aided by his two new friends, Pythagoras and Hercules, Jason embarks on a voyage of discovery, and salvation, which sees him brush shoulders with Medusa, come face to face with the Minotaur and even do battle with the dead.",7.8834,/bmdlBu7y0pZq3KZwtFFHzWPEsbP.jpg,2013-09-28,False,Atlantis,6.428,153,2013
False,/z37dAPmbFbkfNBUb0h1mVEl9V9X.jpg,"[35, 10762, 10765]",57961,['US'],en,Mighty Med,"When two comic book fanboys discover a secret hospital for superheroes, they're offered the job of a lifetime and get the chance to ""save the people who save people.""",7.7586,/hCUPAY96rZdKTiwMM2JRsTTtdk5.jpg,2013-10-07,False,Mighty Med,7.5,79,2013
False,/nWouM3r27oueJE09uumlHenSJp0.jpg,"[10765, 35, 18]",57646,['KR'],ko,주군의 태양,"Joo Joong-won is the arrogant, greedy CEO of Kingdom, a  conglomerate that includes a supermall and a hotel. ""Ghost whisperer”  Tae Gong-shil, is a misunderstood outcast who can't keep a  boyfriend or a job since a near death experience left her seeing needy  ghosts. She feels compelled to help them resolve their earthly issues so  they can move on to the afterlife... and he feels compelled to think  she's crazy. Soon their lives merge into a complicated web of hijinx,  misunderstandings, and... yes, love.",4.9997,/8dNQTTHAirWwCpQM85amONPcZSA.jpg,2013-08-07,False,Master's Sun,7.997,187,2013
False,/AoX5EadGgVigJIQPkGYkAV9M0hE.jpg,"[10765, 18]",57754,['US'],en,Once Upon a Time in Wonderland,"In Victorian England, the young and beautiful Alice tells a tale of a strange new land that exists on the other side of a rabbit hole. Thinking Alice insane, her doctors aim to make her forget everything. While Alice is ready to put it all behind her, she knows this world is real. In the nick of time, the Knave of Hearts and the White Rabbit save her from a doomed fate. Together, the trio tumble down the rabbit hole to Wonderland, where nothing is impossible.",4.8942,/p0Tq3A9CzvzjGWR3L7xBuqIAoJT.jpg,2013-10-10,False,Once Upon a Time in Wonderland,6.815,151,2013
False,/tljADTR9cvZSTBDN3GRo8WgjFIH.jpg,"[35, 18, 9648, 10765]",54477,['KR'],ko,너의 목소리가 들려,"Government tax lawyer Hye Sung meets Su Ha, who has the ability to read people's thoughts.",4.9761,/cx4XebEp17f2AoZrf6Tkj7Ya2YW.jpg,2013-06-05,False,I Hear Your Voice,8.1,92,2013
False,/4aQ7rHicbb3bfxir8QEvRaXUSc.jpg,"[18, 10765]",43964,['US'],en,Zero Hour,"As the publisher of Modern Skeptic Magazine, Hank Galliston has spent  his career following clues, debunking myths and cracking conspiracies.  But when his beautiful wife, Laila, is abducted from  her antique clock shop, Hank gets pulled into one of the most compelling  mysteries in human history, stretching around the world and back  centuries.",4.4208,/vRExY6DiLcDp4q4o8KJveDNmQwo.jpg,2013-02-14,False,Zero Hour,5.567,60,2013
False,/yeZWVJ8uLvzRZ9mz6yzDTjh5gqN.jpg,"[10759, 35, 10765, 18]",47179,['KR'],ko,구가의 서,"Choi Kang Chi is a half-beast and half-human and was adopted by a merchant Park Mu Sol when he was a infant. Kang Chi has a kind of unusual power. Dam Yeo Wool is the daughter of Dam Pyeong Joon who is the owner of the Invisible Knife Moo Kwan and also a patriotic warrior. Kang Chi and Yeo Wool meet and fall in love with each other. However, there is hatred between their fathers. Jo Gwan Woong is a traitor. He uses his power to frame faithful and upright individuals and obtain profit for himself. His criminal plots are destroyed by Kang Chi time and again. Therefore, he is determined to kill Kang Chi through different ways. Kang Chi is troubled by his identity but stands up for justice.",4.1796,/dCOWi2mioPOaTVxRRx2PgRns5bN.jpg,2013-04-08,False,Gu Family Book,6.798,52,2013
False,/6iEl04Zqcwf0HufpVF5C99D3V2K.jpg,"[18, 9648, 10765]",46958,['US'],en,Ravenswood,The town of Ravenswood has been suffering from a curse for generations. Five strangers suddenly feel connected by this fatal curse and feel the need to dig in the town's mysterious and horrible history before it's to late for each one of them.,4.3234,/iyHfTSDTSkj4sIGcFCaj2LcqAim.jpg,2013-10-22,False,Ravenswood,7.1,175,2013
False,/koYDhQHphFmebzWgyQRsezCK17t.jpg,"[18, 10765, 35, 80]",61602,['CO'],es,Cumbia Ninja,"In a major slum called La Colina, young idealist Hache and his friends will confront the drug dealers who control the neighborhood. They will succeed with the help of music, an old Chinese ninja master and a mythical character who also lives in La Colina. Simultaneously, Juana will find shelter there as she runs away from her family's assassins.",5.0957,/6SDqqVnWnVrOM6tQp1VGPpYNDl0.jpg,2013-09-05,False,Cumbia Ninja,8.285,321,2013
False,/qSRTZE5GVx6ji3Camk9FImxD2ug.jpg,"[35, 10759, 10765]",62131,['US'],en,Zombieland,Four survivors are killin' zombies and searching for a place to call home.,2.1849,/oSCpk8TPglfLLPsdynQqATehsi0.jpg,2013-04-19,False,Zombieland,6.0,70,2013
False,/yTUwiQLbr8gHDs8LuU28c8fBQFm.jpg,"[10759, 18, 10765]",60802,['US'],en,The Last Ship,"Their mission is simple: Find a cure. Stop the virus. Save the world. When a global pandemic wipes out eighty percent of the planet's population, the crew of a lone naval destroyer must find a way to pull humanity from the brink of extinction.",98.7577,/xH529hDtPxhslAEeCrN7gD64ZMX.jpg,2014-06-22,False,The Last Ship,6.877,1056,2014
False,/gFkHcIh7iE5G0oVOgpmY8ONQjhl.jpg,"[18, 10765]",60735,['US'],en,The Flash,"After being struck by lightning, CSI investigator Barry Allen awakens from a nine-month coma to discover he has been  granted the gift of super speed.  Teaming up with S.T.A.R. Labs, Barry takes on the persona of The Flash, the Fastest  Man Alive, to protect his city.",99.2834,/yZevl2vHQgmosfwUdVNzviIfaWS.jpg,2014-10-07,False,The Flash,7.751,11711,2014
False,/nf3Vlxm3C9U1aKUUQHmKFZmxPSc.jpg,"[18, 10765]",56570,['US'],en,Outlander,"The story of Claire Randall, a married combat nurse from 1945 who is mysteriously swept back in time to 1743, where she is immediately thrown into an unknown world where her life is threatened. When she is forced to marry Jamie, a chivalrous and romantic young Scottish warrior, a passionate affair is ignited that tears Claire's heart between two vastly different men in two irreconcilable lives.",81.3824,/oftZNfyTVNU7IfOqoGLoT8MGvNs.jpg,2014-08-09,False,Outlander,8.2,2942,2014
False,/8ZerYKvIaNUJZvAHXYTQu4qTwFw.jpg,"[10765, 10759, 18, 80]",48866,['US'],en,The 100,"100 years in the future, when the Earth has been abandoned due to radioactivity, the last surviving humans live on an ark orbiting the planet — but the ark won't last forever. So the repressive regime picks 100 expendable juvenile delinquents to send down to Earth to see if the planet is still habitable.",54.7421,/wHIMMLFsk32wIzDmawWkYVbxFCS.jpg,2014-03-19,False,The 100,7.9,8723,2014
False,/rbDFI2I1nMyJtX4Y3jJ4H1QRdRX.jpg,"[18, 80, 10765]",60708,['US'],en,Gotham,"Everyone knows the name Commissioner Gordon. He is one of the crime world's greatest foes, a man whose reputation is synonymous with law and order. But what is known of Gordon's story and his rise from rookie detective to Police Commissioner? What did it take to navigate the multiple layers of corruption that secretly ruled Gotham City, the spawning ground of the world's most iconic villains? And what circumstances created them – the larger-than-life personas who would become Catwoman, The Penguin, The Riddler, Two-Face and The Joker?",47.8505,/zLpSNnVoL2bjQdc1PcaHUPUzttP.jpg,2014-09-22,False,Gotham,7.6,3757,2014
False,/rK9D7R4nzG3YGBktQY7VD5tGdtb.jpg,"[10765, 18]",54344,['US'],en,The Leftovers,"When 2% of the world's population abruptly disappears without explanation, the world struggles to understand just what they're supposed to do about it. This is the story of the people who didn't make the cut.",35.0283,/NKJdryIFHr245Umq6gXsf7oULW.jpg,2014-06-29,False,The Leftovers,7.671,1258,2014
False,/1pnaMzcTXU6LmBd9rf4ZvNGBnce.jpg,"[35, 10751, 10762, 10765]",61852,['US'],en,Henry Danger,"When 13-year-old Henry Hart lands a job as Danger, the sidekick-in-training to superhero Captain Man, he must learn to navigate a double life balancing the challenges of 8th grade with the crazy adventures of a real-life crime fighter!",33.7155,/f3TEP5SROTpL6e520ohhSNbUv1E.jpg,2014-07-26,False,Henry Danger,8.282,1162,2014
False,/4YnAZ1KO9goeS4c06VO7HXiO3oO.jpg,"[10765, 18, 9648]",47640,['US'],en,The Strain,"A high concept thriller that tells the story of Dr. Ephraim Goodweather, the head of the Center for Disease Control Canary Team in New York City. He and his team are called upon to investigate a mysterious viral outbreak with hallmarks of an ancient and evil strain of vampirism. As the strain spreads, Eph, his team, and an assembly of everyday New Yorkers, wage war for the fate of humanity itself.",30.0612,/2BWErT9QcADpf2G4BZ769eSnFTP.jpg,2014-07-13,False,The Strain,7.463,2034,2014
False,/99W2xN8v9eAukGWzZN4zUsslQBo.jpg,"[35, 9648, 80, 10765, 18]",61746,['GB'],en,Inside No. 9,"An anthology of darkly comic twisted tales, each one taking place behind a door marked 'number 9'.",18.6613,/lbHTsN5x7h6aCt7DqPQN4kYHfky.jpg,2014-02-05,False,Inside No. 9,8.06,282,2014
False,/32iacqVElB91YZKl9Ky3QEEkXtH.jpg,"[10765, 18, 9648, 10759]",54671,['US'],en,Penny Dreadful,"Some of literature's most terrifying characters, including Dr. Frankenstein, Dorian Gray, and iconic figures from the novel Dracula are lurking in the darkest corners of Victorian London. Penny Dreadful is a frightening psychological thriller that weaves together these classic horror origin stories into a new adult drama.",16.0189,/hQSdrXBYTbLGHYDIseHkBOPXTgL.jpg,2014-05-11,False,Penny Dreadful,7.8,1538,2014
False,/f1sjJoT21vH9snaCjipKlMM1DCF.jpg,"[10765, 9648, 18]",60905,['US'],en,Salem,"Set in the volatile world of 17th century Massachusetts, 'Salem' explores what really fueled the town's infamous witch trials and dares to uncover the dark, supernatural truth hiding behind the veil of this infamous period in American history. In Salem, witches are real, but they are not who or what they seem.",12.215,/sS9pnQSjH2COeBvhRalfyZlN4TJ.jpg,2014-04-20,False,Salem,7.3,394,2014
False,/lmDDpCCei9kTPIZb13P2NAqpmvO.jpg,"[10759, 18, 10765]",60743,['US'],en,Constantine,A man struggling with his faith is haunted by the sins of his past but is suddenly thrust into the role of defending humanity from the gathering forces of darkness.,11.5934,/gQ3bA1DBKyZwkDCHJFEAT0MkKpu.jpg,2014-10-24,False,Constantine,7.759,1646,2014
False,/5ziXtCZye3NowgFJCBrK3kTd7vn.jpg,"[18, 80, 9648, 10765]",60726,['US'],en,Forever,"Doctor Henry Morgan, New York City’s star medical examiner, has a secret. He doesn't just study the dead to solve criminal cases, he does it to solve the mystery that has eluded him for 200 years—the answer to his own inexplicable immortality. This long life has given Henry remarkable observation skills which impresses his new partner, Detective Jo Martinez. Each week, a new case and their budding friendship will reveal layers of Henry’s long and colorful past. Only his best friend and confidant, Abe knows Henry’s secret.",11.2911,/4OnnU4j2tQEOnsPnRZswW91v9vr.jpg,2014-09-22,False,Forever,7.81,649,2014
False,/thXO4bz8NwSzAtkQe1P1xJUjyoY.jpg,"[10765, 18]",58111,['US'],en,Extant,An astronaut returns home from a year long solo mission in space. She tries to reconnect with her husband and son in their everyday life. Her experiences in space and home lead to events that ultimately will change the course of human history.,11.5164,/nFwqHXoP1FxFbd8G8dY13y9bfAX.jpg,2014-07-09,False,Extant,6.301,362,2014
False,/fFi7yMB4ylHYRfn4o8idbhgnoRK.jpg,"[80, 10765, 18]",60626,['US'],en,From Dusk Till Dawn: The Series,"The horror and crime thriller genres collide in this new original series from Robert Rodriguez, based on his cult grindhouse classic about bank-robbing brothers on the run, a lawman bent on bringing them to justice, the devout family caught in the cross-fire, and an ancient evil eager to feast on them all.",10.161,/pAfTOb7lHvRlTa86jw99nM8iU3K.jpg,2014-03-11,False,From Dusk Till Dawn: The Series,6.445,383,2014
False,/bdhFPMYxuG769gaOA7awyYpcGP.jpg,"[18, 10765]",58811,"['CA', 'US']",en,Helix,"Helix is an intense thriller about a team of scientists from the Centers for Disease Control who travel to a high-tech research facility in the Arctic to investigate a possible disease outbreak, only to find themselves pulled into a terrifying life-and-death struggle that holds the key to mankind's salvation...or total annihilation.",8.1308,/7goT0IcsXjRo9fdMlWKr6ZRmaNP.jpg,2014-01-10,False,Helix,6.6,484,2014
False,/nnunKGQjGusYsCaT7mTTlfexnw4.jpg,"[10765, 18]",51370,['US'],en,Resurrection,"The people of Arcadia, Missouri are forever changed when their deceased loved ones suddenly start to reappear.",8.2306,/2bs5QoJwZmew05052jST9vgIEJc.jpg,2014-05-15,False,Resurrection,7.288,319,2014
False,/huZv8g3q1wsgxUaMmhWJC2DjL1K.jpg,"[18, 10765]",60556,['CA'],en,Bitten,"Elena Micheals thought she left the world of supernatural behind when she left Stonehaven behind 'for good this time' she thought. Until the night she got the mysterious call from her pack leader asking her to come back. So now she is heading back, leaving her life as a normal photographer in Toronto for the moment to re-enter the world of werewolves, rules about protect the pack and a man she has spent years trying to get out of her system. Oh and did she mention she was the only living female werewolf in existence?",6.7787,/guhxl5I8J1WVEA3yeDt8hwgpYWx.jpg,2014-01-11,False,Bitten,7.236,276,2014
False,/3I66moIh8haxvauJtojLRW5lxjy.jpg,"[10765, 18]",60685,['US'],en,Dominion,"Based on characters from the hit theatrical film ‘Legion’ (2010), ‘Dominion’ is an epic supernatural drama set in the year 25 A.E. In this transformed post–apocalyptic future an army of lower angels, assembled by the archangel Gabriel, has waged a war of possession against mankind. The archangel Michael, turning against his own kind, has chosen to side with humanity against Gabriel. Rising out of the ashes of the 25-year-long battle are newly fortified cities which protect the human survivors. In Vega (formerly Las Vegas), the largest of these cities, two houses vie for control and the stage is set for political upheaval and a dangerous power shift. Meanwhile, a rebellious young soldier begins a perilous journey as the war between the human race and the fallen angels hellbent on their domination escalates.",7.1114,/2rBiS2m5hZbTSxorXQmUcbt2cTU.jpg,2014-06-19,False,Dominion,6.502,314,2014
False,/zHjOrDruZUwiYR2amVNqXNQWM9O.jpg,"[10765, 18]",51168,['US'],en,Star-Crossed,Passion and politics threaten the peace and an epic romance ignites between a human girl and an alien boy when he and eight others of his kind (The Orion 9) are integrated into a suburban high school 10 years after they and hundreds of others landed on Earth and were immediately consigned to an internment camp where they’ve been imprisoned ever since.,5.528,/xcKlTgoRlVMyIG8t9c1br8RO7zI.jpg,2014-02-17,False,Star-Crossed,6.793,145,2014
False,/p4zxZJCQNTPYlMok9MCU4ai2gOf.jpg,"[10765, 18]",60611,['US'],en,Believe,"Believe is about an unlikely relationship between a gifted young girl and a man sprung from prison, who has been tasked with protecting her from the evil elements that hunt her power.",6.3599,/1h1txgv70Rl0b4OrNIJi6korazk.jpg,2014-03-10,False,Believe,6.782,177,2014
False,/j9LbgzMsVTnC817Pevpl3igRG5.jpg,"[10765, 18]",60741,['US'],en,Ascension,"In 1963, the U.S. government launched a covert space mission sending hundreds of men, women and children on a century-long voyage aboard the starship Ascension to populate a new world. Nearly 50 years into the journey, as they approach the point of no return, a mysterious murder of a young woman causes the ship’s population to question the true nature of their mission.",6.1353,/lBfc0PXqQkRYTmIyN2fmbhy365e.jpg,2014-12-15,False,Ascension,6.61,354,2014
False,/yAR1t3ROYMuM36uH3f0YoaInI8r.jpg,"[35, 10765, 18]",60998,['US'],en,Every Witch Way,"The series follows 14-year-old Emma Alonso, as she moves to Miami and her life turns upside-down. Not only does she discover that she is a witch, she also has a crush on the boy next door, Daniel. But Daniel’s ex-girlfriend Maddie, who is an 'evil witch' and leader of the school clique the 'Panthers', is still willing to fight for the boy she loves.",5.6552,/i7jSP3RCz5OFFBnTIWJ0DvkYxWV.jpg,2014-01-01,False,Every Witch Way,8.088,108,2014
False,/qQ7ew78lLGCq1T3LAwoYBG0GZsJ.jpg,"[10759, 10765, 18]",50628,['US'],en,Intelligence,"A drama centered on a high-tech intelligence operative who is enhanced with a super-computer microchip in his brain, and the director of the elite government cyber-security agency who supports him.",5.386,/yWO3w2isgxBarZEH4vE4qbrpqTd.jpg,2014-01-07,False,Intelligence,6.479,234,2014
False,/qpglZLE07zHw63rNncNMDYF7Xtp.jpg,"[10759, 10765, 18]",64542,['RU'],ru,Чернобыль: Зона отчуждения,5 youths give chase after a man who has stolen 8 million rubles from them. The man reveals on his video blog his intention to travel to Chornobyl. With every kilometer the journey of the heroes becomes more dangerous and confusing.,4.7703,/91u0ITxwdfXSFGXnCFUmoGglmnn.jpg,2014-10-14,False,Chornobyl: Exclusion Zone,7.805,87,2014
False,/apGM2EETZwDCChy3cH964s6QViR.jpg,"[35, 10765]",62234,['US'],en,Deadbeat,"Kevin Pacalioglu may have no money and no clue, but he can see dead people, so that’s pretty cool. Faced with a constant stream of stubborn spirits, Pac goes to whatever lengths require the least amount of effort to help New York City’s most frivolous ghosts finish their unfinished business, occasionally with the help of his best friend and drug dealer, Roofie.",3.7557,/vdotAhDqr7jR3tuxc7jTw7kCgjz.jpg,2014-04-09,False,Deadbeat,6.613,71,2014
False,/aAAaGHp3j19fblXaKgCFgVTqJRn.jpg,"[18, 10759, 10765]",61873,['GB'],en,Street Fighter: Assassin's Fist,A multi-layered series that looks back to the formative years of Ryu and Ken as they live a traditional warrior's life in secluded Japan.,3.8483,/1qrk8cVHgQZoq3Lo4BdqlWaHV8m.jpg,2014-05-23,False,Street Fighter: Assassin's Fist,6.421,139,2014
False,/sEMvk7aGzXaeKVYbBnIjbvMkQhv.jpg,"[10765, 10759]",61634,['US'],en,Halo: Nightfall,"Taking place between the events of Halo 4 and Halo 5: Guardians, Halo: Nightfall follows the origin story of legendary manhunter Jameson Locke and his team as they are caught in a horrific terrorist attack while investigating terrorist activity on the distant colony world of Sedra.",3.1204,/vOooLRV3eFNqft5WNRRnYwt8g8x.jpg,2014-11-11,False,Halo: Nightfall,5.5,94,2014
False,,[10765],64248,['IT'],es,Beauty and the Beast,"France, late 1700s. Leon Dalville is a prince who has it all - good looks, love and wealth. One mysterious night, however, he loses everything. His young wife passes away in a fire and the prince’s face is permanently marred. To hide his disfigurement, he wears a silver mask that only partially covers his face, turning him into a mysterious and cruel man who is tormented by his past and hated and feared by all. Innocent and naive Bella Dubois comes to Leon’s castle to offer her services as a maid, to pay back the debts her father has with the prince. Leon’s cousin Helene, who has always been in love with him, challenges the prince: he must seduce and abandon Bella. But, despite Helene’s cruel and deceitful tricks, Leon falls in love with Bella.",2.8419,/6Wvca71Xt8s1Hk1pb10Lq7vTG5f.jpg,2014-12-29,False,Beauty and the Beast,7.3,125,2014
False,/vB1bUcgAilQcDoayKJimtGExBX4.jpg,"[9648, 10765, 80]",61231,"['US', 'GB']",en,Intruders,Members of a secret society chase immortality by seeking refuge in the bodies of others.,3.3072,/3ixwvt8zgkvRFHpR5g5nNpn1M15.jpg,2014-08-23,False,Intruders,6.583,72,2014
False,/ovWfJpnc0A03nyu76FIgAox9XJx.jpg,"[10765, 35]",61738,['KR'],ko,하이스쿨: 러브온,"High school may be tough, but Woo Hyun has a guardian angel looking over him — literally. Disguised as a naive high schooler, Lee Seul Bi descends from the heavens to protect Woo Hyun's life, but discovers she's got a thing or two to learn about life as a teenager, including the pains of falling in love. Can this cherubic guardian protect the apple of her eye and also manage to survive high school?",2.7755,/9XUMRNRxK89fWZ4DMtpdlJwKeNP.jpg,2014-07-11,False,Hi! School - Love On,7.855,411,2014
False,/knYYLmwnI5ELE9CvV59XCwbmci6.jpg,"[10765, 18]",62018,['ES'],es,Cuéntame un cuento,,2.4098,/wezymeR4R60nThPanhJdDuMBJhm.jpg,2014-11-10,False,Cuéntame un cuento,6.887,71,2014
False,/6KPUodRBcN6LBkBkaTsgBbaXAhb.jpg,"[18, 10765]",60607,['US'],en,The After,Eight strangers are thrown together by mysterious forces and must help each other survive in a violent world that defies explanation.,1.547,/kP8Rvq5C6zRWzYZJJlk3f1jXstY.jpg,2014-02-06,False,The After,6.617,60,2014
False,/mmprryb2r0X8u9JkZCnaJIzyYX4.jpg,"[18, 10765, 10759]",62688,['US'],en,Supergirl,"Twenty-four-year-old Kara Zor-El, who was taken in by the Danvers family when she was 13 after being sent away from Krypton, must learn to embrace her powers after previously hiding them. The Danvers teach her to be careful with her powers, until she has to reveal them during an unexpected disaster, setting her on her journey of heroism.",58.4645,/90mSQajf4STPROA6H7Hh8OvyWdK.jpg,2015-10-26,False,Supergirl,7.3,4429,2015
False,/uUwnClwdMA12bpHgeKgkQrbu5Oe.jpg,"[18, 9648, 10765]",63639,['US'],en,The Expanse,A thriller set two hundred years in the future following the case of a missing young woman who brings a hardened detective and a rogue ship's captain together in a race across the solar system to expose the greatest conspiracy in human history.,45.7506,/5vQlVWkIMPhZ88OWchJsgwGEK9.jpg,2015-12-14,False,The Expanse,8.066,2873,2015
False,/pLio7Lod6YoNMM7ybFVjIJjwIxe.jpg,"[10765, 18]",62017,['US'],en,The Man in the High Castle,"Explore what it would be like if the Allied Powers had lost WWII, and Japan and Germany ruled the United States. Based on Philip K. Dick's award-winning novel.",24.9269,/xhoDZbMNeyCA0BGPZQsdIiO43Dp.jpg,2015-01-15,False,The Man in the High Castle,7.525,1521,2015
False,/qb9vehNFxTpPrazhD7JJ6QtEtCv.jpg,"[18, 10765]",64432,['US'],en,The Magicians,"Brakebills University is a secret institution specializing in magic. There, amidst an unorthodox education of spellcasting, a group of twenty-something friends soon discover that a magical fantasy world they read about as children is all too real— and poses grave danger to humanity.",25.8095,/A66dZN98BPEYeFQAhNdNCIXa57d.jpg,2015-12-16,False,The Magicians,7.598,1712,2015
False,/fjEOQhzZk2Or7VYUBeMx5ZIwU95.jpg,"[10765, 18]",38472,['US'],en,Marvel's Jessica Jones,"After a tragic ending to her short-lived super hero stint, Jessica Jones is rebuilding her personal life and career as a detective who gets pulled into cases involving people with extraordinary abilities in New York City.",24.6934,/oxnWofiE9fHOgUfs9NJa6nG6NTR.jpg,2015-11-20,False,Marvel's Jessica Jones,7.482,2668,2015
False,/oReDAVfMTBi1J543aKg7LpeecPv.jpg,"[10765, 18]",60948,['US'],en,12 Monkeys,"The provocative story of Cole, a time traveler from a decimated future in a high-stakes race against the clock. Utilizing a dangerous and untested method of time travel, he journeys from 2043 to the present day on a mission to locate and eradicate the source of a deadly plague that will all but annihilate the human race.",23.0541,/w5u1PqBYfDyfrlkxADTA38jYG3I.jpg,2015-01-16,False,12 Monkeys,7.426,1195,2015
False,/tCjXy1iCsr2BVlNczafnkZ40LPn.jpg,"[18, 80, 10765]",60866,['US'],en,iZombie,"A medical student who becomes a zombie joins a Coroner's Office in order to gain access to the brains she must reluctantly eat so that she can maintain her humanity. But every brain she eats, she also inherits their memories and must now solve their deaths with help from the Medical examiner and a police detective.",19.6077,/q4nqNwAhzVR7JuYctrWJvUWz3xR.jpg,2015-03-17,False,iZombie,7.792,2955,2015
False,/d6JYL53xISzfqz6HhvaKWTDcOUZ.jpg,"[10765, 18]",61664,['US'],en,Sense8,"One gunshot, one death, one moment out of time that irrevocably links eight minds in disparate parts of the world, putting them in each other's lives, each other's secrets, and in terrible danger. Ordinary people suddenly reborn as ""Sensates.""",19.8032,/kmyvlQ9QKzgdZY31rXaUlgCnzrB.jpg,2015-06-05,False,Sense8,7.727,1900,2015
False,/MaQ7hbNsiJ30p14UgRdEnXDGMH.jpg,"[18, 10765]",61550,['US'],en,Marvel's Agent Carter,"It's 1946, and peace has dealt Peggy Carter a serious blow as she finds herself marginalized when the men return home from fighting abroad. Working for the covert SSR (Strategic Scientific Reserve), Peggy must balance doing administrative work and going on secret missions for Howard Stark all while trying to navigate life as a single woman in America, in the wake of losing the love of her life - Steve Rogers.",17.9417,/fe79VYyLp5ZBstpJ4oukpuUT3B.jpg,2015-01-06,False,Marvel's Agent Carter,7.52,2016,2015
False,/4wwWDjLfJVMt2hh8DIa2rzEx5VS.jpg,"[10765, 18]",62425,['CA'],en,Dark Matter,"The six-person crew of a derelict spaceship awakens from stasis in the farthest reaches of space. Their memories wiped clean, they have no recollection of who they are or how they got on board. The only clue to their identities is a cargo bay full of weaponry and a destination: a remote mining colony that is about to become a war zone. With no idea whose side they are on, they face a deadly decision. Will these amnesiacs turn their backs on history, or will their pasts catch up with them?",15.506,/oWYOFBvIMkW64n51uD4mdje6k2u.jpg,2015-06-12,False,Dark Matter,6.792,878,2015
False,/5n3dwYOqekTyANEyRs0GNhZPfOs.jpg,"[18, 9648, 10765]",53425,['US'],en,Wayward Pines,"Imagine the perfect American town... beautiful homes, manicured lawns, children playing safely in the streets. Now imagine never being able to leave. You have no communication with the outside world. You think you're going insane. You must be in Wayward Pines.",17.0399,/mK9MowBCPEn7RbsDXqN0MxyPc4.jpg,2015-05-14,False,Wayward Pines,6.876,932,2015
False,/bIna9BL7Uny1hM63ntTI9BpRkRJ.jpg,"[35, 10759, 10765]",62264,['US'],en,Ash vs Evil Dead,"Bruce Campbell reprises his role as Ash Williams, an aging lothario and chainsaw-handed monster hunter who’s spent the last three decades avoiding maturity, and the terrors of the Evil Dead. But when a Deadite plague threatens to destroy all of mankind, he’s forced to face his demons — both metaphorical and literal.",14.1489,/9tNtSk46s3f1ePr59p0JG6uacc8.jpg,2015-10-31,False,Ash vs Evil Dead,7.754,1783,2015
False,/eLNcBfr3212D09aYx0VChy1EpDY.jpg,"[35, 18, 10765]",61864,['US'],en,Good Witch,"Cassie Nightingale, Middleton’s favorite enchantress, and her young-teenage daughter Grace, who shares that same special intuition as her mom, welcome Dr. Sam Radford and his son to town. When the New York transplants move in next to the Grey House, they are immediately spellbound by the mother-daughter duo next door, but Sam and Cassie quickly find they may not see eye to eye. With her signature charm, Cassie attempts to bring everyone together, ensuring all of Middleton is in for new changes, big surprises and, of course, a little bit of magic!

""Good Witch” is based on Bell’s beloved character Cassie, the raven-haired enchantress who kept audiences spellbound for seven installments of Hallmark Channel's longest-running and highest-rated original movie franchise of all time.",14.8154,/c5B9CdRs9MY6Fgknv5uZQKWtl6F.jpg,2015-02-28,False,Good Witch,7.693,275,2015
False,/fS2AKTDK0VwZo7dq9sG38D9cuu.jpg,"[10765, 18, 9648]",62822,['GB'],en,Humans,In a parallel present where the latest must-have gadget for any busy family is a 'Synth' - a highly-developed robotic servant that's so similar to a real human it's transforming the way we live.,14.2112,/iBjjSGgnjAQBSQGO9pYIh7Gp2PO.jpg,2015-06-14,False,Humans,7.487,708,2015
False,/pHmnJvu2kdH6TYb7NImwAP5rQbf.jpg,"[10759, 10765]",62413,['CA'],en,Killjoys,"An action-packed adventure series following a fun-loving, hard living trio of interplanetary bounty hunters (a.k.a. Killjoys) sworn to remain impartial as they chase deadly warrants around the Quad, a system of planets on the brink of revolution.",12.9373,/xnQ7WVAxlk9UAVWDLDeYGTKRaOf.jpg,2015-06-19,False,Killjoys,6.852,532,2015
False,/1p9FUL7MKKOW0ZhsXkbpD3DVTy1.jpg,"[10759, 18, 10765]",47450,['US'],en,Into the Badlands,"In a land controlled by feudal barons, a great warrior and a young boy embark on a journey across a dangerous land to find enlightenment. 

A genre-bending martial arts series very loosely based on the classic Chinese tale Journey to the West.",12.1481,/jtceMKMxHSriLFUGAUfqHsW7uCo.jpg,2015-11-15,False,Into the Badlands,7.623,831,2015
False,/xZu1ZxcUgrf725cCHCLH2AY98yM.jpg,"[18, 10765]",63201,['AU'],en,Glitch,A police officer and a doctor face an emotionally charged mystery when seven local residents inexplicably return from the dead in peak physical form.,10.6801,/zws9U9tTg2OY8U4RLiZWIik3XCD.jpg,2015-07-09,False,Glitch,6.775,407,2015
False,/uPoPcVwRbHG34p0VwzGQ4aXb8n2.jpg,[10765],60858,['US'],en,Heroes Reborn,"The supernatural phenomenon begins again with a fresh crop of inspiring heroes who take on the ultimate struggle between those with extraordinary abilities and those with nefarious motives to hunt and harness their powers. Epic adventures await these newly empowered allies as they cross paths with some of the original characters, unlocking the mysterious fate of the universe and their place within it.",11.0946,/bHSkrlwjJgHq8Aa6AdDJvWuSI2X.jpg,2015-09-24,False,Heroes Reborn,6.744,572,2015
False,/ndsUXdC1DfnC6t5DETxeAvWqv73.jpg,"[80, 18, 9648, 10765]",61335,['GB'],en,Fortitude,"Fortitude is a place like nowhere else. Although surrounded by the savage beauty of the Arctic landscape, Fortitude is one of the safest towns on earth. There has never been a violent crime here. Until now. In such a close-knit community a murder touches everyone and the unsettling, mysterious horror of this crime threatens the future of the town itself.",7.7338,/u6vKMeFEfz9sJun65EZgp4ltr9r.jpg,2015-01-29,False,Fortitude,6.807,319,2015
False,/lFwLOskebzqOI8qLNVuco5pVCVX.jpg,"[9648, 10765]",62196,['US'],en,Stitchers,"A young woman is recruited into a secret government agency to be “stitched” into the minds of the recently deceased, using their memories to investigate murders.",7.7271,/wriOiQ3rdPhoMe1NofcLJRx9fns.jpg,2015-06-02,False,Stitchers,6.845,236,2015
False,/wsviXEJ210JPoFQuHYGH9X4yt2B.jpg,"[18, 10765]",42531,['US'],en,Powers,"Two homicide detectives, Christian Walker and Deena Pilgrim, are assigned to investigate cases involving people with superhuman abilities, referred to as “Powers.” Set amidst today’s paparazzi culture, Powers asks the questions, what if the world was full of superheroes who aren't actually heroic at all? What if all that power was just one more excuse for mischief, mayhem, murder, and endorsement deals?",7.3031,/7imMR8ySLCPG3LsNlGej8GGtXBg.jpg,2015-03-10,False,Powers,6.6,195,2015
False,/5wM8Dl93mCfxRZMnX5FE1xVXnsZ.jpg,"[80, 18, 10765]",63175,['US'],en,Minority Report,"Ten years after the demise of Precrime, crime-solving is different and justice leans more on sophisticated and trusted technology than on the instincts of the precogs—individuals who able to see the future. In Washington, D.C., a man haunted by the future and a cop haunted by her past race to stop the worst crimes of the year 2065 before they happen.",7.4664,/oUbANT6vjAFbHvhDQ3cxCZOzPK1.jpg,2015-09-21,False,Minority Report,5.92,206,2015
False,/iPe8bIIRCakdE9iCdb94i4vAhYW.jpg,"[18, 10765]",63647,['US'],en,Childhood's End,"The peaceful alien invasion of Earth by the mysterious “Overlords,” whose arrival begins decades of apparent utopia under indirect alien rule, at the cost of human identity and culture.",6.506,/4P5d70GyynagnYq4Rk881UjQiD0.jpg,2015-12-14,False,Childhood's End,7.041,458,2015
False,/dwhwsO7c54ENncuaz3iHN9toT8n.jpg,"[18, 10765]",62142,['US'],en,The Returned,"A small town that is turned upside down when several local people, who have long been presumed dead, suddenly reappear; their presence creates both positive and negative consequences. As families are reunited, the lives of those who were left behind are challenged both physically and emotionally.",6.4881,/cKp0ZDYGydWxI3v8KS3tY8W9aM7.jpg,2015-03-09,False,The Returned,6.747,170,2015
False,/leNZUBCvou9K8cRoTYnTq1Vu9O4.jpg,"[35, 10751, 10765]",62783,['US'],en,Best Friends Whenever,"When their aspiring scientist friend Barry's invention goes awry, best friends Shelby and Cyd gain the power to leap forward and backward in time whenever they want – and sometimes when they don't. Now, they experience the twists and turns of friendship and must decide between fixing mistakes in the past or catching a glimpse of the future. While Barry and his assistant, Naldo, try to figure out how to replicate time travel for themselves, Cyd and Shelby use their newfound power to navigate high school life and Shelby's mischievous twin brothers, Bret and Chet.",5.3864,/euWwJsDLPzfPny96UrbD13XOFSz.jpg,2015-06-26,False,Best Friends Whenever,8.0,88,2015
False,/2NLDJWhfPavWzjkQQXNthvNeQaU.jpg,"[10765, 18]",62433,['CA'],en,Between,Between is the story of a town under siege from a mysterious disease that has wiped out everybody except those 21 years old and under. The series explores the power vacuum that results when a government has quarantined a 10-mile diameter area and left the inhabitants to fend for themselves.,5.0586,/5MvJDbbgG3xUSsFRG9i1uG6rxAe.jpg,2015-05-21,False,Between,5.889,157,2015
False,/efnTREn6vaTS02BQ6dhk8i9Ad6d.jpg,"[10765, 18]",64421,['GB'],en,The Frankenstein Chronicles,"Inspector John Marlott investigates a series of crimes in 19th century London, which may have been committed by a scientist intent on re-animating the dead.",4.9007,/gEkUGlWXruIb8q6DvQDbqxcfjgi.jpg,2015-11-11,False,The Frankenstein Chronicles,7.025,140,2015
False,/vpPVc5kKlnddZ9IgSrpso3xcVnj.jpg,"[35, 18, 10765]",65355,['KR'],ko,퐁당퐁당 Love,"Dan-Bi is a senior high school student. She has a special ability which allows her to transport to anywhere on rainy days. For her university entrance exam, Dan-Bi can't deal with the pressure and runs off to a playground. Without knowing why, she goes into a puddle and finds herself transported to the Joseon period. There, she meets Lee Do. He is a young King of the Joseon period. Lee Do is in a difficult situation due to droughts and the spread of an epidemic.",4.5985,/w1lmYkqv7n1lrvjS91EIvyYjAlU.jpg,2015-12-13,False,Splash Splash Love,7.9,55,2015
False,/buRZvq4P6Y1i0NGEECyP8BSaodw.jpg,"[9648, 10765, 18]",62195,['US'],en,The Whispers,"We love to play games with our children. But what happens when someone else starts to play with them too? Someone we don't know. Can't see. Can't hear. In The Whispers, someone or something -- is manipulating the ones we love most to accomplish the unthinkable. An unseen alien force has figured this human weakness out. They have invaded earth and are using our most unlikely resource to achieve world domination – our children.",4.1901,/kSoXUOYmzvCfXzElnAVl9cSEnTa.jpg,2015-06-01,False,The Whispers,6.688,181,2015
False,/nJaJaOXwgMWtVlVQdwU4CWQ2upf.jpg,"[18, 10765, 9648]",62078,['KR'],ko,블러드,"Park Ji-sang, a surgeon, leads a double life. While he tries to save his patients' lives, on the other hand, he is also a vampire who constantly craves for blood.",4.5496,/8SahOFC8THnuY3PbyVQ4Sgcph0C.jpg,2015-02-16,False,Blood,7.4,51,2015
False,/mdLJF4IcFwDEgSZKtOhPVR7l9lu.jpg,"[18, 35, 10765]",62456,['GB'],en,"You, Me and the Apocalypse","When the news is announced that a comet is on an unavoidable collision course with Earth, the most hilarious and unexpected chain of events imaginable is set in motion.",4.4851,/uXZtrxLWRR3HitOTJ9F9WhESR60.jpg,2015-09-30,False,"You, Me and the Apocalypse",6.828,122,2015
False,/7aJYOSPEhzyFKvwXlmqLd1nHOg9.jpg,"[35, 10765, 10766]",63119,['KR'],ko,오 나의 귀신님,"Na Bong Sun may be a skilled sous chef, but she lacks the self-esteem to shine professionally and socially. Beyond her cooking talents, however, is an uncanny ability to communicate with ghosts. One day, her mystic senses go out of control when the seductive ghost of Shin Soon Ae possesses her. Imbued with a fiery new ""personality,"" Bong Sun starts turning heads, including that of Kang Sun Woo, the hottest chef in town and Bong Sun's secret crush!",4.6464,/fOcfOZn9jFQqUdBznfMDPkgXEik.jpg,2015-07-03,False,Oh My Ghost,8.094,143,2015
False,/5s39mjYcRhgzWa31lpLFXkxOOSF.jpg,"[10765, 18, 10759, 9648]",60864,['US'],en,The Messengers,"When a mysterious object crashes to Earth, a group of seemingly unconnected strangers die from the energy pulse, but then awaken to learn that they have assigned the task of preventing the impending Apocalypse.",3.865,/8kLGrSeupZQh4XFU95DcHiWC7sL.jpg,2015-04-17,False,The Messengers,6.354,157,2015
False,/iz3Yzj9NIozfCOO1C583aLuoc6l.jpg,"[9648, 10765, 18]",64447,['US'],en,South of Hell,"A supernatural thriller set in South Carolina, South Of Hell focuses on Maria Abascal (Suvari), a stunning demon-hunter-for-hire whose power stems from within. Like those she hunts, Maria is divided within herself, struggling with her own demon, Abigail, who resides inside of her, feeding on the evil Maria exorcises from others. Maria and Abigail share a soul and a destiny, but as Maria desperately tries to overtake Abigail, she will discover how far Abigail will go to remain a part of her.",4.0407,/AvF3WStSLXh7ibT1OpU6XmCxtbN.jpg,2015-11-27,False,South of Hell,6.4,66,2015
False,/lzULQvCjnGHJT3dK9Ymxl5GOJ6.jpg,"[18, 10759, 10765]",47224,"['US', 'GB']",en,Jekyll and Hyde,"Inspired by the original novella by Robert Louis Stevenson, Jekyll and Hyde is set in 1930s London and follows Robert Jekyll, the grandson of Henry Jekyll, on his quest to discover his real identity, his true family history and the nature of his ‘curse’ – which his foster father, Dr Vishal Najaran, is controlling with medication. His journey takes him into a dark and unforgiving place, as his alter ego seems capable of anything. At the same time there are shadowy forces trying to find Jekyll and the source of his powers.",3.2722,/aZxe642qnGUvHCNHvr10vrWjx3b.jpg,2015-10-25,False,Jekyll and Hyde,6.385,52,2015
False,/y9cANZAKbytPjmFQKpD33vOpZZV.jpg,"[18, 10765]",62717,['GB'],en,Jonathan Strange & Mr Norrell,"With magic long since lost to England, two men are destined to bring it back; the reclusive Mr. Norrell and daring novice Jonathan Strange. So begins a dangerous battle between two great minds.",3.5178,/Aq6aqgHo3nzRTT84kV7DrJ8Ifyc.jpg,2015-05-17,False,Jonathan Strange & Mr Norrell,7.404,187,2015
False,/kQrRVzvZQQ8BdSTILDcLcf7LdTy.jpg,"[18, 9648, 10765]",66373,['GB'],en,Residue,The government cover-up of the causes behind a massive explosion in a futuristic UK metropolis spur photo journalist Jennifer Preston on to search for the truth and in the process blow open a paranormal phenomenon haunting the city.,2.4489,/waTnoR471BnI5OUZi1IVubv13wo.jpg,2015-03-31,False,Residue,5.165,85,2015
False,/kYK0rjTsl0vEswU2vwBwnVU6Zju.jpg,"[35, 10765]",62383,['US'],en,Other Space,"Meet the team of the UMP cruiser, a barely-functional starship led by an aggressively cheerful Captain with a with a barely-competent crew, including a clueless navigator, a brain damaged mechanic, a bickering couple,a man with gills raised to be an organ farm for his brother and ART, the billionaire turned robot. When their ship is drawn into a different universe, they must to learn to work together while dealing with space clouds, robot rebellions, and the occasional alien attack.",2.4052,/7I489Kf2uNLNPEQOEJDudijFKlb.jpg,2015-04-14,False,Other Space,6.7,53,2015
False,/56v2KjBlU4XaOv9rVYEQypROD7P.jpg,"[10759, 9648, 10765]",66732,['US'],en,Stranger Things,"When a young boy vanishes, a small town uncovers a mystery involving secret experiments, terrifying supernatural forces, and one strange little girl.",134.039,/uKYUR8GPkKRCksczYDJb3pwZauo.jpg,2016-07-15,False,Stranger Things,8.556,21583,2016
False,/mAXOCbZzvmDa6PCh5dcIPOB51Qc.jpg,"[80, 10765]",63174,['US'],en,Lucifer,"Bored and unhappy as the Lord of Hell, Lucifer Morningstar abandoned his throne and retired to Los Angeles, where he has teamed up with LAPD detective Chloe Decker to take down criminals. But the longer he's away from the underworld, the greater the threat that the worst of humanity could escape.",92.4862,/ekZobS8isE6mA53RAiGDG93hBxL.jpg,2016-01-25,False,Lucifer,8.431,15597,2016
False,/rX5hvSRB2k4YoIvRg6Zky52rWk0.jpg,"[10765, 37]",63247,['US'],en,Westworld,"A dark odyssey about the dawn of artificial consciousness and the evolution of sin. Set at the intersection of the near future and the reimagined past, it explores a world in which every human appetite, no matter how noble or depraved, can be indulged.",51.5032,/ALlSU9du9iRiKIIoY1sREGNqQ5.jpg,2016-10-02,False,Westworld,8.021,6293,2016
False,/be8fOACxsVyaX6lZLlQOWNqF0g2.jpg,"[10759, 10765, 18]",62643,['US'],en,DC's Legends of Tomorrow,"When heroes alone are not enough ... the world needs legends. Having seen the future, one he will desperately try to prevent from happening, time-traveling rogue Rip Hunter is tasked with assembling a disparate group of both heroes and villains to confront an unstoppable threat — one in which not only is the planet at stake, but all of time itself. Can this ragtag team defeat an immortal threat unlike anything they have ever known?",40.561,/AcEFDh272YVTR6B6zrrusk8BjJG.jpg,2016-01-21,False,DC's Legends of Tomorrow,7.249,2493,2016
False,/smSbK5cd8T9XHcxEUcems23BDEF.jpg,"[18, 10765, 35]",67915,['KR'],ko,쓸쓸하고 찬란하神-도깨비,"In his quest for a bride to break his immortal curse, a 939-year-old guardian of souls meets a grim reaper and a sprightly student with a tragic past.",24.4272,/sPkxHNw5BFvuCFGWw825TS7n6X3.jpg,2016-12-02,False,Guardian: The Lonely and Great God,8.617,3115,2016
False,/yUDJ1r0UQdhb904povev5apjTVh.jpg,"[18, 10765]",67683,['CA'],en,Travelers,"Hundreds of years from now, the last surviving humans discover the means of sending consciousness back through time, directly into people in the 21st century. These ""travelers"" assume the lives of seemingly random people, while secretly working as teams to perform missions in order to save humanity from a terrible future.",24.1481,/aUVeyeyTrQrSFuUkqLCT8FtV7pp.jpg,2016-10-17,False,Travelers,7.583,875,2016
False,/o0PtXGp2XyoRu0S1uPYzDpMnkOM.jpg,"[10759, 18, 10765]",63210,['US'],en,Shadowhunters,"When Clary Fray's mother has disappeared, Clary joins a band of Shadowhunters; demon killing hunters, and gets caught up in a plan to save the world.",23.1013,/66YHvvVduC21xcMXPpBBF0ywyVZ.jpg,2016-01-12,False,Shadowhunters,7.633,1239,2016
False,/bENaaAmX4d0zUYYrZyFCT1U0V86.jpg,"[10765, 9648, 18]",64230,['US'],en,Preacher,"A preacher sets out on a mission to make the almighty himself confess his sin of abandoning the world. With his best friend Cassidy, an alcoholic Irish vampire, his love Tulip, a red blooded gun towing Texan, and the power of genesis, an unholy child born from an angel and a devil, Jesse gives up everything to set the world straight with its creator.",19.2978,/ey1WQajA25E5sFGHSApcqSWUSEc.jpg,2016-05-22,False,Preacher,7.434,1327,2016
False,/tZmlWeFEMvxrjJhBJJcLNXpSRiG.jpg,"[10765, 35]",66573,['US'],en,The Good Place,"Eleanor Shellstrop, an ordinary woman who, through an extraordinary string of events, enters the afterlife where she comes to realize that she hasn't been a very good person. With the help of her wise afterlife mentor, she's determined to shed her old way of living and discover the awesome (or at least the pretty good) person within.",20.7217,/qIhsuhoIYR5yTnDta0IL4senbeN.jpg,2016-09-19,False,The Good Place,7.971,2021,2016
False,/5VltHQJXdmbSD6gEJw3R8R1Kbmc.jpg,"[9648, 10765, 10759]",65820,['US'],en,Van Helsing,"Vanessa Helsing, the daughter of famous vampire hunter and Dracula nemesis Abraham Van Helsing is resurrected five years in the future to find out that vampires have taken over the world and that she possesses unique power over them. She is humanity’s last hope to lead an offensive to take back what has been lost.",19.2334,/r8ODGmfNbZQlNhiJl2xQENE2jsk.jpg,2016-09-23,False,Van Helsing,7.047,941,2016
False,/9TvRRh8HUAMK9phVXLInPXHUg6K.jpg,"[18, 10759, 10765]",66786,['US'],en,Timeless,"A mysterious criminal steals a secret state-of-the-art time machine, intent on destroying America as we know it by changing the past. Our only hope is an unexpected team: a scientist, a soldier and a history professor, who must use the machine's prototype to travel back in time to critical events. While they must make every effort not to affect the past themselves, they must also stay one step ahead of this dangerous fugitive. But can this handpicked team uncover the mystery behind it all and end his destruction before it's too late?",19.3363,/wFaS9kROwztTWNxIKBbOLwIgApV.jpg,2016-10-03,False,Timeless,7.239,807,2016
False,/cAgRehPSCjCVrP25zfeffbuptYY.jpg,"[10765, 18]",62858,['US'],en,Colony,"In the near future a family must make difficult decisions as they balance staying together with trying to survive. They live in Los Angeles, which has been occupied by a force of outside intruders.  While some people have chosen to collaborate with the authorities and benefit from the new order, others have rebelled — and suffer the consequences.",17.2018,/qfS0mp22XfTig2EK3jWKiyx7kNy.jpg,2016-01-14,False,Colony,6.854,661,2016
False,/hsSFJ7WyVTNU87c06KFVesntrUQ.jpg,"[10765, 9648, 18]",69061,['US'],en,The OA,"Seven years after vanishing from her home, a young woman returns with mysterious new abilities and recruits five strangers for a secret mission.",15.5,/rueY4slMeKtTGitm0raFUJvgaa5.jpg,2016-12-16,False,The OA,7.518,1414,2016
False,/qVu5MC7DiDOrlcKNZsb9rEJJ1UI.jpg,"[10759, 10765, 37]",65988,"['CA', 'US']",en,Wynonna Earp,Wyatt Earp's great granddaughter Wynonna battles demons and other creatures with her unique abilities and a posse of dysfunctional allies - the only thing that can bring the paranormal to justice.,15.1633,/qnIaDelA81dmFaXrhpz6M6dpGSD.jpg,2016-04-01,False,Wynonna Earp,7.842,815,2016
False,/ey9RcQXlp8hm0o7fFQfFza3JB5F.jpg,"[35, 10765, 80]",67773,['US'],en,Dirk Gently's Holistic Detective Agency,A comedic thriller that follows the bizarre adventures of eccentric “holistic” detective Dirk Gently and his reluctant assistant Todd. An adaptation of Douglas Adams’ wildly successful comic novels.,12.84,/q8oMpXPEAUJJ0KztsRs5K51T2lo.jpg,2016-10-22,False,Dirk Gently's Holistic Detective Agency,7.688,926,2016
False,/qVBExiGdG8uiPK9BcWD0881u8uh.jpg,"[18, 10765]",64464,['US'],en,11.22.63,"An English teacher travels back in time to prevent the Kennedy assassination, but discovers he is attached to the life he has made in a bygone era.",11.7834,/1fH41ccMKvgDTbbcCxWWH6fznah.jpg,2016-02-15,False,11.22.63,7.755,1775,2016
False,/h3iaMumqJlv2Z1CcIdGNVMJrB2a.jpg,"[10759, 10765]",64122,['US'],en,The Shannara Chronicles,A young Healer armed with an unpredictable magic guides a runaway Elf in her perilous quest to save the peoples of the Four Lands from an age-old Demon scourge.,10.8529,/yzoaoBSMww5D22Kfrd2LEJumIzl.jpg,2016-01-05,False,The Shannara Chronicles,6.954,1046,2016
False,/fPksNJggRWtEvgcaKccYMZEYrug.jpg,"[10751, 10762, 10765, 35, 9648]",62904,['US'],en,Just Add Magic,"Kelly Quinn and her two BFF's, Darbie and Hannah, stumble upon her grandmother's mysterious cookbook in the attic and discover some far from ordinary recipes. When the Shut'em Up Shortcake silences Kelly's pesky little brother and the Healing Hazelnut Tart heals Darbie's ankle, the girls discover they have the power of magic.",10.415,/v7olj5StoSFVsgkBhOihDaR56eJ.jpg,2016-01-15,False,Just Add Magic,7.7,91,2016
False,/om4aZWQq1i0szWFgfUR5mqkBDl7.jpg,"[10759, 80, 10765]",67684,['US'],en,Incorporated,"Set in a near future where corporations have unlimited power, a young executive conceals his true identity to infiltrate a dangerous corporate world to save the woman he loves.",9.5111,/kdjLwa2EVxcH3xyiXSyMbyHalnL.jpg,2016-11-30,False,Incorporated,6.31,153,2016
False,/5ak5dT375f1a9Tr1gpSodddf1aI.jpg,"[35, 10765, 10759]",67487,['US'],en,The Tick,"In a world where superheroes have been real for decades, an accountant with zero powers comes to realize his city is owned by a super villain. As he struggles to uncover this conspiracy, he falls in league with a strange blue superhero.",9.3197,/8sngJVF54bugHfCkjJOsY4wx8Hk.jpg,2016-08-19,False,The Tick,6.99,340,2016
False,/13fAhlv2BCqHek8VrDNi7cZMuG3.jpg,"[18, 10765]",68467,['BR'],pt,3%,"In a future where the elite inhabit an island paradise far from the crowded slums, you get one chance to join the 3% saved from squalor.",8.941,/uLBJSLuAQ8UqLIKZVWG3uNEXwjt.jpg,2016-11-25,False,3%,7.072,535,2016
False,/yBmqsAFjJJtdHkptwlCy0WMsfKA.jpg,"[18, 10765, 10768]",66433,['KR'],ko,달의 연인 - 보보경심 려,A story of a 25-year-old Go Hajin who is transported back in time to the Goryeo Dynasty. She then wakes up in the body of Lady Hae Soo and finds herself amongst the ruling princes of the Wang Family.,9.2461,/sTW7wLyD95JRCyUEdTfxCWQWsvd.jpg,2016-08-29,False,Scarlet Heart: Ryeo,8.502,592,2016
False,/f4INwMhHouZ4Akx4bOtLao20kOd.jpg,"[18, 9648, 10765]",66489,['US'],en,Dead of Summer,"Set in the late 1980s, school is out for the summer, and a sun-drenched season of firsts beckons the counselors at Camp Clearwater, a seemingly idyllic Midwestern summer camp, including first loves, first kisses – and first kills. Clearwater’s dark, ancient mythology awakens, and what was supposed to be a summer of fun soon turns into one of unforgettable scares and evil at every turn.",8.5266,/aYnBbx6VA9soKqFZcj0iEwGM47B.jpg,2016-06-28,False,Dead of Summer,5.787,108,2016
False,/rW8htktXYlxCOYYopygprZy5jgJ.jpg,"[10765, 35, 10751]",68654,"['CA', 'US']",en,MECH-X4,"Ryan Walker mysteriously awakens MECH-X4, a giant robot built to defend Bay City against impending doom. When monsters begin to descend, Ryan recruits his two best friends and his brother to help pilot the robot that is their only hope of saving their town from mass destruction.",6.1538,/b031Y3PuzK8gZBRrfQ97lFN84F4.jpg,2016-11-11,False,MECH-X4,8.0,156,2016
False,/AndNIZzaDAcLlk11KjZy2TZS07Y.jpg,"[35, 18, 10765]",67018,['KR'],ko,푸른 바다의 전설,"A mermaid from the Joseon period ends up in present-day Seoul, where she crosses paths with a swindler who may have ties to someone from her past.",10.2303,/cHrhnci45nyoqctI33lgB0iX9Zy.jpg,2016-11-16,False,The Legend of the Blue Sea,7.4,218,2016
False,/cVjcq52suVSKlPAW8cfJqvQfFuL.jpg,"[18, 10765]",64434,['US'],en,Second Chance,"A disgraced, 75-year-old ex-sheriff, whose life ends at the hands of corrupt cops, is brought back to life and given a second chance by a pair of young tech scientists, as a 35-year-old with unpredictable near-superhuman abilities.",6.344,/vXQXjPQ0qq5caOSvTElc9UMp6Rf.jpg,2016-01-13,False,Second Chance,6.781,185,2016
False,/i8DVzXlPYZnJANEoLja1ysXtJ3K.jpg,"[80, 9648, 10765, 18]",64840,['KR'],ko,시그널, Detectives from the present and a detective from the past communicate via walkie-talkie to solve a long-time unsolved case.,7.6919,/uIskxIo84jexPhnrzm1TpsUCI9w.jpg,2016-01-22,False,Signal,8.201,194,2016
False,/gcWImj7xkfmsEb8UEA1w4VZwbQX.jpg,"[9648, 18, 10765]",64394,['US'],en,Outcast,"Kyle Barnes has been plagued by possession since he was a child. Now an adult, he embarks on a spiritual journey to find answers, but what he uncovers could mean the end of life on Earth as we know it.",7.7,/x6ZCpAPDTAHuNxBGq5nU4nqpfYA.jpg,2016-06-03,False,Outcast,7.079,492,2016
False,/lZMUDrKpZvmlFWuQRhRwocv4VtC.jpg,"[18, 9648, 10765]",66393,['KR'],ko,싸우자 귀신아,"Hyun-Ji, a 19-year-old ghost meets exorcist Park Bong-Pal. They team up to listen to and solve the problems of various ghosts in order to help them rest peacefully.",6.0512,/6tPDqJOnOPDwYv2CN7OPE29UoS.jpg,2016-07-11,False,"Bring It On, Ghost",7.98,128,2016
False,/aJxGXjPF4eDqtDK24zY8tP9QX2I.jpg,"[10765, 18, 9648]",66894,['US'],en,Frequency,"Detective Raimy Sullivan is stunned when a voice suddenly crackles through her father’s old, long-broken ham radio – it’s Frank Sullivan, somehow transmitting over the airwaves and through the decades from 1996. Separated by twenty years, father and daughter have reunited on a frequency only they can hear, but can they rewrite the story of their lives without risking everyone they love?",5.6181,/o8A0dLBJn7JkxJpu8M7wwfLe9Kd.jpg,2016-10-05,False,Frequency,7.1,259,2016
False,/g88XfqnMLRF8RfmtkqNDChYxw88.jpg,"[10765, 18]",65386,['GB'],en,Stan Lee's Lucky Man,"London cop and compulsive gambler Harry Clayton is on the verge of losing everything. On the night when his huge debts are to be called in, he meets the enigmatic Eve, who gives him a mysterious bracelet said to endow the wearer with immense luck. Harry's fortunes suddenly begin to shift, but he also soon finds himself sucked into a sinister crime wave sweeping through the city.",5.3438,/cnKC1Az0uWTyMifFoG2t2mtD2xD.jpg,2016-01-22,False,Stan Lee's Lucky Man,6.93,150,2016
False,/mFeMpWfNj5PdUI2DGhaWDIWRIkU.jpg,"[10765, 10759]",68427,['US'],en,Mars,"The maiden crew of the Daedalus spacecraft must push itself to the brink of human capability in order to successfully establish the first sustainable colony on Mars. Set both in the future and in the present day, this series blends scripted elements set in the future with documentary vérité interviews with today’s best and brightest minds in modern science and innovation, illuminating how research and development is creating the space technology that will enable our first attempt at a mission to Mars.",5.8714,/xlT7aBrVqrRVnlaHQLCW12q3NK9.jpg,2016-11-14,False,Mars,7.064,373,2016
False,/rsZSfEfAeFmobAx7bi6TSz982dh.jpg,"[10759, 18, 10765]",64593,['GB'],en,Beowulf: Return to the Shieldlands,"Beowulf, a hero of the Geats, comes to the aid of Hrothgar, the king of the Danes, whose mead hall in Heorot has been under attack by a monster known as Grendel.",4.8976,/yfsNeyRYclfCe1bDM3xVYEpuxEE.jpg,2016-01-03,False,Beowulf: Return to the Shieldlands,5.375,68,2016
False,/ty4pvsaRwiInfTwGCokBDTYsDC6.jpg,"[10765, 18, 35]",64554,['US'],en,BrainDead,"A young fresh-faced Hill staffer gets her first job in Washington, D.C. and discovers two things: 1. The government has stopped working, and 2. alien spawn have come to earth and eaten the brains of a growing number of Congressmen and Hill staffers.",4.9919,/glUWJyqN9EUO2kb8rB0T1PUmiJU.jpg,2016-06-13,False,BrainDead,7.24,206,2016
False,/pxdmqxtJjuD1xMVpK4rKmw8IEyM.jpg,"[18, 9648, 10765]",66803,['US'],en,Falling Water,"The story of three unrelated people, who slowly realize that they are dreaming separate parts of a single common dream.",4.5567,/8Zvcv8cehygUawphBcAk7N5kVoi.jpg,2016-10-13,False,Falling Water,6.39,82,2016
False,/4eZwf7bDVMVL7wpSfsSW6nNA0HK.jpg,[10765],67439,['CA'],en,Aftermath,"The Copeland family battle for survival when civilization comes to an apocalyptic end, triggered by massive storms, meteor strikes, earthquakes, a plague - and the rise of supernatural creatures.",4.279,/g6yUXELmMWiSGcoAbloAxW0kEUB.jpg,2016-09-27,False,Aftermath,5.867,109,2016
False,/vh5IfyhVPnsXCQ5wA19pPzQNtYC.jpg,"[35, 10762, 10765]",65766,['US'],en,Lab Rats: Elite Force,"In a bustling metropolis after the Mighty Med hospital is destroyed by a band of unknown super-villains, Adam and Leo volunteer to oversee the students at Davenport's Bionic Academy. Kaz, Oliver and Skylar join forces with Chase and Bree to form a powerful elite force that combines bionic heroes and superheroes. Together, they vow to track down the villains and keep the world safe.",4.346,/g5zm08nb0SRS7Pra4iImrQiROzk.jpg,2016-03-02,False,Lab Rats: Elite Force,7.823,93,2016
False,/lxRw1nP3stI1kBvn2D17MpYND0M.jpg,"[18, 10765]",19033,['US'],en,Damien,"After discovering his origins, Damien Thorn must cope with life as the Anti-Christ.",4.6766,/l6wvwTlF9hlZ6Yg5dqBYTtmzYkb.jpg,2016-03-07,False,Damien,6.211,149,2016
False,/pvqasfLg6ALyTV1bAlg4hkrCdVu.jpg,"[10765, 10759, 18]",69088,['US'],en,Marvel's Agents of S.H.I.E.L.D.: Slingshot,"Elena ""Yo-Yo"" Rodriguez, an Inhuman with the ability to move at super-speed, is required to sign the Sokovia Accords. However, the restrictions of the Accords are in direct conflict with a personal mission she's desperate to fulfill, one that will test her abilities and will include tense encounters with S.H.I.E.L.D. team members.",4.8037,/bwJej7WdmGRMCMyuDlotwAqVX7S.jpg,2016-12-13,False,Marvel's Agents of S.H.I.E.L.D.: Slingshot,7.1,255,2016
False,/dxcVAo7NyrVmOV9iXFVTGnJFP0F.jpg,[10765],68052,['US'],en,Freakish,A group of students trapped in a high school must fight for survival when predatory mutant freaks take over after a meltdown at the local chemical plant.,3.4862,/mfnKy9zX5t56gE1Tp5OWikF6agE.jpg,2016-10-10,False,Freakish,6.371,66,2016
False,/4XcOdRYPTdNyu5C1iDnFHDqI9QN.jpg,"[18, 10765]",64073,['GB'],en,Class,"Coal Hill School has been a feature of Doctor Who since the first episode, but now we get to see the day-to-day adventures of the students coping with intrusions from space and time.",3.2638,/qC6c8Bx5LiWuZ5t9v3Iyn0818FL.jpg,2016-10-22,False,Class,6.4,123,2016
False,/cxn3LJ3Fh5woVR0Bqepma8LI6Ko.jpg,"[18, 80, 9648, 10765, 10759]",66633,"['NZ', 'AU']",en,Cleverman,"In the near future, creatures from ancient Aboriginal mythology endowed with extraordinary physical traits have emerged and must coexist with humans. Known as 'Hairypeople' they battle for survival in a world that wants to exploit and destroy them. One young man – The Cleverman – struggles with his own power and the responsibility to unite this divided world, but he must first overcome a deep estrangement from his older brother.",3.2201,/ndwQn6o3qTpkN8pHmOeVoToDS6J.jpg,2016-06-01,False,Cleverman,5.763,80,2016
False,/3EZULohkhI9SpzGS0DHUmfjejTD.jpg,"[35, 10765]",67832,['US'],en,Stan Against Evil,"An aging police sheriff who has recently lost his position due to an angry outburst begrudgingly joins an alliance with new sheriff, Evie Barret to battle angry demons haunting their small New Hampshire town.",2.7714,/4l6BIYxGdAhffh2KT16C6yAJzRn.jpg,2016-10-31,False,Stan Against Evil,6.784,109,2016
False,/836YF0D8MznfrJfUqtEKnuWg98I.jpg,[10765],65551,['US'],en,Hunters,The disappearance of a decorated FBI agent's wife leads him to a secret government unit assembled to hunt a group of ruthless terrorists - shadowy figures that may or may not be from this world. ,2.2888,/5EUETA5wONEgYsoSUgpu19So00K.jpg,2016-04-11,False,Hunters,5.377,69,2016
False,/sPq849vRmn7Q32nMwrlTl2wS88g.jpg,"[18, 9648, 10765, 10766]",72248,['MX'],es,Sin rastro de ti,"The night before her wedding, Julia, a young pediatrician with a promising future, vanishes without leaving a trace behind. 

Five years later, in the middle of the road, a college student discovers a woman in a wedding gown, alone and confused. The boy takes her to the nearest hospital. On the way, the woman gets to reveal her name: Julia Borges. 

Julia has no memory on what happened to her in those five years. All she has is an image she just can’t get out of her mind: A man she doesn’t recognize who promises to always look after her. 

Mauricio, Julia’s fiancée, has moved on believing she is death. He is married and has a one year old kid. His new wife: Camila, Julia’s conflictive little sister. 

The only person who got his hopes up about finding Julia was Tomás, her best friend and workmate. Tomás has invested all his money, ruined his marriage, and almost went bankrupt trying to discover her whereabouts. The reason? He has always been in love with her. 

Julia tries to face this new reality in which the man she loves is married to someone else and all her life projects came to nothing. Meanwhile, she is trying to find clues that can reveal what happened to her in those lost years and who is responsible for her disappearing.",1.3702,/4I70tn6iJxPM7jLfNoH6DuPYWaA.jpg,2016-09-09,False,No Trace of You,7.0,166,2016
False,/sokTOq0zAmPS7wCR4qd4Kca35x7.jpg,"[18, 10765, 10759]",69478,['US'],en,The Handmaid's Tale,"Set in a dystopian future, a woman is forced to live as a concubine under a fundamentalist theocratic dictatorship.",63.0623,/eGUT7j3n3rn5yGihlCgwUnD70HV.jpg,2017-04-26,False,The Handmaid's Tale,8.159,3355,2017
False,/3jDXL4Xvj3AzDOF6UH1xeyHW8MH.jpg,"[80, 18, 10765, 9648]",70523,['DE'],de,Dark,A missing child sets four families on a frantic hunt for answers as they unearth a mind-bending mystery that spans three generations.,45.3492,/apbrbWs8M9lyOpJYU5WXrpFbk1Z.jpg,2017-12-01,False,Dark,8.426,7736,2017
False,/ePr0k72sypMpZYubz6w34dcW68Y.jpg,"[10765, 10759, 18]",67198,['US'],en,Star Trek: Discovery,"Follow the voyages of Starfleet on their missions to discover new worlds and new life forms, and one Starfleet officer who must learn that to truly understand all things alien, you must first understand yourself.",42.542,/xwpOHgym48Ftz7fbJq5te5xoiwu.jpg,2017-09-24,False,Star Trek: Discovery,6.948,2063,2017
False,/2Qg2fViQzWenpUaMjhv0kNhCbE9.jpg,"[18, 35, 10765]",71738,['US'],en,The Orville,"Follow the crew of the not-so-functional exploratory ship in the Earth's interstellar fleet, 400 years in the future.",27.6306,/78xnHh9H5wYcUeZoB0bt1UgInAW.jpg,2017-09-10,False,The Orville,7.6,1438,2017
False,/diYVGzRSAJpOCE5Avd5ZKBFUepi.jpg,"[9648, 10765, 18]",70485,['US'],en,Mr. Mercedes,"A demented serial killer taunts a retired police detective with a series of lurid letters and emails, forcing the ex-cop to undertake a private, and potentially felonious, crusade to bring the killer to justice before he can strike again.",20.9012,/zZm3LidCf6Edv6yX3WMKo6KwICg.jpg,2017-08-09,False,Mr. Mercedes,7.134,409,2017
False,/87eP7ITTrOWvkA4EqCuoRdyjzLy.jpg,"[10759, 10765, 18]",67195,['US'],en,Legion,"David Haller, AKA Legion, is a troubled young man who may be more than human. Diagnosed as schizophrenic, David has been in and out of psychiatric hospitals for years. But after a strange encounter with a fellow patient, he’s confronted with the possibility that the voices he hears and the visions he sees might be real.",20.5475,/xhJtYVTsdXQCIlB5hAXkMCPUG9y.jpg,2017-02-08,False,Legion,7.516,1575,2017
False,/18inwHlpKnK9mt02wFBJoIVKXI.jpg,"[10765, 10759, 18]",69629,['US'],en,The Gifted,"A suburban couple's ordinary lives are rocked by the sudden discovery that their children possess mutant powers. Forced to go on the run from a hostile government, the family joins up with an underground network of mutants and must fight to survive.",19.3362,/nshCqszjTNuqhrB53vrSqWO18sE.jpg,2017-10-02,False,The Gifted,7.591,1597,2017
False,/migX5UM28N9QmV5n9Rk3wWiApiP.jpg,"[35, 10765]",73157,['US'],en,Future Man,"Josh Futturman, a janitor by day/world-ranked gamer by night, is tasked with preventing the extinction of humanity after mysterious visitors from the future proclaim him the key to defeating the imminent super-race invasion.",18.9317,/49mOgAEa4eKpPsoBH8UvvXwEMDT.jpg,2017-11-14,False,Future Man,7.14,616,2017
False,/uY3MJohUpY7UMMTK90BIhX5txEs.jpg,"[18, 9648, 10765]",46639,['US'],en,American Gods,An ex-con becomes the traveling partner of a conman who turns out to be one of the older gods trying to recruit troops to battle the upstart deities. Based on Neil Gaiman's fantasy novel.,18.5922,/3KCAZaKHmoMIN9dHutqaMtubQqD.jpg,2017-04-30,False,American Gods,7.087,1810,2017
False,/nTt7PW5ctFy85TKe0dLcksjxFyW.jpg,"[10765, 35, 18]",71725,['US'],en,Kevin (Probably) Saves the World,"One day while returning home to stay with his widowed twin sister and her daughter, Kevin Finn, a self-centered man whose life brings him more trouble than he bargained for, is recruited by a celestial being named Yvette, who enlists Kevin with a new purpose in his life, which is to save the world.",12.413,/k3uUik3FsGN3sn4g8pXseRwdRSp.jpg,2017-10-03,False,Kevin (Probably) Saves the World,6.9,51,2017
False,/5W9YCPMDF5TCudct2guf6b8iRFz.jpg,"[18, 10765, 10759]",68716,['US'],en,Marvel's Inhumans,"After the Royal Family of Inhumans is splintered by a military coup, they barely escape to Hawaii where their surprising interactions with the lush world and humanity around them may prove to not only save them, but Earth itself.",13.5141,/zKfGip55oJ9tdzhyd9ayGyFFhuo.jpg,2017-09-29,False,Marvel's Inhumans,5.831,775,2017
False,/ycAWXhAhyaE7g3JBAaierK4LgNg.jpg,"[10765, 10759, 80]",62285,['US'],en,Marvel's The Defenders,"Daredevil, Jessica Jones, Luke Cage and Iron Fist join forces to take on common enemies as a sinister conspiracy threatens New York City.",12.9565,/49XzINhH4LFsgz7cx6TOPcHUJUL.jpg,2017-08-18,False,Marvel's The Defenders,7.044,1693,2017
False,/3rS3hmIjYfzqPye1nWyTgrwfDnC.jpg,"[10765, 18]",70649,['KR'],ko,당신이 잠든 사이에,"Nam Hong Ju, endowed with the ability to foresee events, resides with her widowed mother who runs a small restaurant. Despite her gift, she often finds herself powerless to change the outcomes. On the other side of the street, Jung Jae Chan, a rookie prosecutor, and his younger brother Seung Won become their new neighbors. An unusual dream involving Hong Ju, ruthless attorney Lee Yu Beom, and a life-saving intervention leads Jae Chan to realize their destinies are intertwined, as they begin sharing dreams and connecting in mysterious ways.",13.4057,/wFp7pVJbB5aD5y0A0AEBP4vmzCg.jpg,2017-09-27,False,While You Were Sleeping,8.357,157,2017
False,/rboZ8THSUD68ux24f9wuf4ptBln.jpg,"[10762, 9648, 10765]",69581,['GB'],en,The Worst Witch,"Mayhem and mishaps follow young witch Mildred Hubble wherever she goes. She just can't help it! But with her friends' help, Mildred always manages to avoid disaster just in time.",11.4783,/fLhJKgPKeBsQaSe0i7VOnRQl37r.jpg,2017-01-11,False,The Worst Witch,7.4,208,2017
False,/pHURd96EW167jUd2Jf8XpgTiLJV.jpg,"[10759, 18, 10765]",67466,['US'],en,Marvel's Runaways,Every teenager thinks their parents are evil. What if you found out they actually were? Six diverse teenagers who can barely stand each other must unite against a common foe – their parents.,12.2583,/hnHEhbzh0F7kN3Ah1lzRjtQuW16.jpg,2017-11-21,False,Marvel's Runaways,7.3,989,2017
False,/z2Q4lX7E76BuZMOOZrq4trz91j8.jpg,"[10765, 18]",63646,['US'],en,Counterpart,Howard Silk is a lowly cog in a bureaucratic UN agency who is turning the last corner of a life filled with regret when he discovers the agency he works for is guarding a secret: a crossing to a parallel dimension.,10.8883,/fVTpkoTkl7LJSoVCnuoHRPJvS4o.jpg,2017-12-10,False,Counterpart,7.458,445,2017
False,/wLbQlNHDBYTbrsrffeYPG9KlCLy.jpg,"[18, 10765]",69316,['CN'],zh,三生三世十里桃花,"Three hundred years ago, Bai Qian stood on the Zhu Xian Terrace, turned around and jumped off without regret. Ye Hua stood by the bronze mirror to witness with his own eyes her death. Three hundred years later, in the East Sea Dragon Palace, the two meet unexpectedly. Another lifetime another world, after suffering betrayal Bai Qian no longer feels anything, yet she can't seem to comprehend Ye Hua's actions. Three lives three worlds, her and him, are they fated to love again?",10.9004,/paeDktO7Bx2lmv9mEDiHtneoYrF.jpg,2017-01-30,False,Eternal Love,7.7,70,2017
False,/jCMhSzE3V2cerUaSlJPyjLBqrNS.jpg,"[18, 10765]",70513,['US'],en,Salvation,An MIT grad student and a tech superstar bring a low-level Pentagon official a staggering discovery that an asteroid is just six months away from colliding with Earth.,9.8804,/hXCd9FUT7ZjoB390cGioVhEiXOB.jpg,2017-07-12,False,Salvation,6.556,438,2017
False,/ugSIMDmPW1HemkB2eCRtzrMjvJ0.jpg,"[10765, 9648, 18]",68315,['US'],en,The Mist,"A small town family is torn apart by a brutal crime. As they deal with the fallout an eerie mist rolls in, suddenly cutting them off from the rest of the world, and in some cases, each other.",9.253,/iwDmsffJ5qYBxiGTPdwgIKTscKu.jpg,2017-06-22,False,The Mist,6.168,851,2017
False,/vTp62FmMXqLncTWFlqy7zauW4T9.jpg,"[10765, 18]",67861,['US'],en,"Midnight, Texas","Welcome to a place where being normal is really quite strange. In a remote Texas town no one is who they seem. From vampires and witches to psychics and hit men, Midnight is a mysterious safe haven for those who are different. As the town members fight off outside pressures from rowdy biker gangs, ever-suspicious cops and their own dangerous pasts, they band together and form a strong and unlikely family.",9.5007,/jsBaMDKtE7BikyFI8v59YlwwhIu.jpg,2017-07-24,False,"Midnight, Texas",7.397,297,2017
False,/9YrrHB7LIiuMElYpgeLbXi0uZj9.jpg,"[10765, 9648]",78036,"['CA', 'GB']",en,Creeped Out,"A masked figure known as ""The Curious"" collects tales of dark magic, otherworldly encounters and twisted technology in this kids anthology series.",8.1033,/5TFYkGC8eSUlIz2TMqL4IKPUbBK.jpg,2017-10-31,False,Creeped Out,7.22,134,2017
False,/6oxQe4fyYJQT77NBNLQzbW7pf4Z.jpg,"[35, 9648, 10765, 18]",75123,['KR'],ko,화유기,A self-serving mythical creature's bid for invincibility backfires when he finds himself at the mercy of a woman who can see otherworldly beings.,7.6349,/uJfF9m2bDXZf6Lng8kkyd0o0Qjz.jpg,2017-12-23,False,A Korean Odyssey,8.061,312,2017
False,/jz7HaUkEUBClZ1ZXkSVKR1AiRXH.jpg,"[10765, 35, 10759]",72339,['US'],en,HAPPY!,"Corrupt ex-cop turned hitman Nick Sax's life is changed forever by a relentlessly positive, imaginary blue winged horse named Happy.",6.9117,/t17TmixmWhJeIC4ytLfis6frLYf.jpg,2017-12-06,False,HAPPY!,7.434,509,2017
False,/kZAI2kD1v9JsU6GIc00dgZ2DI9H.jpg,"[18, 10765]",67726,['US'],en,Beyond,Holden wakes up from a coma after 12 years and discovers new abilities that propel him into the middle of a dangerous conspiracy.,5.7944,/wbioiPregE2EZZK93H7KcRA8JXi.jpg,2017-01-01,False,Beyond,6.1,159,2017
False,/22IYgPD2AUAZWkaaVOiJu1tXdGA.jpg,"[10765, 18]",70391,['GB'],en,Philip K. Dick's Electric Dreams,"A diverse anthology of ambitious, moving tales inspired by Philip K Dick's short stories.",8.2763,/tyaNrGepu4HbkjLFkK6vgua1vgn.jpg,2017-09-17,False,Philip K. Dick's Electric Dreams,7.0,378,2017
False,/1zZeTxgPHCnSK23wtvr5zh3JCsL.jpg,"[10765, 80, 18]",67129,['US'],en,APB,"After a billionaire engineer witnesses his best friend’s murder, he takes charge of Chicago’s troubled 13th District and reboots it as a technically innovative police force, challenging the district to rethink everything about the way they fight crime.",5.9004,/6nobSVxOse1XFO43CLyH6r6u5DN.jpg,2017-02-06,False,APB,6.523,175,2017
False,/x0lANLygpQ4imAkSEihmcAkJ3qK.jpg,"[18, 10765]",71693,['US'],en,Blood Drive,"Set in a near-dystopian future, a former cop is forced to take part in a death race where the cars run on human blood. You lose a leg and you lose your head.",5.7068,/qB9PBQMyKrp8diKGxVpfayKZbgd.jpg,2017-06-14,False,Blood Drive,6.346,175,2017
False,/8mlPjKqMROLwpuuvKb0qXIFXAwf.jpg,"[10765, 18, 10759]",62417,['US'],en,Emerald City,"In the blink of a tornado’s eye, 20-year-old Dorothy Gale and her K9 police dog are transported to another world, one far removed from our own — a mystical land of competing kingdoms, lethal warriors, dark magic and a bloody battle for supremacy. This is the fabled Land of Oz in a way you’ve never seen before, where wicked witches don’t stay dead for long and a young girl becomes a headstrong warrior who holds the fate of kingdoms in her hands.",5.8878,/xjJSsAMd1kQrIslv4qHSMyGx9UT.jpg,2017-01-06,False,Emerald City,6.6,212,2017
False,/a3ybbVF4aXVal37OHzMQC5jr2dh.jpg,"[10765, 35]",68001,['US'],en,Powerless,"Emily Locke lands her dream job as Director of Research and Development for Wayne Security in Charm City, home to super heroes and villains and citizens fed up with the collateral damage of their constant fighting.",4.9197,/oAAAqgKiWVeZbotsR0zukHjM9B1.jpg,2017-02-02,False,Powerless,6.177,178,2017
False,/cuckn6IFp9OKu9H8AgD0iEANxhc.jpg,"[10759, 18, 10765]",62127,['US'],en,Marvel's Iron Fist,"Danny Rand resurfaces 15 years after being presumed dead. Now, with the power of the Iron Fist, he seeks to reclaim his past and fulfill his destiny.",5.3477,/4l6KD9HhtD6nCDEfg10Lp6C6zah.jpg,2017-03-17,False,Marvel's Iron Fist,6.5,2712,2017
False,/6Qid0Nrhc6QK8q6NZwp5YwntN5F.jpg,"[18, 35, 10765]",70452,['KR'],ko,하백의 신부,"Yoon So Ah is a pragmatic neuropsychiatrist who carries a tremendous financial burden to run her own practice. Her family has been tasked with serving Ha Baek, a reincarnated water god, for many generations, and So Ah is forced to do the same. Ha Baek starts to develop feelings for So Ah, but he has competition for her heart from Hoo Ye, the CEO of a resort company, who clashes with So Ah over a piece of land but then falls in love with her. Can a relationship between a mortal female and a god have a future?",5.5876,/2wmarMGyPCq2P0wqLsNqKi1vyOW.jpg,2017-07-03,False,The Bride of Habaek,6.928,90,2017
False,/vbnfeSpRI51VgcUEms5yYRllqDC.jpg,[10765],71969,['FR'],fr,Missions,"The first manned mission to Mars is now approaching the red planet. The crew includes top-flight scientists and a young female psychiatrist, responsible for their mental health. But just as they are about to land, something goes wrong.",4.9877,/ifz0pf34Y9n5vTBhVyncDo3fOKN.jpg,2017-06-01,False,Missions,6.627,83,2017
False,/wQoSioqIqM48vsnbO1Fth2WOWDz.jpg,"[18, 80, 9648, 10765]",69190,['BE'],nl,Beau Séjour,What if you had to investigate your own murder? This anthology series follows victims who wake up to find their own dead bodies and have to navigate the limbo between life and death to solve the mystery of who killed them and why.,4.7684,/hqVYJnIH26FCv2VLyLMBMWBs5n7.jpg,2017-01-01,False,Hotel Beau Séjour,7.235,66,2017
False,/hhtZbACq4IgWWdVZ8B9p2WnQTjS.jpg,"[9648, 10765, 18]",72752,['US'],en,Ghost Wars,"Set in a remote Alaskan town that has been overrun by paranormal forces, the series focuses on local outcast Roman Mercer who must overcome the town’s prejudices and his own personal demons if he’s to harness his repressed psychic powers and save everyone from the mass haunting that’s threatening to destroy them all.",4.9002,/hdOWk4uAKXXPBdyLd54ejmbzpVP.jpg,2017-10-05,False,Ghost Wars,5.958,118,2017
False,/vu4yRXYkTrelRjaGAN7sk6qEy8Q.jpg,"[10765, 80, 18, 35]",73944,['KR'],ko,블랙,"A Grim Reaper, a detective and a woman who foresees death get ensnared in matters of life and death -- and dark mysteries of twenty years past.",5.6693,/1cBjzxqoNC9NTAKI4PeivjIEHoa.jpg,2017-10-14,False,Black,7.933,411,2017
False,/3wOssE8UjZLyjuHRmX6SDyB9gGI.jpg,"[10765, 18, 80]",73778,['ES'],es,Estoy vivo,"A policeman dies chasing a serial killer and is reincarnated in another policeman five years later, granted immortality in exchange of never revealing his true identity.",4.7322,/gHUJlJxBYQIgqS8rMeqgLPFR4sy.jpg,2017-09-07,False,Estoy vivo,7.5,70,2017
False,/zJs0eK1e0SPOEonNGgTVptr5niN.jpg,"[10765, 18]",71495,['JP'],ja,東京ヴァンパイアホテル,"Manami suddenly encounters mass murder at a pub on her 22nd birthday as she is hunted down by two warring vampire clans, the Draculas and the Corvins. Manami is a child of prophecy who is meant to help the Draculas overcome their Corvin enemies who have driven them underground. Meanwhile, droves of young men and women are gathered at the Hotel Requiem by a Corvin named Yamada who informs them that the world is about to end, with this hotel being the only refuge.",4.7807,/sg2MBPMW8Ys11VTS51NxtLAC1vU.jpg,2017-06-16,False,Tokyo Vampire Hotel,6.353,51,2017
False,/5wgCytgux2OIHyaaPMTRIHuCcJG.jpg,[10765],70690,['US'],en,Dimension 404,"Inspired by the Internet’s “404” error code, Dimension 404 aims to evoke that 3 AM feeling of wandering onto the weird side of the web, stumbling upon stories that cannot be explained in the world that we know.",4.2349,/ucGY75ZJHrgY40ym7kXy7sRp7Vy.jpg,2017-04-04,False,Dimension 404,6.303,89,2017
False,/jf7K081EEjuypr2uQLB0X0Z1kvw.jpg,"[10759, 18, 10765]",68003,['GB'],en,SS-GB,Adapted from Len Deighton’s 1978 alternate history novel. A British detective investigates a murder in German-occupied Britain during World War II.,3.5388,/sqybrp68wbUD6tyUz5IJhii00DL.jpg,2017-02-19,False,SS-GB,6.144,66,2017
False,/AeIdLX172hgbQOalPNlra32xAuI.jpg,"[18, 10765]",68002,['US'],en,Time After Time,"A young H.G. Wells time travels to modern day New York City in pursuit of the charismatic—yet secretly psychopathic—Dr. John Stevenson, better known as ""Jack the Ripper,"" following the doctor's brazen escape from the Victorian London authorities.",3.0712,/brQIzcZEa5bSwq84E6b3XNFgiTE.jpg,2017-03-05,False,Time After Time,6.7,80,2017
False,/j3C5U5F1NyYbMtUzHxH1S8Ct6ZD.jpg,[10765],70793,"['GB', 'US']",en,Oasis,"Set in the near future, Oasis tells the story of priest Peter Leigh, who is called to a remote planet where a mysterious multinational company is building the first permanent off-Earth human colony. The planet, Oasis, is humanity’s last chance to escape from Earth’s impending collapse, but it quickly becomes apparent that it may not be as hospitable to humanity as it seems...",2.9464,/z6xugLPukxof4VE7k8J7cQzuER6.jpg,2017-03-17,False,Oasis,6.875,64,2017
False,/e3dIIHLaEzIYlhcaJsKDchdNbCw.jpg,[10765],71994,['US'],en,Extinct,"400 years after the extinction of the human race, a small group of humans are revived by an alien civilization. The colony of revived humans encounter struggles with the aliens who extinguished humankind centuries before, while trying to understand and get along with the mysterious aliens who revived them.",2.4008,/5lOTSc3HECtH1smrzfOsCSyzY17.jpg,2017-10-01,False,Extinct,6.1,54,2017
False,/iZu83GB1IM7VXL2X90m7iLHYUHU.jpg,"[10765, 9648, 18]",79696,['US'],en,Manifest,"After landing from a turbulent but routine flight, the crew and passengers of Montego Air Flight 828 discover five years have passed in what seemed like a few hours. As their new realities become clear, a deeper mystery unfolds and some of the returned passengers soon realize they may be meant for something greater than they ever thought possible.",35.6005,/eTemCphrglLKrXOsNRhYezHA7H9.jpg,2018-09-24,False,Manifest,7.6,1828,2018
False,/iAzH3jFEaDMkjEsNNBUpGzSJ6VR.jpg,"[18, 10759, 10765]",75450,['US'],en,Titans,A team of young superheroes led by Nightwing (formerly Batman's first Robin) form to combat evil and other perils.,34.3603,/8e6QiSexmYKaiHGPvbhaFMmQEhc.jpg,2018-10-12,False,Titans,7.857,2881,2018
False,/fRYwdeNjMqC30EhofPx5PlDpdun.jpg,"[10765, 18]",79460,['US'],en,Legacies,"In a place where young witches, vampires, and werewolves are nurtured to be their best selves in spite of their worst impulses, Klaus Mikaelson’s daughter, 17-year-old Hope Mikaelson, Alaric Saltzman’s twins, Lizzie and Josie Saltzman, among others, come of age into heroes and villains at The Salvatore School for the Young and Gifted.",28.5398,/qTZIgXrBKURBK1KrsT7fe3qwtl9.jpg,2018-10-25,False,Legacies,8.4,3043,2018
False,/kv0vCJOoGyWQdDPK9vFnyvqqDHt.jpg,"[10759, 10765, 18]",71663,['US'],en,Black Lightning,"Jefferson Pierce is a man wrestling with a secret. As the father of two daughters and principal of a charter high school that also serves as a safe haven for young people in a New Orleans neighborhood overrun by gang violence, he is a hero to his community.",19.5918,/h1xbvvO6oqchfLe6xh0yLNnQxeM.jpg,2018-01-16,False,Black Lightning,6.917,965,2018
False,/A6I3M4MIA2Pi2gS6vGdg2eVlVXT.jpg,"[10765, 18]",68421,['US'],en,Altered Carbon,"After 250 years on ice, a prisoner returns to life in a new body with one chance to win his freedom: by solving a mind-bending murder.",18.2374,/AisK4uFsnwwmMkSynFpNl0VeGR.jpg,2018-02-02,False,Altered Carbon,7.634,2322,2018
False,/3UZ43UxVAFmtbQGFdZQ8KxiwJO5.jpg,"[9648, 10765, 18]",79242,['US'],en,Chilling Adventures of Sabrina,"Magic and mischief collide as half-human, half-witch Sabrina navigates between two worlds: mortal teen life and her family's legacy, the Church of Night.",18.2903,/yxMpoHO0CXP5o9gB7IfsciilQS4.jpg,2018-10-26,False,Chilling Adventures of Sabrina,8.164,3788,2018
False,/ssyZgYScV9eClakZDwu4sPrgMmy.jpg,"[9648, 18, 10765]",75191,['US'],en,The Terror,A chilling anthology series featuring stories of people in terrifying situations inspired by true historical events.,17.5867,/fUVn5mScv83FfwrRUUR694yA7bd.jpg,2018-03-26,False,The Terror,7.353,1027,2018
False,/mZOw5cBXPDfSv1T8IFWsWi8Wktp.jpg,"[10765, 18]",77236,['GB'],en,A Discovery of Witches,Closet witch Diana Bishop and centuries-old vampire Matthew Clairmont are drawn into a deadly mystery and forbidden romance when a magical book shows up in an Oxford library.,20.8873,/l7MUpFAE8UEWYnO2Uv7SFtdZ2OJ.jpg,2018-09-14,False,A Discovery of Witches,7.821,885,2018
False,/tJAGIHi7tzyVwOhfuoLkJPubj3b.jpg,"[10765, 10759, 18]",75758,['US'],en,Lost in Space,"After crash-landing on an alien planet, the Robinson family fights against all odds to survive and escape. But they're surrounded by hidden dangers.",15.6032,/y8NJnTXzb4rio9uvVYFVrXEMofU.jpg,2018-04-13,False,Lost in Space,7.498,1892,2018
False,/lpItdOGWnECp6CSzTnXldQ6uY2B.jpg,"[10759, 18, 10765]",71340,['US'],en,Krypton,"Set two generations before the destruction of the legendary Man of Steel’s home planet, Krypton follows Superman’s grandfather — whose House of El was ostracized and shamed — as he fights to redeem his family’s honor and save his beloved world from chaos.",15.1679,/kMMWb4zIZKBnO3lOpVBXCL1BeNI.jpg,2018-03-21,False,Krypton,7.098,498,2018
False,/6n5Si0RkYehKfPaDfg1p4besZqa.jpg,"[18, 10765]",79611,['US'],en,Charmed,"Set in the fictional college town of Hilltowne, Charmed follows the lives of three sisters, Macy, Mel and Maggie Vera who, after the tragic death of their mother, discover they are three of the most powerful witches of all time.",17.307,/doXHjfOtEmX8kEq1tsMnNqq9YLZ.jpg,2018-10-14,False,Charmed,7.2,488,2018
False,/f9z6gCtDlr88l2VBQOY6luaSfPi.jpg,"[35, 18, 10765]",73411,['US'],en,Maniac,"Two strangers are drawn to a mysterious pharmaceutical trial that will, they're assured, with no complications or side-effects whatsoever, solve all of their problems, permanently. Things do not go as planned.",13.9873,/kCNl4QPstAqChFD0NnLpbDFG8ul.jpg,2018-09-21,False,Maniac,7.347,1021,2018
False,/nMVuvboq4tSM22dkZb7ekQi9WKS.jpg,"[10765, 18]",71886,['US'],en,Siren,"The coastal town of Bristol Cove is known for its legend of once being home to mermaids. When the arrival of a mysterious girl proves this folklore all too true, the battle between man and sea takes a very vicious turn as these predatory beings return to reclaim their right to the ocean.",13.3214,/k906XXqqFMT93v2WMkIOtUcEAlV.jpg,2018-03-29,False,Siren,7.737,3424,2018
False,/fjrye2LYD8fu4tuaQdZCrkTbGVe.jpg,"[10765, 10759, 18]",79340,['US'],en,The Outpost,"Talon, the lone survivor of a race called the Blackbloods, sets off to the edge of civilisation to track her family's killers. On her journey she discovers she has supernatural powers which she must learn to harness in order to achieve her goals.",11.8385,/pqHFkhlO4xRRNOzWEEl3yV9KXiu.jpg,2018-07-10,False,The Outpost,7.475,278,2018
False,/4II1SxAXSCrFqJfyuiOhRozTZqc.jpg,"[18, 10765, 35, 10751]",82199,['FR'],fr,Léna - Rêve d'étoile,"When Lena Grisky, a Russian Princess and student at the Paris Opera Ballet School accidentally time travels to present day, she must quickly adapt if she hopes to keep her secret and hide from the dangerous Time Collectors.",11.6564,/uOTYMzTlXFbWDZCxxc0vX9CvBsl.jpg,2018-04-14,False,Find Me in Paris,8.004,134,2018
False,/rfK7BGBUoqXc2EiKGbKuzaeSDjW.jpg,"[10765, 18]",76719,['DK'],da,The Rain,"After a brutal virus wipes out most of the population, two young siblings embark on a perilous search for safety. A Scandinavian thriller series.",9.7266,/jtOuOpJwyEVfdaekwP1tGO8hAw7.jpg,2018-05-04,False,The Rain,7.219,1350,2018
False,/4amkATUf2mh5QL9OQ3WmHQqx9wk.jpg,"[10759, 18, 10765]",66190,['US'],en,Marvel's Cloak & Dagger,Two teenagers from very different backgrounds awaken to newly acquired superpowers which mysteriously link them to one another.,10.5394,/pYnRJuBPEqZO1o4fcxBTgmKNHfy.jpg,2018-06-07,False,Marvel's Cloak & Dagger,7.074,671,2018
False,/msWDheS03pXcpS0EgnHDleBZuJ7.jpg,"[10765, 10759]",72925,['US'],en,Stargate Origins,"Follow Catherine Langford, the young woman who witnessed her father uncover the Stargate in Giza in 1928, as she embarks on an unexpected adventure to unlock the mystery of what lies beyond the Stargate in order to save Earth from unimaginable darkness.",9.2445,/esec4AKT1BVNeQbPMO9rCHHvSvd.jpg,2018-02-14,False,Stargate Origins,5.142,176,2018
False,/9I27ONgKUNlboFFT35el1MZYKnN.jpg,"[18, 10765, 10759]",70484,['GB'],en,Britannia,An epic drama set in 43AD as the Roman Imperial Army – determined and terrified in equal measure - returns to crush the Celtic heart of Britannia - a mysterious land ruled by warrior women and powerful druids who can channel the powerful forces of the underworld. Or so they say.,10.3409,/fjdXymXAas9NSehc6GCOHQcEM05.jpg,2018-01-18,False,Britannia,6.853,228,2018
False,/aBES9VQIw3YwPXhVw3XLZtK4Eeq.jpg,"[10765, 10759, 18]",78670,['US'],en,Impulse,"16-year-old Henry Coles is an outsider in her new town of Reston, New York. With a major chip on her shoulder and no friends, she remains withdrawn and isolated, but everything changes when a traumatic encounter with a classmate triggers something deep within Henry— unleashing a power she cannot control.",8.5546,/sMZMj1gCDZA9eZzHpEmDMpQ0Iur.jpg,2018-06-06,False,Impulse,7.597,305,2018
False,/noxClZWMshoLOEQvkFLuP60zpj9.jpg,"[18, 35, 10765, 10751]",85828,['CO'],es,NooBees,"Silvia was never interested in video games. She prefers the outdoors and plays her favorite sport: basketball. Silvia is the opposite of her father, Hector, and his brother, Erick, for whom video games are the best. When Erick is presented with a unique opportunity to fulfill his greatest dream of winning the e-sports championship, Silvia goes out of his way to make it happen, even if it means to become a professional player",7.998,/wN9jKi659AGladvLjPiwNfEoiuR.jpg,2018-09-17,False,NooBees,8.1,79,2018
False,/cFIhysVgbJQPXmDqfaTP3Uub4fY.jpg,"[10765, 18]",84380,['RU'],ru,"Лучше, чем люди","Moscow in a not so distant future where human beings share their daily lives with robots. Georgy, a forensic who has a robot assistant, suddenly finds himself caught up in the first murder committed by a new kind of experimental humanoid.",7.9762,/dUigUEoz7IlImY4uJLtqnLRYEU3.jpg,2018-11-23,False,Better Than Us,7.4,456,2018
False,/scrqQwSarTbq80oUdZrj7cbpscv.jpg,"[10759, 10765]",79026,['TR'],tr,Hakan: Muhafız,"The epic adventure of Hakan, a young shopkeeper whose modern world gets turned upside down when he learns he’s connected to a secret, ancient order, tasked with protecting Istanbul.",8.4509,/xoN4wJRzeaWBfuQDYPngJgN6y9t.jpg,2018-12-14,False,The Protector,7.203,474,2018
False,/ek8QmNFDU6mxGREanfwXH0Ol344.jpg,"[10765, 10759, 35, 18]",71577,"['NZ', 'AU']",en,The New Legends of Monkey,Follow a teenage girl and a trio of fallen gods on a perilous journey as they attempt to bring an end to a demonic reign of chaos and restore balance to their world. Inspired by the 16th Century Chinese fable “Journey to the West.”,6.8927,/jwu04xIT0kNV9ZpVZ6wNBGPr0eG.jpg,2018-01-28,False,The New Legends of Monkey,7.1,206,2018
False,/bsL4ODNxisyQ4Bl2dTOoVvzcgoN.jpg,"[35, 10765]",80475,['NZ'],en,Wellington Paranormal,"New Zealand's capital is a hotbed of supernatural activity... so Officers Minogue and O'Leary, who featured in the vampire documentary What We Do In The Shadows, take to the streets to investigate all manner of paranormal phenomena.",6.4026,/eaGpAP4bKMjVlMIoGqKzMRJ2OIG.jpg,2018-07-11,False,Wellington Paranormal,6.949,117,2018
False,/oFF9NaK63iTGtsCm65hnyKYhTgc.jpg,"[10765, 18, 9648]",72548,['KR'],ko,너도 인간이니,"Nam Shin is a son from a family who runs a large company. After an unexpected accident, he falls into a coma. His mother Oh Ro-Ra is an authority on brain science and artificial intelligence. She creates an android named Nam Shin III which looks like just like her son Nam Shin. The android pretends to be Nam Shin and he has a bodyguard So-Bong.",6.084,/oVjRu96T5T68hoVwqPd8QZQo5Sp.jpg,2018-06-04,False,Are You Human?,8.119,345,2018
False,/dYP7g2vYY5L1FyZzgEETF9eeU3r.jpg,"[10765, 10759]",82491,['US'],en,Star Trek: Short Treks,Each episode tells a stand-alone story that serves as an opportunity for deeper storytelling and exploration of key characters and themes that fit into Star Trek: Discovery and the expanding Star Trek universe.,5.6718,/1IMhBaY9PyjV2QlBa4tVe3W8EQi.jpg,2018-10-03,False,Star Trek: Short Treks,6.136,107,2018
False,/7RizgNN3qH1vjDbhWrJKFoxPfrT.jpg,"[99, 10765]",79003,['US'],en,James Cameron's Story of Science Fiction,"Explore the evolution of sci-fi from its origins as a small genre with a cult following to the blockbuster pop-cultural phenomenon we know today. In each episode, James Cameron introduces one of the “Big Questions” that humankind has contemplated throughout the ages and reaches back into sci-fi’s past to better understand how our favorite films, TV shows, books, and video games were born.",5.7416,/qhanotOZnOdgmCZonug5anT0mFo.jpg,2018-04-29,False,James Cameron's Story of Science Fiction,6.8,50,2018
False,/5IXv8FIB7rIVqZgKg8HgBkLUscI.jpg,"[10765, 10762, 35, 10751, 10759]",82791,['AU'],en,The Bureau of Magical Things,"When ordinary teenager Kyra touches a mysterious book, she is transformed into a Tri-ling-–part-human, part-fairy and part-elf. In addition to acquiring amazing magical powers, Kyra discovers a secret world of magic all around her.",6.2304,/sM1E094qxukl7GOt8EC1uVDxkXR.jpg,2018-07-08,False,The Bureau of Magical Things,7.416,279,2018
False,/yhi2ztBIEcXVvApTSsLQojI6it9.jpg,"[18, 80, 10765]",83381,['AU'],en,Tidelands,"Ex-con Cal McTeer's return to her hometown of Orphelin Bay blows the lid off a generations-long conspiracy of silence around murder, drugs and Sirens.",4.8026,/tGVQa6Fym1wGkoM5o6LYFTlk6jx.jpg,2018-12-14,False,Tidelands,6.6,125,2018
False,/8Mga1PD5fVnB21JyarIE2EBu58S.jpg,"[10765, 10759]",71383,['US'],en,The Crossing,"Refugees from a war-torn country start showing up to seek asylum in an American town. Only the country these people are from is America and the war they are fleeing is 250 years in the future. The local sheriff with a past, a federal agent and a mother in search of her missing refugee daughter drive this allegory with a surprising conspiracy at the center.",4.8189,/cvoSPs6We2u88mXz2vSqjbd4kQ0.jpg,2018-04-02,False,The Crossing,6.881,164,2018
False,/A8cU6W6to9h4Yzs5ZaUdhPZpO6P.jpg,[10765],78183,['US'],en,Nightflyers,"In the year 2093, a team of scientists aboard the Nightflyer, the most advanced ship ever built, embarks on a journey to find other life forms. Their mission takes them to the edge of the solar system, and to the edge of insanity, as they realize true horror isn't waiting for them in outer space—it's already on their ship.",4.7747,/yiOc9hkVAkjmSmtGPg5lzyO7IEG.jpg,2018-12-02,False,Nightflyers,5.715,214,2018
False,/7QJxHkdqAHbLzJObaNngQkOqkfG.jpg,"[10765, 18]",77400,['GB'],en,The Innocents,"When a teenage couple runs away to be together, the extraordinary gift they possess unleashes powerful forces intent on dividing them forever.",5.41,/tLrRQiJfkqpldyIYuCNTMmR7QJv.jpg,2018-08-24,False,The Innocents,5.615,113,2018
False,/3HL1KVYqAclZgj2mPqHwIqeyeiB.jpg,"[18, 35, 10765]",82237,['KR'],ko,뷰티 인사이드,"The love story between a top actress and an airline director who each suffers an unusual phenomenon. He suffers from prosopagnosia, while every month she transforms into someone else for a week.",4.6645,/u3UGsVYD0nxsucvN7NHLzXP0FHu.jpg,2018-10-01,False,The Beauty Inside,7.863,91,2018
False,/pnKlgwSHfBcsz7zt4acZPwdvDlQ.jpg,"[18, 10765]",80741,['KR'],ko,아는 와이프,"After receiving a bizarre chance to go back in time, a man wakes up to find that his whole life — including the person he married — is different.",4.2997,/ds84fVavAJX872qh4kUHAfqjp3b.jpg,2018-08-01,False,Familiar Wife,8.044,160,2018
False,/lPnWhpVe81isngx5Dmrq3itjuF0.jpg,"[10759, 9648, 10765, 18]",83634,['KR'],ko,알함브라 궁전의 추억,"While looking for the cryptic creator of an innovative augmented-reality game, an investment firm executive meets a woman who runs a hostel in Spain.",4.1159,/18UuytTxcPSrhptyW7hHDenN70C.jpg,2018-12-01,False,Memories of the Alhambra,7.6,119,2018
False,/sypIYyvGhkHNuJ1HdURaOgZky8Z.jpg,"[18, 10765]",74159,['US'],en,The First,"Follow the first human mission to Mars, exploring the challenges of taking the first steps toward interplanetary colonization. The story focuses not only on the astronauts, but also on their families and loved ones, as well as the ground team on Earth.",4.2973,/nSnlOGjeDWWVbDMjQTdYCtavvBv.jpg,2018-09-14,False,The First,5.96,100,2018
False,/3nkyFTDzmdITnwUMoFpzREMeVUv.jpg,"[10765, 18]",71716,['US'],en,Reverie,A former detective specializing in human behavior is brought in when the launch of an advanced virtual reality program has dangerous and unintended consequences.,4.3151,/dNwsswTgAX1dd9sb61pb5rYGfUV.jpg,2018-05-30,False,Reverie,6.74,77,2018
False,/8yfhxIIeHm2e1EZM4obgqUVmCDI.jpg,"[10765, 18, 9648]",76467,['US'],en,Strange Angel,The story of the mysterious and brilliant Jack Parsons in 1940s Los Angeles as by day he helps birth the discipline of American rocketry and by night is a performer of sex magick rituals and a disciple to occultist Aleister Crowley.,3.6754,/hny4ThL6XLznSXoQ3eMDzh4cYOz.jpg,2018-06-14,False,Strange Angel,6.6,50,2018
False,/xqCLkmCACn4Gwo5tGUM1REpHzVa.jpg,[10765],82875,['GB'],en,Origin,"A group of troubled passengers wake up on a damaged spaceship abandoned in deep space, each having left behind a dark past in search of a fresh start on a newly colonized planet. As their terrifying situation spirals into paranoia, they come to realize that the greatest threat to their dream of starting over – and indeed their lives – is something far darker than the pasts they were so desperate to escape.",4.0228,/h01iyro5u51wr2e6bXadHjmQ5Dd.jpg,2018-11-14,False,Origin,7.134,224,2018
False,/6qU5awwN5S091jD5knUTOT5pm4a.jpg,"[10765, 9648]",83300,['MX'],es,Diablero,A young priest enlists the help of a demon hunter and a paranormal expert to search for a kidnapped girl in the underworld of Mexico City.,2.7847,/iWc0wt0tgRQiiSR4QzE4WfMTiF4.jpg,2018-12-21,False,Diablero,7.299,194,2018
False,/3vQxQSoSmn0ZAJRFtKNAy51pLtP.jpg,"[18, 9648, 10765]",76604,['GB'],en,Kiss Me First,To escape reality 17-year-old Leila turns to a secret virtual paradise. Her real journey begins when this digital Eden turns dark.,2.9155,/jn3c91wLnPOFVoSUzh5G97Exgxp.jpg,2018-04-02,False,Kiss Me First,6.413,109,2018
False,/4NwuX1eI1IgNVxGyU1XeJqgpRwy.jpg,"[18, 10765]",81951,['FR'],fr,Ad Vitam,"In a future where regeneration technology lets humans live indefinitely, a cop and a troubled young woman investigate a strange wave of youth suicides.",2.41,/AmYzmu4Qzw0w0zat8esBU1us9T4.jpg,2018-11-08,False,Ad Vitam,6.059,59,2018
False,/mDqK7bgPLAdIB40dWnTDOJofwdt.jpg,"[9648, 10765, 18]",80707,['IN'],hi,GHOUL,A newly minted military interrogator arrives at a covert detention center to discover that some of the terrorists held there are not of this world.,2.7868,/r3cbfNl77zK7XhFMNpdbxy0B7gW.jpg,2018-08-24,False,GHOUL,6.8,229,2018
False,/n6vVs6z8obNbExdD3QHTr4Utu1Z.jpg,"[10765, 10759]",76479,['US'],en,The Boys,A group of vigilantes known informally as “The Boys” set out to take down corrupt superheroes with no more than blue-collar grit and a willingness to fight dirty.,127.7414,/in1R2dDc421JxsoRWaIIAqVI2KE.jpg,2019-07-25,False,The Boys,8.44,13218,2019
False,/foGkPxpw9h8zln81j63mix5B7m8.jpg,"[10765, 18, 10759]",71912,['US'],en,The Witcher,"Geralt of Rivia, a mutated monster-hunter for hire, journeys toward his destiny in a turbulent world where people often prove more wicked than beasts.",53.5059,/AoGsDM02UVt0npBA8OvpDcZbaMi.jpg,2019-12-20,False,The Witcher,7.901,6817,2019
False,/9zcbqSxdsRMZWHYtyCd1nXPr2xq.jpg,"[10765, 10759]",82856,['US'],en,The Mandalorian,"After the fall of the Galactic Empire, lawlessness has spread throughout the galaxy. A lone gunfighter makes his way through the outer reaches, earning his keep as a bounty hunter.",49.4457,/sWgBv7LV2PRoQgkxwlibdGXKz1S.jpg,2019-11-12,False,The Mandalorian,8.408,11108,2019
False,/9OQ5BIITkJwRJo9JA6AlCfJIGBQ.jpg,"[18, 10765, 10768]",87917,['US'],en,For All Mankind,"Explore an aspirational world where NASA and the space program remained a priority and a focal point of our hopes and dreams as told through the lives of NASA astronauts, engineers, and their families.",48.3876,/JP3DItWMbrrLiKR5AYUfpsNf2b.jpg,2019-11-01,False,For All Mankind,7.743,994,2019
False,/u5N8tXgGDY6jS7R8Xn42LDeL0Dk.jpg,"[18, 10765, 10759]",80752,['US'],en,See,"A virus has decimated humankind. Those who survived emerged blind. Centuries later when twins are born with the mythic ability to see, their father must protect his tribe against a threatened queen.",31.4648,/lKDIhc9FQibDiBQ57n3ELfZCyZg.jpg,2019-11-01,False,See,8.077,2886,2019
False,/mKikck71CvVISUSTLk29fwRbH4y.jpg,"[35, 10765]",83631,['US'],en,What We Do in the Shadows,"A documentary-style look into the daily (or rather, nightly) lives of a group of vampires in Staten Island who have “lived” together for hundreds and hundreds of years.",29.3877,/wa3ZQE9kLnqwN3vQ0NNjg1NPsCa.jpg,2019-03-27,False,What We Do in the Shadows,7.99,1030,2019
False,/gHJhN9AJV4PmJ7YpLFa9ldDWuG8.jpg,"[10759, 10765, 18]",75006,['US'],en,The Umbrella Academy,"Reunited by their father's death, estranged siblings with extraordinary powers uncover shocking family secrets — and a looming threat to humanity.",27.4071,/qhcwrnnCnN8NE1N6XXKHFmveJR9.jpg,2019-02-15,False,The Umbrella Academy,8.5,10067,2019
False,/dQCKc5NKeKOGAQusk2FdctGB9k5.jpg,"[35, 18, 10765]",71915,['GB'],en,Good Omens,"Aziraphale and Crowley, of Heaven and Hell respectively, have grown rather fond of the Earth. So it's terrible news that it's about to end. The armies of Good and Evil are amassing. The Four Horsemen are ready to ride. Everything is going according to the Divine Plan...except that someone seems to have misplaced the Antichrist. Can our heroes find him and stop Armageddon before it's too late?",25.827,/nO68XVx5of8hlBwEOGOkPC8Mveu.jpg,2019-05-31,False,Good Omens,8.023,2378,2019
False,/sSJZVwCS0tFzcLSaQOjLpv5mFau.jpg,"[10765, 18]",79501,['US'],en,Doom Patrol,"The Doom Patrol’s members each suffered horrible accidents that gave them superhuman abilities — but also left them scarred and disfigured. Traumatized and downtrodden, the team found purpose through The Chief, who brought them together to investigate the weirdest phenomena in existence — and to protect Earth from what they find.",26.9552,/nVN7Dt0Xr78gnJepRsRLaLYklbY.jpg,2019-02-15,False,Doom Patrol,7.484,1476,2019
False,/t8KjRqfOqNx14cHLwARjR08bjeb.jpg,"[10765, 18, 10759]",68507,['GB'],en,His Dark Materials,"Lyra is an orphan who lives in a parallel universe in which science, theology and magic are entwined. Her search for a kidnapped friend uncovers a sinister plot involving stolen children and turns into a quest to understand a mysterious phenomenon called Dust. She is later joined on her journey by Will, a boy who possesses a knife that can cut windows between worlds. As she learns the truth about her parents and her prophesied destiny, the two young people are caught up in a war against celestial powers that ranges across many worlds.",20.7083,/g6tIKGc3f1H5QMz1dcgCwADKpZ7.jpg,2019-11-03,False,His Dark Materials,7.814,1930,2019
False,/kri75jPdoOdaiZJ5p7AU4qEHTuL.jpg,"[10765, 18]",86374,['FR'],en,War of the Worlds,"When astronomers detect a transmission from another galaxy, it is definitive proof of intelligent extra-terrestrial life. The world’s population waits for further contact with bated breath. They do not have to wait long. Within days, mankind is all but wiped out by a devastating attack; pockets of humanity are left in an eerily deserted world. As aliens hunt and kill those left alive, the survivors ask a burning question – who are these attackers and why are they hell-bent on our destruction?",16.0708,/yThmbQkxSzW4HHdAaoj8RYHFH3i.jpg,2019-10-28,False,War of the Worlds,7.236,924,2019
False,/jo4EZd9X4GQ8zcu2Jfi0aGExAYj.jpg,"[9648, 18, 10765]",89572,['US'],en,Nancy Drew,"Nancy Drew makes plans to leave her hometown for college, but finds herself drawn into a supernatural murder mystery instead.",14.545,/cBXeSqUE4reXkGvs3lUls8M9J72.jpg,2019-10-09,False,Nancy Drew,7.71,310,2019
False,/7gfLuaqVBdtNxKIxp9uc8sOUlQg.jpg,"[80, 18, 10765]",90027,['US'],en,Carnival Row,"In a mystical and dark city filled with humans, fairies and other creatures, a police detective investigates a series of gruesome murders leveled against the fairy population. During his investigation, the detective becomes the prime suspect and must find the real killer to clear his name.",14.5004,/jyhxT10e2z9IDsKoIQDKhyxSQJt.jpg,2019-08-29,False,Carnival Row,7.685,1431,2019
False,/hRwyiBwWKbol9tg3fLFNFkuATqL.jpg,"[10765, 18, 10759]",88052,['US'],en,Black Summer,"In the dark, early days of a zombie apocalypse, complete strangers band together to find the strength they need to survive and get back to loved ones.",13.7195,/d27fZpY8jSZDOs1k0JCL0RY0b94.jpg,2019-04-11,False,Black Summer,6.938,622,2019
False,/8vNQ3i2Xa3mrCKn6eq2ce5hhegT.jpg,"[10765, 10759]",89247,['US'],en,Batwoman,"Kate Kane, armed with a passion for social justice and a flair for speaking her mind, soars onto the streets of Gotham as Batwoman, an out lesbian and highly trained street fighter primed to snuff out the failing city's criminal resurgence. But don't call her a hero yet. In a city desperate for a savior, Kate must overcome her own demons before embracing the call to be Gotham's symbol of hope",13.1302,/pBpxKiitMuYXvtsXNSzya8DKKzV.jpg,2019-10-06,False,Batwoman,6.838,1597,2019
False,/2FXDdIGjDhEoBkuFk5NhHWLd3VX.jpg,"[35, 10765]",17174,['GB'],en,Ghosts,"A cash-strapped young couple inherits a grand country house, only to find it is both falling apart and teeming with the ghosts of former inhabitants.",13.0704,/3Xz4JtqISyVCKct96O94k4Mz5sU.jpg,2019-04-15,False,Ghosts,7.913,254,2019
False,/fh2CStc3fKFYhkKOFyUHBGksRWj.jpg,"[18, 80, 10765, 9648, 10759]",79788,['US'],en,Watchmen,"Set in an alternate history where “superheroes” are treated as outlaws, “Watchmen” embraces the nostalgia of the original groundbreaking graphic novel while attempting to break new ground of its own.",12.9562,/m8rWq3j73ZGhDuSCZWMMoE9ePH1.jpg,2019-10-20,False,Watchmen,7.628,1653,2019
False,/snfoAKeCQc2MLsLtrybiWuPUjOM.jpg,"[9648, 10765]",86686,['US'],en,Creepshow,A young boy's horror comic book comes to life in this anthology series of terrifying tales.,11.399,/fassm77VqtSDHv9x17eJ3DkGVml.jpg,2019-09-26,False,Creepshow,7.427,348,2019
False,/7esDVGdVWqLkpsrUV4bb4QoXLMU.jpg,"[10765, 9648, 18]",83135,['US'],en,The Twilight Zone,"Tales of science fiction, fantasy and the occult, exploring humanity's hopes, despairs, prides and prejudices in metaphoric ways. Next stop ahead The Twilight Zone.",11.8561,/aEuzZqJTEH9E4JwQyv8JtuCu22B.jpg,2019-04-01,False,The Twilight Zone,6.723,453,2019
False,/xsTo4EoKxk27FvY5Stwuw6CGYt.jpg,"[10765, 9648, 18]",79649,['US'],en,Project Blue Book,"A chronicle of the true top secret U.S. Air Force-sponsored investigations into UFO-related phenomena in the 1950s and ’60s, known as “Project Blue Book”.",9.8772,/rqrzjT5nc7mTD5IKVMLRhLeyzgD.jpg,2019-01-08,False,Project Blue Book,8.125,1126,2019
False,/uHX0qVAbl6ppIydOrqpvS6uqIa3.jpg,"[10765, 18]",82001,['US'],en,"Roswell, New Mexico","After reluctantly returning to her tourist-trap hometown of Roswell, New Mexico, the daughter of undocumented immigrants discovers a shocking truth about her teenage crush who is now a police officer—he’s an alien who has kept his unearthly abilities hidden his entire life. She protects his secret as the two reconnect and begin to investigate his origins, but when a violent attack and long-standing government cover-up point to a greater alien presence on Earth, the politics of fear and hatred threaten to expose him and destroy their deepening romance.",9.0043,/gU19YwCQXCoeQ3PcIPTOHwY5l7k.jpg,2019-01-15,False,"Roswell, New Mexico",7.753,445,2019
False,/5YEnPWmTMpPtFk3MxjlfO1U1xW5.jpg,"[9648, 10765, 18]",79240,['US'],en,Swamp Thing,"CDC researcher Abby Arcane investigates what seems to be a deadly swamp-born virus in a small town in Louisiana but she soon discovers that the swamp holds mystical and terrifying secrets. When unexplainable and chilling horrors emerge from the murky marsh, no one is safe.",10.6017,/dD3HcMczLC9wNvfNzx4pZVyl6q8.jpg,2019-05-31,False,Swamp Thing,7.409,1074,2019
False,/AtcZyZizpGhofYumo1JrjuIFkXv.jpg,"[18, 9648, 10765]",82104,['US'],en,The Order,"Out to avenge his mother's death, a college student pledges a secret order and lands in a war between werewolves and practitioners of dark magic.",9.7716,/yMPjmuSd5Fac8YMNOwofGALQWjR.jpg,2019-03-07,False,The Order,7.605,928,2019
False,/epq6I0AwVaHldCrQ6xJ5ZsAyHCF.jpg,"[10765, 18, 35]",90447,['KR'],ko,호텔 델루나,"When he's invited to manage a hotel for dead souls, an elite hotelier gets to know the establishment's ancient owner and her strange world.",9.8752,/8bizZsXoAsOTbhyFKfBogC8mgG2.jpg,2019-07-12,False,Hotel Del Luna,8.517,636,2019
False,/6ygiUWflbmz5p2LFc3COVHriQzK.jpg,"[10765, 18]",79130,['US'],en,Another Life,"After a massive alien artifact lands on Earth, Niko Breckinridge leads an interstellar mission to track down its source and make first contact.",8.0007,/htazQ0cPoloL5SJ2bqOCKh9UTcc.jpg,2019-07-25,False,Another Life,6.119,480,2019
False,/prDq9t3vxMEDKUNcLwyuWLHGeuM.jpg,"[10765, 10759, 10751]",71809,['US'],en,The Dark Crystal: Age of Resistance,"Return to the world of Thra, where three Gelfling discover the horrifying secret behind the Skeksis' power and set out to ignite the fires of rebellion and save their world.",9.833,/xnMJ7mBC8Jx4emaj7TE4TU0Qm92.jpg,2019-08-30,False,The Dark Crystal: Age of Resistance,7.817,446,2019
False,/nn37nj8LsJLmhxZIZWhVFzuiwVr.jpg,"[18, 10765]",93392,['US'],en,Raising Dion,A widowed mom sets out to solve the mystery surrounding her young son's emerging superpowers while keeping his extraordinary gifts under wraps.,8.5601,/nydKXBiLn4vpL1d5o1utbPKYdii.jpg,2019-10-04,False,Raising Dion,7.5,488,2019
False,/enRS7bE43q7VmurYqlyroOeZLGa.jpg,"[10765, 18]",85273,['US'],en,NOS4A2,"A young Victoria ""Vic"" McQueen discovers she has the power to unlock portals that help her find lost objects. As she delves further into this hidden universe, she encounters many other ""inscape travelers"" - some benevolent, and some who have been corrupted by their power. When Vic encounters Charlie Manx, an immortal who stays that way by feeding off of the souls of children, she makes a sworn enemy of Manx.",8.2975,/gnosVTTRTCqooJuipwU6C0bgOGf.jpg,2019-06-02,False,NOS4A2,7.267,437,2019
False,/mXouvrZbn8YpZMURGvw30QK8qfo.jpg,"[18, 10765]",89641,['KR'],ko,좋아하면 울리는,"Love Alarm is an app that tells you if someone within a 10-meter radius has a crush on you. It quickly becomes a social phenomenon. While everyone talks about it and uses it to test their love and popularity, Jojo is one of the few people who have yet to download the app. However, she soon faces a love triangle situation between Sun-oh whom she starts to have feelings for, and Hye-young, who has had a huge crush on her.",7.5115,/hQ8Hobo1RpYuZVQJQOCycNMHAG.jpg,2019-08-22,False,Love Alarm,8.2,2040,2019
False,/fCxjr9HRpZnE1f9IfYrDUBQHQCR.jpg,"[10762, 10765, 10759]",93520,"['CA', 'US']",en,Ghostwriter,"When a ghost haunts a neighborhood bookstore and starts releasing fictional characters into the real world, a group of friends team up to solve an exciting mystery surrounding the ghost's unfinished business.",7.6195,/cylPAXqLws5yM9oJa47MsHItBy8.jpg,2019-11-01,False,Ghostwriter,7.3,126,2019
False,/95DOsfIpXweztOlzGBU1bnePCIS.jpg,"[18, 10768, 10765]",87104,['GB'],en,Years and Years,"As Britain is rocked by unstable political, economic and technological advances, members of the Lyons family converge on one crucial night in 2019. Over the next 15 years, the twists and turns of their everyday lives are explored as we find out if this ordinary family could change the world.",6.1988,/u1FBsyMH9Tx7K5yzMnJsYRvNEKQ.jpg,2019-05-14,False,Years and Years,7.542,373,2019
False,/dK7m4ZBtwFfYfqauyPSSvJQ3uk8.jpg,"[35, 10765, 10766, 10751]",98754,"['IT', 'US']",es,Club 57,"When Eva and Rubén travel back in time to 1957, they try to go unnoticed until they find a way to return. Their plans change after Eva falls for Italian heartthrob JJ, and her actions begin to drastically alter the future.",6.1887,/pnWwd66NvuyNbchvUYSnQ2aFLyu.jpg,2019-04-16,False,Club 57,8.246,635,2019
False,/i6rkuzYRCBYUSYZJItWzBVAQ2j6.jpg,"[10765, 35, 10759, 18]",93657,['KR'],ko,어쩌다 발견한 하루,"When a high-school girl finds that she is merely a character from a comic book whose destiny is decided by the writer, she decides to change the plot to suit her desires and find the love of her life.",5.8463,/vse6Aq2BGz1CI2pa1JbOmyjXM37.jpg,2019-10-02,False,Extraordinary You,8.033,214,2019
False,/tOvVG4uigMTTZiZdUeNMd1BA22U.jpg,"[9648, 18, 10765]",96348,['TR'],tr,Atiye,A painter in Istanbul embarks on a personal journey as she unearths universal secrets about an Anatolian archaeological site and its link to her past.,6.2367,/lQasevgdY0sEc4KHWmIWAxxdM1J.jpg,2019-12-27,False,The Gift,7.348,197,2019
False,/kk7rDonuvy5cTi6M0MhPfNgsCMr.jpg,"[18, 10765]",84647,['US'],en,The Society,"When everyone else mysteriously vanishes from their wealthy town, the teen residents of West Ham must forge their own society to survive.",6.5121,/mxOlnFEQMpxjIltr9Ox06iyjjvK.jpg,2019-05-10,False,The Society,7.5,625,2019
False,/AolLwYWbASLPPNj1MialtpidpBZ.jpg,"[35, 10765]",84880,['US'],en,Now Apocalypse,"This surreal, coming-of-age comedy series follows Ulysses and his friends Carly, Ford, and Severine, who are on various quests pursuing love, sex and fame. Between sexual and romantic dating-app adventures, Ulysses grows increasingly troubled as foreboding premonitory dreams make him wonder if some kind of dark and monstrous conspiracy is going on, or if he is just smoking too much weed.",6.6461,/hCjy2VzLM4tkUJ62DAFCkdq0LHM.jpg,2019-03-10,False,Now Apocalypse,6.842,73,2019
False,/rk8nWUkxstXSYCq6M6DNmu2BQF1.jpg,"[18, 10765]",91520,['NO'],no,Beforeigners,"In the near future a new phenomenon starts happening all over the world with powerful flashes of light occurring in the ocean and people from the past mysteriously reappearing. Called ""beforeigners,"" these people come from three separate time periods: the Stone Age, the Viking era and late 19th century. A couple of years later, Alfhildr – who comes from the Viking Age – has to partner up with a burned-out police officer, Lars Haaland, to investigate the murder of a beforeigner. The pair begins to unravel a larger conspiracy behind the origin of the mysterious mass arrivals.",5.6478,/iVX1jUchy3zTaZeL12Lo7HqDEly.jpg,2019-08-21,False,Beforeigners,7.475,277,2019
False,/f0rWmWBn7lxDkx58ZdMZoYtcO1E.jpg,"[10765, 18, 10759, 80]",86752,['US'],en,Wu Assassins,"The last in a line of Chosen Ones, a wannabe chef teams up with a homicide detective to unravel an ancient mystery and take down supernatural assassins.",6.1115,/nhWgmdLveoJNw1GZBkb62aIzyNr.jpg,2019-08-08,False,Wu Assassins,6.697,231,2019
False,/tw0Gq4CuqdHL1jf4PEYVAoX4QS6.jpg,"[9648, 10765]",79272,['US'],en,The Rook,"After waking in a park with total amnesia — and surrounded by dead bodies, all wearing latex gloves — a young woman must fight to uncover her past, and resume her position at the head of Britain’s most secret (supernatural) service before the traitors who stole her memory can finish what they started.",5.236,/wwAy8PF5fx1ttY5T4pltL2vxNgs.jpg,2019-06-30,False,The Rook,6.435,100,2019
False,/xLh6Lkj0J5d4new50BxDHEB7wjj.jpg,"[10765, 18]",83981,['GB'],en,The War of the Worlds,"In Edwardian England, George and his partner Amy attempt to defy society and start a life together as they face the escalating terror of an alien invasion, fighting for their lives against an enemy beyond their comprehension.",5.5417,/zcUkFaxUtP3V3YjoS1fh8YRW19H.jpg,2019-11-17,False,The War of the Worlds,6.632,315,2019
False,/hagv8VLYecqZkD97GRiGzTyzwWq.jpg,"[10765, 18, 10759]",95202,['RU'],ru,Эпидемия,A grim drama that unfolds against the backdrop of a global catastrophe. An unknown new virus turns Moscow into a city of the dead. Money loses its value and those not yet infected struggle desperately for food and survival.,5.5117,/miwLlQleUq3br4ozZl3p3hCLrkv.jpg,2019-11-14,False,To the Lake,7.322,289,2019
False,/7hqf0VLmr5EaWJYXhjxgTrCUXl6.jpg,"[10765, 10759, 18]",77459,['US'],en,The Passage,"A post-apocalyptic story about a botched U.S. government experiment that turns a group of death row inmates into highly infectious vampires, and an orphan girl who might be the only person able to stop the ensuing crisis.",5.442,/np1jcUOCjTGpoIzKwCnV35zxu5B.jpg,2019-01-14,False,The Passage,6.937,358,2019
False,/8X2Spv8G73k3HKh8TIfsFzSiHhQ.jpg,"[10765, 10759, 18]",90670,['US'],en,Pandora,"In the year 2199, a young woman who has lost everything finds a new life at Earth's Space Training Academy where she learns to defend the galaxy from intergalactic threats.",5.1581,/yiFgP8qmJ44C60fKof2BIlUGiIe.jpg,2019-07-16,False,Pandora,5.468,124,2019
False,/zMZ75Ui71g5QjDgEeFpn26bqDCA.jpg,"[9648, 35, 10765]",92911,['KR'],ko,날 녹여주오,Ma Dong-chan and Go Mi-ran are both frozen during an experiment. They wake up 20 years later instead of 24 hours later and must keep their body temperature above 30°C in order to survive.,5.5294,/tci1NuarDuRJqCVKYzsX4FVUL91.jpg,2019-09-28,False,Melting Me Softly,7.7,73,2019
False,/6W1dWcoqpl2NrgqkAXWa0aTTBBK.jpg,"[35, 10765, 9648, 18]",88328,['KR'],ko,어비스,"After meeting an untimely demise in separate incidents, Cha Min and Go Se-yeon discover they’ve come back to life in new bodies they don’t recognize.",5.2074,/ttcqbLutnHABQwDiW1k7dxnsJLV.jpg,2019-05-06,False,Abyss,8.1,205,2019
False,/jHF1ys6WjpKpgj3JPTCP65pN96v.jpg,"[18, 10765]",90755,['US'],en,The I-Land,"Wiped clean of memories and thrown together, a group of strangers fight to survive harsh realities -- and the island that traps them.",4.665,/Muev370hN3vdjGsC1ip1HcWqbT.jpg,2019-09-12,False,The I-Land,5.438,313,2019
False,/12Mo9OkBwj32QJKCGV5xKBko9OV.jpg,"[10765, 18]",81559,"['CA', 'US']",en,V Wars,"After a mysterious disease begins transforming people into vampires, Dr. Luther Swann is pitted against his best friend, now a powerful vampire leader.",5.0221,/njOxOfBp0d7DgdrMnOH1VugC9yZ.jpg,2019-12-05,False,V Wars,7.247,348,2019
False,/6X36iMqzu18dbsmXGGBxj7UU8wW.jpg,"[18, 9648, 10765]",91962,['US'],en,Emergence,"A police chief takes in a young child she finds near the site of a mysterious accident who has no memory of what has happened. The investigation draws her into a conspiracy larger than she ever imagined, and the child’s identity is at the center of it all.",5.1381,/r9nmcmP6IOIJV9K61dXIUuNWxdV.jpg,2019-09-24,False,Emergence,6.933,201,2019
False,/9pFtwSp8tQwbeu5c05wejFIfP8L.jpg,"[35, 9648, 10765, 18]",87302,['KR'],ko,사이코메트리 그녀석,Lee Ahn has the ability to read a person's secrets as soon as he touches them. He meets a woman who has secrets that she desperately tries to hide. The two team up to bring down criminals.,4.2515,/lCWNdVLOXGFCEP9em00aKA0DLh9.jpg,2019-03-11,False,He Is Psychometric,7.5,64,2019
False,/9ODGMEfZ5Oi9xuQFJ7JTn1Iw8CV.jpg,"[10765, 10759]",83478,['US'],en,Daybreak,"Living his best life in post-apocalyptic LA, a slacker strives to find the girl of his dreams while outwitting mindless ghouls and cliquish gangs.",4.9292,/AbnOGmAe7harXNwRAz7XywpHr8F.jpg,2019-10-24,False,Daybreak,6.973,484,2019
False,/obs7tk7WTotGGS3j4W0EwYK5hYO.jpg,"[10765, 18]",85703,['CO'],es,Siempre bruja,"A young 17th-century witch time travels to the future to save the man she loves, but first must adjust to present-day Cartagena and defeat a dark rival.",4.4683,/uzabhHPInLMsIozkW0IBVeXFRrY.jpg,2019-02-01,False,Always a Witch,7.1,143,2019
False,/1RVHJAaiXWF4rTrTW0uJgLU0E2v.jpg,"[35, 10765]",80483,['US'],en,Weird City,"Set in the not-too-distant future, this comedy anthology explores the issues of everyday life in the metropolis of Weird — stories that can only be told through the prism of sci-fi and comedy.",4.9997,/gFUXy6hfbe3QaUl9AtFDIbyquzo.jpg,2019-02-13,False,Weird City,6.107,103,2019
False,/7lAXqljndcY4SI62W3YT06Men0M.jpg,"[9648, 10765, 18]",95717,['TW'],zh,想見你,"Yu-Hsuan lost her boyfriend Chuan-Sheng in plane accident. She then discovered Chuan-Sheng and a girl look alike Yu-Hsuan both appeared in a photo taken in 1998. Accidentally, she had backed to 1998 and met a boy looked alike Chuan-Sheng.",4.5062,/tZF4fNtVSeTPSp0k2jp4qrupgbb.jpg,2019-11-17,False,Someday or One Day,9.0,57,2019
False,/QI98gl2VSrhW4lu7TtleejSb3n.jpg,"[10759, 18, 10765]",82807,['DE'],de,8 Tage,"With a huge asteroid rushing towards Europe, there are only eight days left till impact. In the face of the apocalypse everything changes; laws and rules are abandoned. Who can save themself, what is really important now?",3.4072,/bi6APA890lIOY50QfPtFttOULs6.jpg,2019-03-01,False,8 Days,5.754,61,2019
False,/dMG6CvFs0fAIRIxJvHEDWSTo0nb.jpg,"[80, 9648, 18, 10765]",91699,['CO'],es,Frontera Verde,"When a young Bogotá-based detective gets drawn into the jungle to investigate four femicides, she uncovers magic, an evil plot and her own true origins.",3.2506,/yyR96MYj2fPtPQBOyfR8v9JcMQr.jpg,2019-08-16,False,Green Frontier,6.669,127,2019
False,/aBlYlgkqZiBNxYGwEYNMIztA2ca.jpg,"[10765, 18]",92647,['FR'],fr,Il était une seconde fois,"Months after a crushing breakup, a man receives a mysterious package that opens a portal to the past -- and gives him a chance to win back his ex.",3.376,/rACSv2uaTHT9Szr3Ci5nLbTpp9t.jpg,2019-08-29,False,Twice Upon a Time,6.4,115,2019
False,/7gUMBeUuvAbwHVTi2w1xPr0Jp33.jpg,"[10765, 80, 18]",94801,['FR'],fr,Mortel,"Sofiane, Victor and Luisa, three seemingly incompatible teenagers find themselves bound together by a supernatural force.",2.8879,/pl17VxY5BPKlWIGlUhFIGTKCKZ1.jpg,2019-11-21,False,Mortel,7.274,133,2019
False,/bhXvKHW83o4PrklW9lyqmmTzcwG.jpg,"[10765, 18]",85424,['FR'],fr,Osmosis,"In Paris of the near future, a dating app matches singles with their soul mates by mining their brain data. But decoding true love comes at a price.",2.6425,/6Icp1ZemXeyzvqNe7xP3f8HVhzw.jpg,2019-03-29,False,Osmosis,5.533,75,2019
False,/ugRoBb9YsLudOeLBZBZiHTNK6Z0.jpg,"[18, 10765]",88589,['JO'],ar,جن,The lives of a group of teenagers are disrupted when a spiritual figure appears in front of them in the ancient city of Petra. They must try and stop Jinn from destroying the world.,23.8697,/lzM1DpyGJJ84JzBLZnS2zlVjPQ7.jpg,2019-06-13,False,Jinn,5.426,54,2019
False,/gH924Hhqk5Mk9guQfxVJsNvcMSq.jpg,"[18, 10765]",81947,['US'],en,The InBetween,"Cassie Bedford has visions... whether she likes it or not. Sometimes she encounters unsettled spirits who need her help. When her father, Detective Tom Hackett, and his new partner, former FBI agent Damien Asante, need assistance, Cassie reluctantly uses her abilities and helps solve some of the city’s most challenging cases.",2.9406,/j4aKlHjHuLqZiBlYLCEkXKlgakn.jpg,2019-05-29,False,The InBetween,7.053,95,2019
False,/kw346aKWerz7DZpbG2IGOr1l21N.jpg,"[9648, 10765, 18]",95292,['MX'],es,Dani Who?,,1.2964,/Ro8UFt3a8nm7hJ3fq9hjQgHSMh.jpg,2019-11-03,False,Dani Who?,7.6,67,2019
False,/mceCXNTny6a5F3rQgShLoyARw4l.jpg,"[10765, 10759]",96648,['KR'],ko,스위트홈,"As humans turn into savage monsters and the world plunges into terror, a handful of survivors fight for their lives — and to hold on to their humanity.",35.559,/7rNWciOcHOH97XIeS1KFuMmjyky.jpg,2020-12-18,False,Sweet Home,8.213,1598,2020
False,/lodNd9ITHf32q8ybHArHqoWOcXf.jpg,"[10765, 10759, 18]",85949,['US'],en,Star Trek: Picard,"Set twenty years after the events of Star Trek Nemesis, we follow the now-retired Admiral Picard into the next chapter of his life.",28.424,/nIlAKIrLKxOeoEnc0Urb65yNCp.jpg,2020-01-23,False,Star Trek: Picard,7.237,1919,2020
False,/zFJxwXtW3Y7FSDrc2FnVFpQCcY1.jpg,"[10765, 18]",79680,['US'],en,Snowpiercer,"More than seven years after the world has become a frozen wasteland, the remnants of humanity inhabit a gigantic, perpetually-moving train that circles the globe as class warfare, social injustice and the politics of survival play out.",28.1943,/exKzfiKzMdQBHrdd7zNmKauJkbg.jpg,2020-05-17,False,Snowpiercer,7.358,1448,2020
False,/moH3PdysmUl8vrsYVM4l2ZZiRAd.jpg,"[35, 10765, 18]",86248,['US'],en,Upload,"In 2033, people who are near death can be “uploaded” into virtual reality hotels run by 6 tech firms. Cash-strapped Nora lives in Brooklyn and works customer service for the luxurious “Lakeview” digital afterlife. When L.A. party-boy/coder Nathan’s self-driving car crashes, his high-maintenance girlfriend uploads him permanently into Nora’s VR world.",19.2996,/6TPGDrU9MyWbn2TpggJphVAVXiq.jpg,2020-04-30,False,Upload,7.771,1457,2020
False,/nYxqUQaYGUv3pgMfe9BQ2WtUMQu.jpg,"[10765, 18, 9648]",86423,['US'],en,Locke & Key,"After their dad's murder, three siblings move with their mom to his ancestral estate, where they discover magical keys that unlock powers — and secrets.",18.8248,/zuxGfRKziGHPogipnEXXykdDmyT.jpg,2020-02-07,False,Locke & Key,7.741,1482,2020
False,/b5lKppEquuQWm6fTjGcu2g8FJgs.jpg,"[10765, 10759, 18]",80986,['US'],en,DC's Stargirl,"Courtney Whitmore, a smart, athletic and above all else kind girl, discovers her step-father has a secret: he used to be the sidekick to a superhero. ""Borrowing"" the long-lost hero’s cosmic staff, she becomes the unlikely inspiration for an entirely new generation of superheroes.",17.3058,/JJxVsQPPiuLcArALotMHsCubeo.jpg,2020-05-18,False,DC's Stargirl,7.682,1178,2020
False,/jIGB53Yto6xOFrFJoOjGKQ9V0ak.jpg,"[9648, 18, 10765]",90259,['US'],en,The Third Day,"A unique story told over two distinct halves, ""Summer"" follows Sam, a man drawn to a mysterious island off the British coast where he encounters a group of islanders set on preserving their traditions at any cost. ""Winter"" follows Helen, a strong-willed outsider who comes to the island seeking answers, but whose arrival precipitates a fractious battle to decide its fate.",15.5875,/cW3xE7FKgkXRE1RdZyvUJIoDBFg.jpg,2020-09-14,False,The Third Day,6.469,229,2020
False,/na2xUduK8HviOFT97TiFG2MkJmY.jpg,"[10765, 18]",85723,['US'],en,Raised by Wolves,"After Earth is ravaged by a great religious war, an atheistic android architect sends two of his creations, Mother and Father, to start a peaceful, godless colony on the planet Kepler-22b. Their treacherous task is jeopardized by the arrival of the Mithraic, a deeply devout religious order of surviving humans.",12.6441,/mTvSVKMn2Npf6zvYNbGMJnYLtvp.jpg,2020-09-03,False,Raised by Wolves,7.509,1813,2020
False,/qCReQONjNVaW4QFN2V5vCOzPvex.jpg,"[10759, 10765, 18]",88987,['US'],en,Helstrom,Daimon and Ana Helstrom are the son and daughter of a mysterious and powerful serial killer. The siblings have a complicated dynamic as they track down the terrorizing worst of humanity — each with their attitude and skills.,12.4108,/5QmcKsepYpO9XYsWNLwsiULoaAu.jpg,2020-10-16,False,Helstrom,6.687,246,2020
False,/bgTm5TTI6uoY0RbLA3Fbl5z32JG.jpg,"[10765, 18]",93846,['KR'],ko,더 킹 : 영원의 군주,Korean emperor Lee Gon tries to close the doors to a parallel world which was opened by demons; a detective tries to protect the people and the one she loves.,10.215,/7SLlbkzOJb8v9wXVYIcqozx2hxe.jpg,2020-04-17,False,The King: Eternal Monarch,8.2,911,2020
False,/vlxHVv236ehbde3qXc5R1ewAn4B.jpg,"[18, 10765]",94305,['US'],en,The Walking Dead: World Beyond,A heroic group of teens sheltered from the dangers of the post-apocalyptic world receive a message that inspires them to leave the safety of the only home they have ever known and embark on a cross-country journey to find the one man who can possibly save the world.,10.6768,/6HanIV2hTLE2w7A5bI1KJb3bTL7.jpg,2020-10-04,False,The Walking Dead: World Beyond,7.328,1220,2020
False,/wu444tM9YBllq9UcBv5TeidO3j3.jpg,"[10765, 18, 9648]",91557,['NO'],no,Ragnarok,A small Norwegian town experiencing warm winters and violent downpours seems to be headed for another Ragnarök -- unless someone intervenes in time.,9.9471,/9rWGgUJSuVEgaScOKbJPc9wkR3v.jpg,2020-01-31,False,Ragnarok,7.755,1138,2020
False,/s1pIx94IaokrvqTC5p4rGuECKbW.jpg,"[35, 10751, 10765]",99583,['US'],en,Danger Force,Captain Man has a new crew of superhero sidekicks - Danger Force. Captain Man and Schwoz create a fake school to train the kids to harness their uncontrollable superpowers to fight crime.,9.7752,/gsvZYRnpcYJoefRlFWFKx9o0P4H.jpg,2020-03-28,False,Danger Force,7.874,289,2020
False,/oPJQvS8Xyg7chAX0jQoC2smqMxv.jpg,"[10765, 18, 35, 9648]",108284,['KR'],ko,구미호뎐,A TV producer discovers a secret supernatural world as she becomes entangled with a former deity who's spent centuries searching for his lost lover.,10.3104,/v7VEIX1yOcFWY17eUprNhAS9xEp.jpg,2020-10-07,False,Tale of the Nine Tailed,8.353,493,2020
False,/zs803kZR1rT5niAakQokxtp3Uqv.jpg,"[18, 35, 10765]",108261,['KR'],ko,철인왕후,"A modern chef suddenly becomes trapped inside the body of a queen from the Joseon era, which causes chaos for everyone involved.",8.6038,/ozuyMnOO5pekDklyPpUL1Htkuzy.jpg,2020-12-12,False,Mr. Queen,8.501,504,2020
False,/oG3Lsjw6a4mvqhsqA1KtWiaxdH3.jpg,"[10765, 10759]",98178,['US'],en,Amazing Stories,"This reimagining of the classic anthology series transports everyday characters into worlds of wonder, possibility, and imagination.",9.3978,/3R5V6R3t1ZVtU2ZpTQT21GNgceb.jpg,2020-03-06,False,Amazing Stories,7.305,465,2020
False,/jJUSFRv8horOPkVkK0r1o0OwuW9.jpg,"[10765, 18, 10759]",91977,['US'],en,Motherland: Fort Salem,"Set in an alternate America where witches ended their persecution over 300 years ago by cutting a deal with the government to fight for their country, the series follows three young women from basic training in combat magic into early deployment.",8.8908,/s2dBDw3ns9rss51ikDtcINehMQM.jpg,2020-03-18,False,Motherland: Fort Salem,7.912,545,2020
False,/b7MUOLzo9kxQRSjGHwp589HMdxI.jpg,"[10765, 18]",86382,['US'],en,The Stand,"In a world mostly wiped out by the plague and embroiled in an elemental struggle between good and evil, the fate of mankind rests on the frail shoulders of the 108-year-old Mother Abagail and a handful of survivors. Their worst nightmares are embodied in a man with a lethal smile and unspeakable powers: Randall Flagg, the Dark Man.",9.087,/w6XiuRK5QQaLNmIqDRCWOpEcHwi.jpg,2020-12-17,False,The Stand,6.798,742,2020
False,/eLQx33dMaa5mW16TFIZbhaeSqer.jpg,"[10759, 18, 10765]",87689,['US'],en,Warrior Nun,"After waking up in a morgue, an orphaned teen discovers she now possesses superpowers as the chosen Halo-Bearer for a secret sect of demon-hunting nuns.",8.6314,/fLP0mA7FiERZhDP1NJUaHpm6XM8.jpg,2020-07-02,False,Warrior Nun,7.9,1323,2020
False,/5cv0cgTIGv0jnkWsMAoCObA0XCd.jpg,"[18, 9648, 10765]",93784,['US'],en,Tales from the Loop,"The story of the town and people who live above “The Loop,” a machine built to unlock and explore the mysteries of the universe – making things possible that were previously relegated only to science fiction.",7.9387,/56D0QFyLhrRp1ZTBz8Gw10qtZas.jpg,2020-04-03,False,Tales from the Loop,7.036,502,2020
False,/5yf5yfogIxhHhDU7F2Nuk1BsTYQ.jpg,"[10765, 18, 9648]",81349,['US'],en,Devs,"Young computer engineer Lily Chan investigates the secretive development division of her employer, a cutting-edge tech company based in San Francisco, which she believes is behind the murder of her boyfriend.",9.7632,/uv63iNWOh69bSJYJQZjiX6n8B3m.jpg,2020-03-05,False,Devs,7.34,835,2020
False,/suA6aZe1OCTtnv4W3nfDM8GiSaC.jpg,"[35, 10765]",90811,['US'],en,Avenue 5,"40 years in the future, space captain Ryan Clark and the crew of the luxury space cruise ship Avenue 5 navigate disgruntled passengers and unexpected events after experiencing technical difficulties onboard.",8.4882,/inSe4HBqnwIoeqoChGlagVs0avG.jpg,2020-01-19,False,Avenue 5,6.555,437,2020
False,/d77WPPNbuvyGJJ675UFokVmOKHb.jpg,"[18, 35, 10765]",90260,['US'],en,I Am Not Okay with This,"Angsty Syd navigates high school awkwardness, family drama and an unrequited crush on her best friend while trying to rein in her budding superpowers.",8.7838,/kf3yX0ILNlLJ42X3lX2iYJ3QRp6.jpg,2020-02-26,False,I Am Not Okay with This,7.997,1998,2020
False,/jIZTOHGp5jUlzOh7Uaculusrpkc.jpg,"[10759, 10765]",83125,['GB'],en,Cursed,"In this fresh take on the Arthurian legend, teenager Nimue joins forces with mercenary Arthur on a quest to find Merlin and deliver an ancient sword.",7.6911,/wrLC5kx0nEq9U0MyJD7dnOT6m5F.jpg,2020-07-16,False,Cursed,7.1,986,2020
False,/43z4F6CFzzn99yYESg7O9lI3TEi.jpg,"[10765, 18, 80, 9648]",83685,['US'],en,Penny Dreadful: City of Angels,"Rooted in the conflict between characters connected to the deity Santa Muerte and others allied with the Devil, this saga explores an exciting mix of the supernatural and the combustible reality of 1938 Los Angeles, a time and place deeply infused with Mexican-American folklore and social tension.",8.0281,/w8lrENZZBMHTUpXNUlxt81Ks7G2.jpg,2020-04-26,False,Penny Dreadful: City of Angels,6.771,369,2020
False,/5DNuJ7lTzwHTpmDywiSjzH6E3SK.jpg,"[10765, 18]",93289,['US'],en,Brave New World,"In a utopia whose perfection hinges upon control of monogamy and privacy, members of the collective begin to question the rules, putting their regimented society on a collision course with forbidden love and revolution.",6.9076,/vPl7hAY0vt0OPhIflRb5IXrssBv.jpg,2020-07-15,False,Brave New World,6.644,236,2020
False,/qx7qy2GJOc7yGY6WENyBU3OVv7A.jpg,"[18, 9648, 10765]",82816,['US'],en,Lovecraft Country,"The anthology horror series follows 25-year-old Atticus Freeman, who joins up with his friend Letitia and his Uncle George to embark on a road trip across 1950s Jim Crow America to find his missing father. They must survive and overcome both the racist terrors of white America and the malevolent spirits that could be ripped from a Lovecraft paperback.",7.9855,/fz7bdjxPColvEWCGr5Kiclzc86d.jpg,2020-08-16,False,Lovecraft Country,7.139,789,2020
False,/hGtx3dAB6x0ShXpDk4BBvt74Mtx.jpg,"[18, 35, 10765]",99654,['KR'],ko,18 어게인,"At a difficult place in his marriage and career, a middle-aged man gets a shot at a do-over when he's transformed back into his 18-year-old body.",7.6476,/jwrumjdNdtlHRzthQEj9HmxehcR.jpg,2020-09-21,False,18 Again,8.345,268,2020
False,/7bpQnv93kbYhbhzmJnEjbE8aMof.jpg,"[10765, 80, 18]",100771,['US'],en,Soulmates,"Fifteen years into the future, science has made a discovery that changes the lives of everyone on the planet – a test that unequivocally tells you who your soulmate is.",7.653,/g2mvINQCGACb9sswdKXh1KwpwzB.jpg,2020-10-05,False,Soulmates,6.11,91,2020
False,/8l2Yww7XGCBXIXllloQin0zLhwR.jpg,"[10765, 18, 9648]",107119,['US'],en,Monsterland,"In this fantasy anthology series, encounters with mermaids, fallen angels and other strange beasts drive broken people to desperate acts in an attempt to repair their lives, ultimately showing there is a thin line between man and beast.",5.9921,/trfjxF8LN8NuXxSsmGToRCFMdoH.jpg,2020-10-02,False,Monsterland,6.529,102,2020
False,/m4HDpHctXGAjL7BeybMffXP8jMZ.jpg,"[10765, 18, 80]",89571,['US'],en,NEXT,"A Silicon Valley pioneer discovers that one of his own creations – a powerful A.I. – might spell global catastrophe, and teams up with a cybercrime agent to fight a villain unlike anything we’ve ever seen – one whose greatest weapon against us is ourselves.",6.0058,/u9bJd2cx2I3xfJqHKVVSAOCmdyL.jpg,2020-10-06,False,NEXT,7.019,183,2020
False,/2TMsmPv6RMR1XvqcZSsdci0QDeh.jpg,"[10765, 35, 18]",97219,['KR'],ko,"하이바이, 마마!","Cha Yu-ri died in an accident five years ago, leaving her husband Cho Gang-hwa to raise their daughter by himself. She becomes a ghost and watches over them until one fateful day she is brought back to life by the deities and told she can become human again if she returns to her place in 49 days. Though her husband has remarried, so she must decide between her or his happiness as she slowly re-integrates back into her old lifestyle.",5.9954,/mc5nLj2EM480d6tlxKsj2GRfsDC.jpg,2020-02-22,False,"Hi Bye, Mama!",8.1,456,2020
False,/vn0QIrNW5suBiF8BXnbp1r27guN.jpg,"[10765, 18]",89233,['US'],en,Away,"American astronaut Emma Green must leave her husband and teenage daughter behind to command an international space crew embarking upon a treacherous mission. A series about hope, humanity and how we need one another if we are to achieve impossible things.",6.3025,/lkT776mSvQ9wZ8wkYsnpQuogp10.jpg,2020-09-04,False,Away,6.554,368,2020
False,/x2qrI0gQ1tK1NXuSALhZk6Eq4mG.jpg,"[18, 10765]",96160,['KR'],ko,나 홀로 그대,Unexpected love finds a lonely woman when she forms a connection with a humanlike hologram who looks exactly like his prickly creator.,4.9288,/nLbKNyUKq6WMMoPuL712m43MVhc.jpg,2020-02-07,False,My Holo Love,8.469,888,2020
False,/qKyJDrIBf24C2WwjpjnuWu3M8fu.jpg,[10765],93811,['BE'],fr,Into the Night,"When the sun suddenly starts killing everything in its path, passengers on an overnight flight from Brussels attempt to survive by any means necessary.",4.9323,/na6fk6WculNrUPCPPQSPNjNyjvX.jpg,2020-05-01,False,Into the Night,7.12,594,2020
False,/5bbXx8oopd6a6ZeG7uuxQK6JFRp.jpg,"[10765, 18]",83870,['US'],en,The Plot Against America,"An alternate American history told through the eyes of a working-class Jewish family in New Jersey, as they watch the political rise of Charles Lindbergh, an aviator-hero and xenophobic populist, who becomes president and turns the nation toward fascism.",5.6827,/rC5GUHvKxlk3WPyCh4mQ5q6HDxG.jpg,2020-03-16,False,The Plot Against America,6.626,210,2020
False,/zIML9hklxKu9qbESWrSPwD25f4H.jpg,"[10751, 35, 10765]",106292,['US'],en,Julie and the Phantoms,Teenage Julie finds her passion for music and life while helping the Phantoms -- a trio of ghostly guys -- become the band they were never able to be.,4.9012,/m6uNY62Rx6gpUkC7urCOrOTlaj2.jpg,2020-09-10,False,Julie and the Phantoms,8.4,624,2020
False,/h31iY3429ivyMCRr9gyt2msBECn.jpg,"[10759, 80, 9648, 10765, 18]",97766,['KR'],ko,루갈,A police detective who loses everything to a criminal organization seeks payback when he gains special abilities through biotechnology.,4.7094,/lLXeqmvJ6KnWz1ifLMBPHYOovCt.jpg,2020-03-28,False,Rugal,6.8,58,2020
False,/6MBRKVIEvtWMSf7iwt0oivylzPD.jpg,"[18, 10765, 35]",99491,['KR'],ko,쌍갑포차,"At this mysterious late-night food cart run by an equally mysterious woman and her part-timer, customers are provided a space for respite and counseling through their dreams. But most importantly, everyone here is treated equally—living or dead.",4.6269,/ol3UYd3EfHmz5jz777jpAPwGxwp.jpg,2020-05-20,False,Mystic Pop-up Bar,8.0,77,2020
False,/1IO3hNWCeGStVuCopf6bJnazWyz.jpg,"[10765, 18]",113600,['DK'],da,Equinox,"Haunted by visions after her sister vanished with her classmates 21 years before, Astrid begins an investigation that uncovers the dark, eerie truth.",4.2775,/7ZSiiqcAuygy8C57IrPiM50jO65.jpg,2020-12-30,False,Equinox,7.107,281,2020
False,/mJfXmAD7ABHla1fuzL29rZqoxrN.jpg,"[18, 10765, 10768, 9648]",93522,['ES'],es,La valla,One family’s fight for survival in a future dystopian Madrid illustrates the disparity between two worlds separated by a fence — and so much more.,4.0704,/qvlAuCWqBkXH9tO9kO6CTupA9XT.jpg,2020-01-19,False,The Barrier,6.989,135,2020
False,/3hXXr61RZH3Ve0pejLWPvrJv9n.jpg,"[10765, 18]",87313,['KR'],ko,보건교사 안은영,"Wielding a light-up sword through the dark corners of a high school, a nurse with an unusual gift protects students from monsters only she can see.",3.4444,/lR8WZYdNEcG6pmhddC04yfjOHte.jpg,2020-09-25,False,The School Nurse Files,7.29,123,2020
False,/O8K1dhtLT6XoCESJIvW9wop1Wx.jpg,"[10765, 18]",93826,['US'],en,October Faction,Monster hunters Fred and Deloris Allen tangle with evil ... and family drama with their teenage twins. From the comics by Steve Niles and Damien Worm.,4.8331,/7yrXh19tH2ThJHXriORT16WKbBi.jpg,2020-01-23,False,October Faction,6.62,288,2020
False,/yH9dFBELD5SqsibdnSBGp6ERftS.jpg,[10765],104108,['BR'],pt,Reality Z,"A zombie apocalypse that imprisons participants and producers of a reality show called Olimpo, The House of the Gods. The studio becomes a shelter for those who seek salvation in Rio de Janeiro where chaos and hopelessness begin to rule.",4.299,/hpqLI8lq8u1biqZgdQomERkIsSC.jpg,2020-06-10,False,Reality Z,6.568,279,2020
False,/3N85J8xXehqLp17P9zCImgOf0u1.jpg,"[18, 10765, 10759, 9648]",100074,['DE'],de,Biohackers,A medical student enters a top German university on a secret mission to uncover a conspiracy linking a family tragedy to a visionary biology professor.,3.9993,/g8HVazVTozhRyc9NcshHokPn3LY.jpg,2020-08-20,False,Biohackers,7.244,391,2020
False,/9KL8va1xdDCsaadjoG9fYntXskk.jpg,"[18, 9648, 10765]",93905,['DE'],de,Sløborn,A deadly virus hits a small community living on an island in the North Sea.,3.9258,/uaybYgqwtXmW9DLBZuAa4EQZxtV.jpg,2020-07-23,False,The Island,6.822,73,2020
False,/4lvWrxZZV5sYznGpBGztMunxxQS.jpg,"[9648, 18, 10765]",115538,['KR'],ko,컬러 러쉬,"Yeon-woo, neurologically colorblind, sees colors through Yoo-han in a ""color rush."" Their connection intertwines with the mystery of his missing mother.",3.7017,/ieePfhScQdToCEWzMuaskwYru0d.jpg,2020-12-30,False,Color Rush,6.3,50,2020
False,/wRqxtYHf3f2b340bWsNGMpitOqI.jpg,"[10759, 10765, 10751]",99356,['GB'],en,The Letter for the King,"Teenage squire Tiuri must deliver a secret letter to a king to prevent a war, embarking on a quest that reveals a magical prophecy and his own destiny as a hero.",3.851,/4Pwp6tqn0bKRQsbisuJ0t5rBub0.jpg,2020-03-20,False,The Letter for the King,6.8,264,2020
False,/gjIwgspMUBN2R5OVjwPGtbjxgIK.jpg,"[35, 10765]",112164,"['AU', 'US']",en,Aunty Donna's Big Ol House of Fun,"Comedy trio Aunty Donna showcase their uniquely absurd and offbeat style through an array of sketches, songs and eclectic characters.",3.6576,/xvoxuozDkw43hGP4CAmoSSW1cnq.jpg,2020-11-11,False,Aunty Donna's Big Ol House of Fun,7.331,59,2020
False,/itsgqrk6WgKwKOsNLwsQD9WUihZ.jpg,"[18, 9648, 10765]",106590,['EG'],ar,ما وراء الطبيعة,"Set in the 1960s; Paranormal follows the adventures of Dr. Refaat Ismail, a professor of hematology, as he comes up against various supernatural events with the help of his Scottish old flame, Maggie.",3.5462,/gH81qw0IcOVhRkPaWGU0cYUGDi3.jpg,2020-11-05,False,Paranormal,7.044,183,2020
False,/eOsj7XH8aY1HHUSMhhpyiTAHHxU.jpg,"[10765, 9648, 10759]",100043,['NO'],no,Blodtur,"The doomed passengers aboard a spectral bus head toward a gruesome, unknown destination in this deliciously macabre horror anthology series.",3.3571,/tYhbw1wAgSy0bTATlAw4OgfG0Ly.jpg,2020-03-13,False,Bloodride,6.825,212,2020
False,/isabVUfI0YNWm3O3OXk2YRZg7pE.jpg,"[35, 10765]",80750,['US'],en,Moonbase 8,"In the isolated desert of Winslow, Arizona at NASA’s Moon Base Simulator, three eager astronauts—Skip, Rook and their leader Cap—attempt to qualify for their first lunar mission. They encounter many obstacles including loneliness, self-doubt and their own incompetence. In spite of it all, they remain determined to prove they have the right stuff to reach the moon.",3.6844,/3hk8mDe3FxEYdn4rrFXzlCTITjM.jpg,2020-11-08,False,Moonbase 8,5.565,62,2020
False,/8h7VMfvYuD3dZgDZfWSA0ucR1yx.jpg,"[10765, 18]",99412,['US'],en,Vagrant Queen,"Elida, an orphaned queen who refuses to accept her true title, prefers to scavenge and get into scrapes throughout the galaxy as the Republic government seeks to snuff out her royal bloodline. Elida's existence is turned upside down when her friend from way back, Isaac, claims that Elida's mother, Xevelyn, is still alive.",2.7668,/s83DmhvDxeVPu4x4ZpLQ3KmGe0K.jpg,2020-03-27,False,Vagrant Queen,6.069,58,2020
False,/tBXtDa0EUy0LD1LtbwmHRxV5At.jpg,"[10765, 35, 80]",102272,['GB'],en,Code 404,"In the near future, an undercover Detective Inspector gunned down and killed during a botched sting is brought back via an experimental Artificial Intelligence project. Full of glitches, he’s got to track down the person who shot him, prove himself as a cop so as not to get shut down, and save his marriage and his friendship, all with his partner Carver to boot.",2.7332,/4mxnGq5ysyqSDF1UyBj9wAI3TwF.jpg,2020-04-29,False,Code 404,6.679,140,2020
False,/faN1IRB3QTInzayMIuXrDjXet4A.jpg,"[10765, 18]",96346,['IT'],it,Luna Nera,"In 17th-century Italy, a teenager learns about her destiny among a family of witches, just as her boyfriend's father hunts her down for witchcraft.",3.1919,/ukAWA52fqoNSfkbbNB3XkKqsycz.jpg,2020-01-31,False,Luna Nera,7.5,239,2020
False,/xtEFoiRbd4n4UZH5r8rjbZrBt8n.jpg,"[10765, 18]",98510,['BR'],pt,Onisciente,"In a city where citizens are monitored 24/7, a tech employee must outsmart her surveillance drone in order to investigate a murder.",2.771,/zqRkvPen8xg2e878b88RAPIPhU8.jpg,2020-01-29,False,Omniscient,6.438,56,2020
False,/oy66AgNNspshYjRK00mJYBRbimn.jpg,"[18, 9648, 10765]",103849,['IT'],it,Curon,"When their mother mysteriously vanishes shortly after they all arrive in her hometown, teen twins discover secrets behind the village’s tranquil facade.",2.3543,/h7jcZ7GYv5KjIqN0qBNvwPO8LBQ.jpg,2020-06-10,False,Curon,6.593,210,2020
False,/sg8a4KzDgLbEUXcNNtJxx2YlLgY.jpg,"[18, 10765]",97559,['CA'],en,Utopia Falls,"In a genre bending take on a coming of age story, a group of teens in a distant future colony uncover an ancient forbidden archive of historical, cultural and musical relics. This discovery forces them to question everything they've been taught, and use the power of music to ignite change in their reality to expose the truth.",2.5346,/rB1ZuAo5fbVr1koA3Z6zur8seBy.jpg,2020-02-14,False,Utopia Falls,7.147,58,2020
False,/7oE8sytCE6wnFTInZacDDkC6pqK.jpg,"[10751, 10765]",112718,['US'],en,The Astronauts,"Five kids accidentally launch aboard a spacecraft meant to intercept a mysterious asteroid in space. With no proper training and a malfunctioning onboard AI, the kids must work together to find their way back home.",2.2688,/adnc6gSSbqHEGcYVWFisye0ev7v.jpg,2020-11-13,False,The Astronauts,7.5,63,2020
False,/2tNgAVye3gWttMdmudnYUBdh5YE.jpg,"[10765, 18]",99935,['FR'],fr,Vampires,"A Paris teen who's half human, half vampire grapples with her emerging powers and family turmoil as she's pursued by a secret vampire community.",1.8828,/l0wFYW4n8XiBdS7heDkW0Pan6uG.jpg,2020-03-20,False,Vampires,7.392,352,2020
False,/Aj2BxEuY05HjbhX5JwQfge3sOXl.jpg,"[10765, 9648, 10759]",105849,['ES'],es,Caminantes,"In August 2019, five friends disappeared while walking the Camino de Santiago. Their trail was lost in the Irati Forest, very close to the border with France. Two weeks after their disappearance, the police found their mobile phones buried in the middle of the mountain, along with their backpacks and various personal belongings. Thanks to the recordings of the devices, it will be possible to see what happened to these five young people.",1.8256,/8WQlghDDIXs4FK26rA4j8snGx69.jpg,2020-07-10,False,Caminantes,7.1,250,2020
False,/q3jHCb4dMfYF6ojikKuHd6LscxC.jpg,"[18, 10765]",84958,['US'],en,Loki,"After stealing the Tesseract during the events of “Avengers: Endgame,” an alternate version of Loki is brought to the mysterious Time Variance Authority, a bureaucratic organization that exists outside of time and space and monitors the timeline. They give Loki a choice: face being erased from existence due to being a “time variant” or help fix the timeline and stop a greater threat.",61.3813,/rX1wQMTKFqF0gvZyS0DDQqgnQPB.jpg,2021-06-09,False,Loki,8.2,12559,2021
False,/3MmRal3Uw3O0TVMvhfM63Z3mPz3.jpg,"[35, 10765]",126027,['US'],en,Ghosts,"Samantha and Jay throw caution to the wind when they convert their recently inherited country estate into a bed-and-breakfast. Call it mislaid plans. Not only is the place falling apart, but it’s also inhabited by spirits of previous residents -- whom only Samantha can see and hear.",56.7217,/8yBQYa6AdvMY5H9CiAv0HkvF3UE.jpg,2021-10-07,False,Ghosts,8.04,452,2021
False,/7NNNXo0qG2SqH4JoG7GPvJ2hzes.jpg,"[10765, 18]",93740,['US'],en,Foundation,Follow a band of exiles on their monumental journey to save humanity and rebuild civilization amid the fall of the Galactic Empire.,40.8488,/tg9I5pOY4M9CKj8U0cxVBTsm5eh.jpg,2021-09-23,False,Foundation,7.718,1765,2021
False,/aCbOj4wc6vQUUVNKppssj2PYUy0.jpg,[10765],96580,['US'],en,Resident Alien,"Crash-landed alien Harry takes on the identity of a small-town Colorado doctor. Arriving with a secret mission, he starts off living a simple life…but things get a bit rocky when he’s roped into solving a local murder and realizes he needs to assimilate into his new world. As he does, he begins to wrestle with the moral dilemma of his mission and asking the big life questions like: “Are human beings worth saving?” and “Why do they fold their pizza before eating it?”",36.9251,/5van3ktOTqWr5lcixh5aR8NlqqW.jpg,2021-01-27,False,Resident Alien,7.79,1016,2021
False,/pPKiIJEEcV0E1hpVcWRXyp73ZpX.jpg,"[18, 10765]",95057,['US'],en,Superman & Lois,"After years of facing megalomaniacal supervillains, monsters wreaking havoc on Metropolis, and alien invaders intent on wiping out the human race, The Man of Steel aka Clark Kent and Lois Lane come face to face with one of their greatest challenges ever: dealing with all the stress, pressures and complexities that come with being working parents in today's society.",33.2328,/vlv1gn98GqMnKHLSh0dNciqGfBl.jpg,2021-02-23,False,Superman & Lois,8.06,2733,2021
False,/1P3QtW1IkivqDrKbbwuR0zCYIf8.jpg,"[10765, 18]",71914,['US'],en,The Wheel of Time,"The lives of five young villagers change forever when a strange and powerful woman arrives, claiming one of them is the child of an ancient prophecy with the power to tip the balance between Light and Dark forever. They must choose whether to trust this stranger – and each other – with the fate of the world before the Dark One breaks out of His prison, and the Last Battle begins.",31.6668,/ihBi24EIr5kwAeY2PqmsgAcCj4n.jpg,2021-11-18,False,The Wheel of Time,7.597,2455,2021
False,/lOr9NKxh4vMweufMOUDJjJhCRHW.jpg,"[10765, 9648, 18]",85271,['US'],en,WandaVision,Wanda Maximoff and Vision—two super-powered beings living idealized suburban lives—begin to suspect that everything is not as it seems.,27.5227,/ijWWwINc8h71NQ8j1LTJMFSj5wr.jpg,2021-01-15,False,WandaVision,8.2,12794,2021
False,/i9IEOD1Li1y89xRHKH9kiE8dt9z.jpg,"[10765, 18]",127235,['US'],en,Invasion,Earth is visited by an alien species that threatens humanity's existence. Events unfold in real time through the eyes of five ordinary people across the globe as they struggle to make sense of the chaos unraveling around them.,25.0807,/1PdNB3rYTcf8VXc8rcmZ0SeYxSq.jpg,2021-10-21,False,Invasion,7.08,1196,2021
False,/qhaPuyznsxb13wSQbpqSDqtNuX8.jpg,"[10765, 18, 10759]",128839,['US'],en,La Brea,"An epic adventure begins when a massive sinkhole opens in the middle of Los Angeles, pulling hundreds of people and buildings into its depths. Those who fell in find themselves in a mysterious and dangerous primeval land, where they have no choice but to band together to survive. Meanwhile, the rest of the world desperately seeks to understand what happened. In the search for answers, one family torn apart by this disaster will have to unlock the secrets of this inexplicable event to find a way back to each other.",21.8459,/wEo5pzSZ3MF4EzNvY2R1OZNX266.jpg,2021-09-28,False,La Brea,7.426,1612,2021
False,/fRwC1fjN1rp1Cw5iE4ObPEpoZWh.jpg,"[18, 10765]",125116,['US'],en,Fantasy Island,"This contemporary version of the classic drama series delves into the “what if” questions that keep us awake at night. Each episode tells emotional, provocative stories about people who walk in with a desire, but end up reborn to themselves through the magical realism of Fantasy Island.",17.5113,/bl6qV6nO0Cd4N9boVJo08pJUoB2.jpg,2021-08-10,False,Fantasy Island,5.969,81,2021
False,/r2ogqivZ9dwpU4ya7EKHA9kMcrL.jpg,"[18, 9648, 10765]",113036,['US'],en,American Horror Stories,"An anthology series of stand alone episodes delving into horror myths, legends and lore.",19.0777,/8b9FGJ9WhpkeGFOHYgKjPT5AXS6.jpg,2021-07-15,False,American Horror Stories,7.743,984,2021
False,/aTjbqMONy77fHJrIYu14g1F0d5h.jpg,"[10759, 10765]",88396,['US'],en,The Falcon and the Winter Soldier,"Following the events of “Avengers: Endgame”, the Falcon, Sam Wilson and the Winter Soldier, Bucky Barnes team up in a global adventure that tests their abilities, and their patience.",20.0339,/6kbAMLteGO8yyewYau6bJ683sw7.jpg,2021-03-19,False,The Falcon and the Winter Soldier,7.591,8950,2021
False,/xpba0Dxz3sxV3QgYLR8UIe1LAAX.jpg,"[18, 10765]",103768,['US'],en,Sweet Tooth,"On an epic adventure across a postapocalyptic world, a lovable boy who's part human and part deer searches for family and home with a gruff protector.",17.6956,/rgMfhcrVZjuy5b7Pn0KzCRCEnMX.jpg,2021-06-04,False,Sweet Tooth,7.751,1629,2021
False,/sjx6zjQI2dLGtEL0HGWsnq6UyLU.jpg,"[10759, 10765]",115036,['US'],en,The Book of Boba Fett,Legendary bounty hunter Boba Fett and mercenary Fennec Shand must navigate the galaxy’s underworld when they return to the sands of Tatooine to stake their claim on the territory once ruled by Jabba the Hutt and his crime syndicate.,15.4722,/gNbdjDi1HamTCrfvM9JeA94bNi2.jpg,2021-12-29,False,The Book of Boba Fett,7.468,3037,2021
False,/2jPv3B0ikeGjEYZKDX8vJGXJrvh.jpg,"[99, 10759, 10765]",114695,['US'],en,Marvel Studios Legends,"Revisit the epic heroes, villains and moments from across the MCU in preparation for the stories still to come. Each dynamic segment feeds directly into the upcoming series — setting the stage for future events. This series weaves together the many threads that constitute the unparalleled Marvel Cinematic Universe.",14.8197,/EpDuYIK81YtCUT3gH2JDpyj8Qk.jpg,2021-01-08,False,Marvel Studios Legends,7.359,698,2021
False,/ikU9een11dr6UFy0XzQMJv3YJQq.jpg,"[80, 9648, 10765]",117378,['KR'],ko,마우스,"A psychopath's ruthless serial murders have left the entire nation gripped by fear and chaos. An honest, justice-seeking rookie police officer and a veteran detective with a tragic past, face off against the killer. After their encounter with the psychopath, their lives change completely.",14.1275,/nU9egcLr002U23IPBqoCWqXkdwf.jpg,2021-03-03,False,Mouse,8.358,328,2021
False,/qzSjrYSZAWrjhg6Yf3hCcfJE4o0.jpg,"[18, 10765]",85720,['US'],en,Shadow and Bone,"In a world cleaved in two by a massive barrier of perpetual darkness, a young soldier uncovers a power that might finally unite her country. But as she struggles to hone her power, dangerous forces plot against her. Thugs, thieves, assassins and saints are at war now, and it will take more than magic to survive.",12.426,/mS9O9mjPlwpLTne4JgQlDkgREWA.jpg,2021-04-23,False,Shadow and Bone,7.757,1593,2021
False,/yQLk5oVP5usR6R1RBBExrcUYdr7.jpg,"[10765, 18]",106159,['US'],en,Debris,"Two federal agents from two different continents, and two different mindsets, must work together to investigate when wreckage from a destroyed alien spacecraft has mysterious effects on humankind.",11.0082,/cILrZGHgsIEpZ6VKEB3VwC2CadB.jpg,2021-03-01,False,Debris,7.051,216,2021
False,/mhFYqrTLk5JlzzdHkyu4NVzasDj.jpg,"[10765, 18]",80828,['US'],en,The Nevers,"In the last years of Victoria's reign, London is beset by the ""Touched"": people — mostly women — who suddenly manifest abnormal abilities, some charming, some very disturbing. Among them are Amalia True, a mysterious, quick-fisted widow, and Penance Adair, a brilliant young inventor. They are the champions of this new underclass, making a home for the Touched, while fighting the forces of… well, pretty much all the forces — to make room for those whom history as we know it has no place.",11.2983,/v6Xmj8Fy7ZruVTz3y2Po7O0TQh4.jpg,2021-04-11,False,The Nevers,7.897,712,2021
False,/1DmAeDIAN6nvVpgTqiurDPUwuj7.jpg,"[10765, 18]",97175,['GB'],en,Fate: The Winx Saga,"The coming-of-age journey of five fairies attending Alfea, a magical boarding school in the Otherworld where they must learn to master their powers while navigating love, rivalries, and the monsters that threaten their very existence.",11.1372,/oHj6guMrLfQcBzo3uxwBJc8Y736.jpg,2021-01-22,False,Fate: The Winx Saga,7.956,1556,2021
False,/1O3vQB8XxMrMSV8JVArxdWYfret.jpg,"[18, 9648, 10765]",106148,['CA'],en,SurrealEstate,"Aided by his own remarkable abilities and an eclectic team of associates, real estate agent Luke Roman specializes in “metaphysically engaged properties,” aka haunted houses. Together they investigate, clear and close the houses nobody else can.",10.6408,/yrwNLzth5FjydiXJK1I1tOKdAFs.jpg,2021-07-16,False,SurrealEstate,6.596,99,2021
False,/ikN8ABD9pXHuW4JFqTEHr3ae8rd.jpg,"[18, 9648, 10765]",106651,['KR'],ko,지옥,"Unearthly beings deliver bloody condemnations, sending individuals to hell and giving rise to a religious group founded on the idea of divine justice.",8.6204,/5NYdSAnDVIXePrSG2dznHdiibMk.jpg,2021-11-19,False,Hellbound,7.33,1011,2021
False,/i7l9C11wZ44e7nUqqlBIxbv3GcN.jpg,"[18, 9648, 10765]",135340,['KR'],ko,해피니스,"A new type of deadly virus spread throughout the city, and the apartment where has different social classes of people is sealed off. With the fear of the virus, and the conflicts of the different classes, the residents have to spend and survive in the new habitation.",8.2419,/tU1naKQs9Q0r5Uw9dy0PPUre0hq.jpg,2021-11-05,False,Happiness,8.1,580,2021
False,/w99Pk4pJSieveKIIc7KGXtsFT3U.jpg,"[9648, 10765, 18]",97173,['GB'],en,Behind Her Eyes,A single mother enters a world of twisted mind games when she begins an affair with her psychiatrist boss while secretly befriending his mysterious wife.,8.1591,/sfd90NIf778KoBFmpdBTow4xTm7.jpg,2021-02-17,False,Behind Her Eyes,7.344,723,2021
False,/6MQaS4mMnM2WPvsAdQvZDOTxRK9.jpg,"[10759, 80, 18, 10765]",132979,['KR'],ko,배드 앤 크레이지,"A superhero drama about Soo-yeol who has lived his whole life as a materialistic police detective, but changes into a champion for justice and fights against police corruption when a hidden persona called ""K"" awakens inside him.",8.5403,/t9CRsIT1sGZY3bEpkWPZjMb4EWy.jpg,2021-12-17,False,Bad and Crazy,7.885,109,2021
False,/uMLihaxfbeCvraDmER37t2jTNKi.jpg,"[18, 10765, 35]",116386,['KR'],ko,어느 날 우리 집 현관으로 멸망이 들어왔다,A woman with only a short time to live and a man with the supernatural power to bring the world to an end discover the true meaning of life and love.,7.032,/tgsWD4dJI5YFY8Kyk6vVjZoIKfO.jpg,2021-05-10,False,Doom at Your Service,7.916,528,2021
False,/hT4HTQJhfnWNl7tHBY3E6Nda9M6.jpg,"[10765, 10759, 18, 9648]",93484,['US'],en,Jupiter's Legacy,"As the world's first generation of superheroes (who received their powers in the 1930s) become the revered elder guard in the present, their superpowered children struggle to live up to the legendary feats of their parents.",8.1862,/9yxep7oJdkj3Pla9TD9gKflRApY.jpg,2021-05-07,False,Jupiter's Legacy,6.875,786,2021
False,/xWBD0BqiPsmXBZNeT6UMCMdMXvX.jpg,"[18, 10759, 10765, 9648]",119362,['CN'],zh,山河令,"A disillusioned leader of assassins sets out for the martial arts world, where he encounters a bosom friend and becomes entangled in a conspiracy.",8.1122,/op0ZXBZodAc12CVqEN55KxD0FYe.jpg,2021-02-22,False,Word of Honor,7.915,59,2021
False,/naudQkDg4MY2OFlYLBFU8Gq18Yt.jpg,"[10751, 18, 9648, 10765]",114547,['US'],en,Secrets of Sulphur Springs,"12-year-old Griffin Campbell and his family move to the small town of Sulphur Springs and take ownership of an abandoned hotel rumored to be haunted by the ghost of a girl who disappeared decades ago. Griffin befriends Harper, a bright-eyed, mystery-obsessed classmate and together, they uncover a secret portal that allows them to travel back in time. In the past, they’ll attempt to uncover the key to solving this unsolved mystery, a mystery that affects everyone close to them.",7.7634,/30MqitTOgIfeOhvwdMHkrM9p5mD.jpg,2021-01-15,False,Secrets of Sulphur Springs,8.2,271,2021
False,/fqKoCBkllbGeXF5jKmERtAy5eMP.jpg,"[10765, 10759, 80]",84469,['US'],en,Cowboy Bebop,"Long on style and short on cash, bounty hunters Spike, Jet and Faye trawl the solar system looking for jobs. But can they outrun Spike's past?",7.8981,/lSsCxZ1dnjcB4cmXSgMJt5qunOu.jpg,2021-11-19,False,Cowboy Bebop,6.521,484,2021
False,/z97rfiQ57Onqng3r4NomSBJRN0H.jpg,"[10765, 18]",86550,['US'],en,Y: The Last Man,Traverse a post-apocalyptic world in which a cataclysmic event decimates every mammal with a Y chromosome but for one cisgender man and his pet monkey. Follow the survivors in this new world as they struggle with their efforts to restore what was lost and the opportunity to build something better.,7.2915,/xJvTO2fLOQWwJlQ4MAt7rP8Yno0.jpg,2021-09-13,False,Y: The Last Man,6.638,322,2021
False,/fv2GZXxw53LXpgFLKOArE5Yut8F.jpg,"[9648, 18, 10765]",119934,['US'],en,Calls,Interconnected phone conversations chronicle the mysterious story of a group of strangers whose lives are thrown into disarray in the lead-up to an apocalyptic event.,7.4088,/mvp8wW6wm6LulWRtjjeBQcVXMBt.jpg,2021-03-19,False,Calls,7.087,202,2021
False,/otnWfF8LXkWN6kRoqgZ3vJI0MDn.jpg,"[10765, 18, 35]",90970,['US'],en,Made for Love,"Thirty-something Hazel Green tries to escape a suffocating marriage — until she realizes her tech billionaire husband has implanted a revolutionary tracking device, the Made for Love, in her brain.",8.1048,/4FsrPwd2umUjl2T5BExVPTlI85u.jpg,2021-04-01,False,Made for Love,6.723,213,2021
False,/wl0DQUT90o3e9gXHEeB5iyK05jb.jpg,"[9648, 18, 10765]",95839,['US'],en,Lisey's Story,This terrifying thriller follows widow Lisey Landon as a series of disturbing events revives memories of her marriage to author Scott Landon and the darkness that plagued him.,6.8527,/nBh4EuCmk3ZWfs16KKuhYHUqWdM.jpg,2021-06-04,False,Lisey's Story,6.067,135,2021
False,/bFjiFIVl8T3giKYQTweyr5Xp0QE.jpg,"[18, 10765]",114118,['KR'],ko,간 떨어지는 동거,"To become a human, a 999-year-old Gumiho, Shin Woo-yeo needs to fill his fox bead with human energy before he turns 1,000 years old. One day, a college girl, Lee Dam accidentally swallows Woo-yeo's fox bead.",7.2287,/ep3TFArcl7jYipJymsKp2zuGv1m.jpg,2021-05-26,False,My Roommate Is a Gumiho,8.1,144,2021
False,/mxC5PhhrfSkKkpyEY08etSFtysU.jpg,"[10765, 35, 10751, 18, 10766]",115304,['AR'],es,Disney Entrelazados,"Allegra dreams of joining the Eleven O' Clock music hall company, but her mother, Caterina, won't accept that. Allegra's life changes drastically when she finds a mysterious bracelet that takes her to 1994, the year Caterina was her age and was starting her career in Eleven O' Clock while she lived in Coco's shadow. Cocó is Allegra's grandmother. Will Allegra be able to change the past?",5.6684,/t2Vs8KaMUDQyY4Nur4zkrfQVuOX.jpg,2021-11-12,False,Disney Intertwined,7.7,118,2021
False,/9hNJ3fvIVd4WE3rU1Us2awoTpgM.jpg,"[18, 10765, 9648]",96777,['KR'],ko,고요의 바다,"During a perilous 24-hour mission on the moon, space explorers try to retrieve samples from an abandoned research facility steeped in classified secrets.",6.0741,/fFT0IgqtCOks4munDTxQwkvNJkd.jpg,2021-12-24,False,The Silent Sea,7.597,719,2021
False,/ki2V3d7DrQ79mYWvnXjTPLCgBdW.jpg,"[18, 10765]",95281,['ES'],es,S.O.Z: Soldados o Zombies,"Drug lord Alonso Marroquín escapes from a Mexican prison in an attempt to go into hiding. A US military secret experiment goes wrong and the elite unit from the Mexican Police that is after Marroquín gets infected, creating a new zombie species. The Army and the zombies end up at the drug lord’s hideout and a battle for human survival begins.",5.4373,/arYdHX708nDq6oWNOSjw6NczWc5.jpg,2021-08-06,False,S.O.Z: Soldiers or Zombies,7.142,703,2021
False,/vVJUOPi13perEscPewGPAUXMujN.jpg,"[10765, 18]",119279,['US'],en,Solos,"Anthology series telling character-driven stories set at different moments in time, aiming to showcase that during people's most isolated moments, and in disparate circumstances, the human experience connects everyone.",5.7068,/szoC8f6wAXGmgn0aiSDroRx7Ngs.jpg,2021-05-21,False,Solos,6.665,263,2021
False,/pZcS7g2wsGWqWvleu3f9JS288QT.jpg,"[18, 10765]",80039,['US'],en,The Underground Railroad,"Follow young Cora’s journey as she makes a desperate bid for freedom in the antebellum South. After escaping her Georgia plantation for the rumored Underground Railroad, Cora discovers no mere metaphor, but an actual railroad full of engineers and conductors, and a secret network of tracks and tunnels beneath the Southern soil.",5.7294,/CrrTqw7LHafnbdH9UcK60aOZSm.jpg,2021-05-13,False,The Underground Railroad,7.228,151,2021
False,/87IhSzFxzvZIFmLOzfl4HJPe4p2.jpg,"[10765, 9648, 18]",119955,['KR'],ko,Dr.브레인,"Brilliant brain scientist Sewon suffers a horrific personal tragedy. Desperate to uncover what happened to his family, he conducts ""brain syncs"" with the dead to access their memories for clues.",5.3408,/3bYYLQAFWHsTtJyZb0vIReJJv07.jpg,2021-11-04,False,Dr. Brain,7.196,166,2021
False,/lXzu1IZmzDulGeqqrknoE7c5hak.jpg,"[9648, 18, 10765]",110529,['BR'],pt,Cidade Invisível,An environmental police officer uncovers a hidden world of mythological entities from Brazilian folklore when he finds a connection between the mysterious appearance of a dead river dolphin on a Rio de Janeiro beach and the death of his beloved wife.,5.4594,/i6v77Rcez8BEbsQ2FbUVfzs3yT2.jpg,2021-02-05,False,Invisible City,7.165,390,2021
False,/3werZe0KJhNZbL2Tv4MuIqtg6bh.jpg,"[9648, 35, 10765]",105136,['RU'],ru,Вампиры средней полосы,"Grandpa Slava is the oldest of the Midland vampire family. They live quietly. They live by the law. They live the unremarkable life of an ordinary Russian family and they never kill humans – ever. Although, of course, everyone knows they drink blood. And when some lifeless corpses are found in a birch grove near Smolensk... their peaceful life falls under threat.",4.8757,/7AHDGuOm0pefzw4tyZ7s13VAQ8P.jpg,2021-03-18,False,The Vampires of Midland,8.262,84,2021
False,/spmEC5NT0siVLj6iMTLzYCdtAW1.jpg,"[10765, 18, 9648, 10759]",113622,['KR'],ko,시지프스 : the myth,An unfathomable incident introduces a genius engineer to dangerous secrets of the world — and to a woman from the future who's come looking for him.,5.2248,/xjnBtoMa9JNNL3adNTprAPVLWph.jpg,2021-02-17,False,Sisyphus,7.1,126,2021
False,/4sIjlFa2jn0SsWQVuTBEFgQy4eH.jpg,"[18, 9648, 10765]",98187,['GB'],en,The Irregulars,"In Victorian London, a gang of troubled street teens are manipulated into solving crimes for the sinister Doctor Watson and his mysterious business partner, the elusive Sherlock Holmes. As the crimes take on a horrifying supernatural edge and a dark power emerges, it'll be up to the Irregulars to come together to save not only London but the entire world.",4.9325,/qN6HCKR3ZRqbpGBWFctVlSTKR2k.jpg,2021-03-26,False,The Irregulars,7.107,361,2021
False,/wPJgjOfsFUny1WBo53Q9xtIMSs.jpg,"[18, 9648, 10765]",104157,['IS'],is,Katla,"A year after a subglacial volcano erupts, mysterious elements from prehistoric times emerge from the melting ice, bringing unforeseen consequences.",4.2875,/1g1eT3Kw8C57AnQdZIcLyRU4xkw.jpg,2021-06-17,False,Katla,6.916,411,2021
False,/5o5S6WOVKkGX1OSLuK2C56jGNQB.jpg,"[10765, 10759]",94235,['US'],en,The Watch,A group of misfit cops rise up from decades of helplessness to save their corrupt city from catastrophe. Inspired by the characters created by Sir Terry Pratchett’s famous “Discworld” novels.,4.5873,/8ZNamnEnExlzyEcbpg0tBviNEDc.jpg,2021-01-03,False,The Watch,5.415,82,2021
False,/mdPiSmQgydmdgZtFwAI4lr60yQY.jpg,"[18, 9648, 10765]",129418,['US'],en,Brand New Cherry Flavor,"A filmmaker heads to Hollywood in the early ’90s to make her movie but tumbles down a hallucinatory rabbit hole of sex, magic, revenge — and kittens.",4.2359,/cX4acZbi2l4v051NJZfonqY0E3X.jpg,2021-08-13,False,Brand New Cherry Flavor,6.989,314,2021
False,/g55OusfekHfbSRzQBu1f8Ae45mn.jpg,"[18, 10765, 10759]",137520,['KR'],ko,불가살,"Cursed since birth and exempt from death, a revenge-driven immortal sets out on a quest to reclaim his soul and end a 600-year-old vendetta.",4.2001,/hGtsGoccGg87FBqsokkoyHWX9cL.jpg,2021-12-18,False,Bulgasal: Immortal Souls,7.7,76,2021
False,/5eKtvO2ZS8QVCtqZj3a4xumuGnv.jpg,"[10751, 10765, 35, 10762]",133064,['US'],en,Scaredy Cats,"On Willa Ward’s twelfth birthday, she inherits a beautiful charm necklace that belonged to her mother, who was a witch.  She soon learns 2 bad witches, Wilma and Wanda are after her locket so they can have ultimate power, and she alongside her best friends Scout and Lily turn into cats to escape.",4.5307,/vhgh0RZgN3h54Xlpvuz6Atruq7W.jpg,2021-10-01,False,Scaredy Cats,6.6,81,2021
False,/sfOqq7YR75DOdUS3SbaK9fkmO01.jpg,"[10765, 18]",5768,['US'],en,Paradise City,A controversial rock band with ties to the occult and the maestros who work with them try to keep their west coast family dynamic together amidst the chaos of the industry as a haunting secret of the singer and a young groupie arrives on his doorstep. Their path intertwines with an east coast rookie kid who idolizes them and tries to make his way in the music business as the ultimate underdog.,4.169,/fSWXCeTS80yR1vHTLVRRagyQmjQ.jpg,2021-03-25,False,Paradise City,8.048,166,2021
False,/g6whHuSMRui7vh2xqy8ujv0NkZY.jpg,"[18, 35, 10765, 9648]",121695,['KR'],ko,대박부동산,"A real estate agent who rids haunted buildings of vengeful ghosts, partners with a con man to solve a 20-year-old case that is close to her heart.",4.1163,/iHjLfJScdNrFWXd15nZfsqHgkNx.jpg,2021-04-14,False,Sell Your Haunted House,7.093,54,2021
False,/1bztL5ZgA9m8OSxO51TBYyoVO8P.jpg,"[10765, 18]",93808,['DE'],de,Tribes of Europa,"2074. In the wake of a mysterious global disaster, war rages between the Tribes that have emerged from the wreckage of Europe. Three siblings from the peaceful Origine tribe are separated and forced to forge their own paths in an action-packed fight for the future of this new Europa.",3.8469,/basisPnYulsmAdTxPS57ByKWnWj.jpg,2021-02-19,False,Tribes of Europa,6.944,405,2021
False,/5tlkkZ6SNOkxx9qsRm9OwTn8uyW.jpg,"[10759, 10765]",129897,"['CA', 'US']",en,Day of the Dead,A group of strangers try to survive the first 24 hours of an undead invasion.,3.7565,/iBeWa2Ds2uCjTOlMikiBqETsS2X.jpg,2021-10-15,False,Day of the Dead,6.8,213,2021
False,/wumhVhpgwJHDxdSOHe8ahrmKBYU.jpg,[10765],119826,['GB'],en,Intergalactic,"The story of fearless young cop and galactic pilot, Ash Harper, who has her glittering career ripped away from her after being wrongly convicted of a treasonous crime and exiled to a distant prison colony.",3.4547,/5ACNgLDwj51Wa86J6t9TQrFzDTX.jpg,2021-04-30,False,Intergalactic,4.685,65,2021
False,/7wfFmI8VZTgglYEUioAcwikxUAa.jpg,"[10765, 18]",127581,['US'],en,4400,"4400 overlooked, undervalued, or otherwise marginalized people who vanished without a trace over the last hundred years are all returned in an instant, having not aged a day and with no memory of what happened to them. As the government races to analyze the potential threat and contain the story, the 4400 themselves must grapple with the fact that they've been returned with a few ""upgrades"", and the increasing likelihood that they were all brought back now for a specific reason.",3.0575,/nTYDhLtHffPAJKWn2w8sfnYhLwt.jpg,2021-10-25,False,4400,6.628,242,2021
False,/pNCZbQ5jvCbgoBfeoSx0l5dJhIM.jpg,"[18, 9648, 10765]",135864,['DK'],da,Nisser,A Christmas vacation turns into a nightmare for a teenager and her family when they discover an ancient menace that stalks their island getaway.,3.6355,/6upMMT2Uz4bhJabBCWhYKESIbF4.jpg,2021-11-28,False,Elves,6.9,245,2021
False,/ejizuNtLwHr7zAFi7SClQeLIpC8.jpg,[10765],158325,['US'],en,OATS Studios,Director Neill Blomkamp produces a series of experimental short films that envision post-apocalyptic worlds and nightmarish scenarios.,3.3795,/xv2Q6SPUbe3WYIQC2n2sfBT8w6b.jpg,2021-10-01,False,OATS Studios,6.724,85,2021
False,/pOSD74jtOox7uoEtGm5ePptDVBG.jpg,"[18, 9648, 10765, 10759]",58142,['ES'],es,Paraíso,"At the end of the summer of 1992, three 15-year-old girls, Sandra, Eva and Malena disappear without a trace from a nightclub in a coastal town. When the police investigation appears to be taking the wrong direction, Javi, Sandra’s younger brother, takes the matter into his own hands. Along with the help of his friends, they discover something not of this world.",3.0498,/afUgGf1ehS7GC9a2tCFUdU0T2Ua.jpg,2021-06-04,False,Paradise,6.2,53,2021
False,/iOYjkiqyBQSmX3SzKeW5ROTuQGK.jpg,"[35, 10765]",108353,['FR'],fr,OVNI(s),"As the dreams of Didier Mathure, a brilliant space engineer, literally go up in smoke when his rocket explodes on take-off, he is transferred to head GEPAN, a unit specializing in UFOs. He is tasked with coming up with scientific explanations for the UFO sightings that are currently dominating the headlines. This is a nightmare job for a die-hard rationalist like him, and he is determined to find a way out as soon as he can.",3.1061,/xvwpLNyKRElnlI4sUaKOBY6Z2d1.jpg,2021-01-18,False,UFOs,7.1,52,2021
False,/ollH7DfG9E0iEX9MsnuGtZYFmvQ.jpg,"[18, 10765, 35]",116045,['KR'],ko,안녕? 나야!,"Miserable and unsuccessful, a woman thinks she's lost all her spark — until one day, her spunky younger self appears in front of her demanding change.",2.8627,/yHqHL1x6y8gyzuPWljpfKe4YakC.jpg,2021-02-17,False,"Hello, Me!",7.366,93,2021
False,/1kPC5upPbdfh4l42cB824ywT0sq.jpg,"[80, 18, 10765]",119284,['GB'],en,The One,"Love — and lies — spiral when a DNA researcher helps discover a way to find the perfect partner, and creates a bold new matchmaking service.",2.4527,/klL9vBIRdEeSLtjhn83pCNcVguZ.jpg,2021-03-12,False,The One,6.5,160,2021
False,/bi8hQxzS1Ekgepzh5V2D2eg3Cxh.jpg,[10765],119861,['IT'],it,Zero,A teenager who can make herself invisible is used by an idiot to take control of the neighborhood and then meets a mysterious art student.,1.8481,/843MWmiaoMOrfnM2kPC96KfLUkt.jpg,2021-04-21,False,Zero,7.239,134,2021
False,/577eXC8wFQT0eUrJcgznSiFPRmk.jpg,"[10765, 18, 10759]",94997,['US'],en,House of the Dragon,"The Targaryen dynasty is at the absolute apex of its power, with more than 15 dragons under their yoke. Most empires crumble from such heights. In the case of the Targaryens, their slow fall begins when King Viserys breaks with a century of tradition by naming his daughter Rhaenyra heir to the Iron Throne. But when Viserys later fathers a son, the court is shocked when Rhaenyra retains her status as his heir, and seeds of division sow friction across the realm.",406.44,/7V0Ebks0GgpKvQ7QbLAIdX5dos4.jpg,2022-08-21,False,House of the Dragon,8.384,6832,2022
False,/xLdw1xdHocKYFFvx7w41NchXMfJ.jpg,"[9648, 18, 10765]",124364,['US'],en,FROM,"Unravel the mystery of a nightmarish town in middle America that traps all those who enter. As the unwilling residents fight to keep a sense of normalcy and search for a way out, they must also survive the threats of the surrounding forest – including the terrifying creatures that come out when the sun goes down.",199.0144,/pRtJagIxpfODzzb0T0NAvZSzErC.jpg,2022-02-20,False,FROM,8.501,4112,2022
False,/o2wg8QiSCQrhj91tBfxunE3O5Ba.jpg,"[10759, 18, 10765]",84773,['US'],en,The Lord of the Rings: The Rings of Power,"Beginning in a time of relative peace, we follow an ensemble cast of characters as they confront the re-emergence of evil to Middle-earth. From the darkest depths of the Misty Mountains, to the majestic forests of Lindon, to the breathtaking island kingdom of Númenor, to the furthest reaches of the map, these kingdoms and characters will carve out legacies that live on long after they are gone.",83.8238,/kf5Hz70tjNAHg4swGDzOr9BfoZ1.jpg,2022-09-01,False,The Lord of the Rings: The Rings of Power,7.228,3824,2022
False,/fZJs6xgU9dqIg9phIXjZAZOInzy.jpg,"[10765, 18]",103516,['US'],en,Star Trek: Strange New Worlds,"Follow Captain Christopher Pike, Science Officer Spock and Number One in the years before Captain Kirk boarded the U.S.S. Enterprise, as they explore new worlds around the galaxy.",58.1747,/97TTJuqiSMfU0DuXx1B4NG5QNP7.jpg,2022-05-05,False,Star Trek: Strange New Worlds,7.9,799,2022
False,/iHSwvRVsRyxpX7FE7GbviaDvgGZ.jpg,"[10765, 9648, 35]",119051,['US'],en,Wednesday,"Smart, sarcastic and a little dead inside, Wednesday Addams investigates twisted mysteries while making new friends — and foes — at Nevermore Academy.",56.0867,/9PFonBhy4cQy7Jz20NpMygczOkv.jpg,2022-11-23,False,Wednesday,8.338,10703,2022
False,/ixgFmf1X59PUZam2qbAfskx2gQr.jpg,"[18, 9648, 10765]",95396,['US'],en,Severance,"Mark leads a team of office workers whose memories have been surgically divided between their work and personal lives. When a mysterious colleague appears outside of work, it begins a journey to discover the truth about their jobs.",47.3257,/pPHpeI2X1qEd1CS1SeyrdhZ4qnT.jpg,2022-02-17,False,Severance,8.385,2816,2022
False,/aJcUU3LMlqMKBi8L3eaxGfAbd4G.jpg,"[10759, 10765, 35]",110492,['US'],en,Peacemaker,"The continuing story of Peacemaker, a vainglorious superhero/supervillain who believes in peace at any cost — no matter how many people he has to kill. After a miraculous recovery from his duel with Bloodsport, Peacemaker soon discovers that his freedom comes at a price.",45.0406,/eYzbGcYnOUlvj2fa76pTgIXogd7.jpg,2022-01-13,False,Peacemaker,8.187,3484,2022
False,/quCeAmVQHfsdcYkicbxZWVauCVb.jpg,"[10765, 10759, 18]",83867,['US'],en,Andor,"In an era filled with danger, deception and intrigue, Cassian Andor will discover the difference he can make in the struggle against the tyrannical Galactic Empire. He embarks on a path that is destined to turn him into a rebel hero.",41.2471,/khZqmwHQicTYoS7Flreb9EddFZC.jpg,2022-09-21,False,Andor,8.299,2125,2022
False,/zW0v2YT74C6tRafzqqBkfSqLAN0.jpg,"[10765, 10759]",52814,['US'],en,Halo,"Depicting an epic 26th-century conflict between humanity and an alien threat known as the Covenant, the series weaves deeply drawn personal stories with action, adventure and a richly imagined vision of the future.",30.7633,/4UmNhZCEu8Vt3byMvNxNEPyf8EY.jpg,2022-03-24,False,Halo,8.2,3227,2022
False,/1tADVruLbywl7P3TOVQmNza3aAO.jpg,"[18, 10765]",128098,['US'],en,Interview with the Vampire,A century-old vampire from New Orleans reunites with an ailing journalist to recount his life of bloodlust and his tumultuous relationship with the rakish Frenchman who turned him.,30.7387,/mQ0fbfc5ELwb2zjFZM4uwAnN3ee.jpg,2022-10-02,False,Interview with the Vampire,7.558,412,2022
False,/i8taDLjpF8cCbp53N8kOFt1LSkW.jpg,"[10765, 18, 10759]",90802,['US'],en,The Sandman,"After years of imprisonment, Morpheus — the King of Dreams — embarks on a journey across worlds to find what was stolen from him and restore his power.",26.7457,/q54qEgagGOYCq5D1903eBVMNkbo.jpg,2022-08-05,False,The Sandman,7.857,2676,2022
False,/iux1vKPT7Vw1AzetZb4Jz6wfYsm.jpg,"[10765, 9648, 10759]",92749,['US'],en,Moon Knight,"When Steven Grant, a mild-mannered gift-shop employee, becomes plagued with blackouts and memories of another life, he discovers he has dissociative identity disorder and shares a body with mercenary Marc Spector. As Steven/Marc’s enemies converge upon them, they must navigate their complex identities while thrust into a deadly mystery among the powerful gods of Egypt.",25.5325,/x6FsYvt33846IQnDSFxla9j0RX8.jpg,2022-03-30,False,Moon Knight,7.635,3606,2022
False,/8hp2CuGnw1iP5dLBVMAPUv23swx.jpg,"[10759, 18, 10765]",99966,['KR'],ko,지금 우리 학교는,A high school becomes ground zero for a zombie virus outbreak. Trapped students must fight their way out — or turn into one of the rabid infected.,22.391,/pTEFqAjLd5YTsMD6NSUxV6Dq7A6.jpg,2022-01-28,False,All of Us Are Dead,8.28,4432,2022
False,/nBZyWSGAUEzCH7Mna0zUNTpBQlQ.jpg,"[18, 10765, 10759, 9648]",135157,['KR'],ko,환혼,"A powerful sorceress in a blind woman's body encounters a man from a prestigious family, who wants her help to change his destiny.",22.5369,/gvOZN1NlAoL8iz9ghpES1zWA3w3.jpg,2022-06-18,False,Alchemy of Souls,8.588,803,2022
False,/mfcLUWASJghU8MTNK38eYktfE83.jpg,"[10765, 10759, 35]",92782,['US'],en,Ms. Marvel,"A great student, avid gamer, and voracious fan-fic scribe, Kamala Khan has a special affinity for superheroes, particularly Captain Marvel. However, she struggles to fit in at home and at school — that is, until she gets superpowers like the heroes she’s always looked up to. Life is easier with superpowers, right?",20.5025,/3HWWh92kZbD7odwJX7nKmXNZsYo.jpg,2022-06-08,False,Ms. Marvel,6.269,1486,2022
False,/p3Jmm6d1ShUrJEuU3DYD2K19c66.jpg,"[10765, 10759]",92830,['US'],en,Obi-Wan Kenobi,"During the reign of the Galactic Empire, former Jedi Master, Obi-Wan Kenobi, embarks on a crucial mission to confront allies turned enemies and face the wrath of the Empire.",15.9503,/qJRB789ceLryrLvOKrZqLKr2CGf.jpg,2022-05-26,False,Obi-Wan Kenobi,7.001,2295,2022
False,/eljErfkQUcFUgQkI4I1soZcH8MW.jpg,"[35, 10765]",92783,['US'],en,She-Hulk: Attorney at Law,"Jennifer Walters navigates the complicated life of a single, 30-something attorney who also happens to be a green 6-foot-7-inch superpowered hulk.",15.9772,/5xz2orV8f0usyrfGNshcoXHmiaV.jpg,2022-08-18,False,She-Hulk: Attorney at Law,6.085,2546,2022
False,/pECcUE53TjkrR2VsAgF7JICzH7k.jpg,"[18, 10765]",130368,['CN'],zh,苍兰诀,"When a low-ranked fairy accidentally resurrects a powerful demon, their fates become cosmically entangled as the world is thrown into turmoil.",12.7316,/9iigsYwHsBlU1As6ChDHHTJmVKd.jpg,2022-08-07,False,Love Between Fairy and Devil,8.221,183,2022
False,/hIZFG7MK4leU4axRFKJWqrjhmxZ.jpg,"[10765, 18]",95403,['US'],en,The Peripheral,"Stuck in a small Appalachian town, a young woman’s only escape from the daily grind is playing advanced video games. She is such a good player that a company sends her a new video game system to test…but it has a surprise in store. It unlocks all of her dreams of finding a purpose, romance, and glamour in what seems like a game…but it also puts her and her family in real danger.",14.2204,/2e5NNQu9B1fXBNllRj8fzysCguP.jpg,2022-10-20,False,The Peripheral,7.6,1355,2022
False,/hGjTV2L4WHJ3HfM3r33GdFVPz6d.jpg,"[10765, 18, 9648]",202102,['US'],en,Quantum Leap,"It's been nearly 30 years since Dr. Sam Beckett stepped into the Quantum Leap accelerator and vanished. Now, a new team, led by physicist Ben Song, has been assembled to restart the project in hope of understanding the mysteries behind the machine and the man who created it. Everything changes, however, when Ben makes an unauthorized leap into the past, leaving the team behind to solve the mystery of why he did it.",13.3143,/wAoei8KMQ5SXpmABw43hbfQKS8q.jpg,2022-09-19,False,Quantum Leap,6.925,159,2022
False,/eDIUxUSrcVAZT29kK6BU5lRFdQz.jpg,"[10768, 18, 10765]",156988,['GB'],en,The Undeclared War,"In the post-pandemic world of 2024 during an upcoming British general election involving the UK’s first Black Conservative prime minister, a leading team of analysts at the heart of the UK’s NSA-style spy agency GCHQ attempt to ward off a cyber-attack on the country’s electoral system.",11.3268,/3jBI62Gtl18CbMHSq4LRGilxxdC.jpg,2022-06-30,False,The Undeclared War,6.126,87,2022
False,/gM1diqqPFu5oRpEVsx84SPBYvV3.jpg,"[18, 9648, 10765]",83659,['US'],en,Guillermo del Toro's Cabinet of Curiosities,"Bizarre nightmares unfold in eight tales of terror in this visually stunning, spine-tingling horror collection curated by Guillermo del Toro.",11.7551,/a91e9hpWwfCqxJI4xM9Q2RhuxgI.jpg,2022-10-25,False,Guillermo del Toro's Cabinet of Curiosities,7.452,1050,2022
False,/wI4aGtreUx7vFtZGcyiFoOX3qf3.jpg,"[18, 9648, 10765]",113985,['US'],en,Outer Range,"A rancher fighting for his land and family stumbles upon an unfathomable mystery at the edge of Wyoming’s wilderness, forcing a confrontation with the Unknown in ways both intimate and cosmic in the untamable American West.",11.6913,/9leGmIDamsWJELYz0pZkr2EXUFf.jpg,2022-04-14,False,Outer Range,6.887,416,2022
False,/pRJ1K2c4lkQCKgclUTFWGk7JABb.jpg,"[18, 10765]",108296,['US'],en,Resident Evil,"Nearly three decades after the discovery of the T-virus, an outbreak reveals the Umbrella Corporation's dark secrets. Based on the horror franchise.",9.3155,/rmLvn4w4HMdxobPkjmIqrhJiXDO.jpg,2022-07-14,False,Resident Evil,5.534,625,2022
False,/AozlVRc0oAx7R2PoPL0gMZBrmAV.jpg,"[35, 10765, 18]",136738,"['AU', 'US']",en,Wolf Like Me,Gary is an emotional wreck and struggles to provide for his daughter since the death of his wife. Mary has a secret she can't bring herself to share with anyone. The universe brought these two together for a reason.,8.9535,/8eZerQDLDkdvQ7vrv6Slkr36sHX.jpg,2022-01-13,False,Wolf Like Me,7.205,156,2022
False,/aScn0gmLiwfz8fGSm8nwAPgo0pD.jpg,"[10759, 10765, 18]",128010,['ES'],es,Bienvenidos a Edén,"Are you happy? With this question, Zoa and four other attractive young people, very active on social networks, are invited to the most exclusive party in history on a secret island, organized by the brand of a new drink. What begins as an exciting journey will soon become the journey of a lifetime. But paradise is not really what it seems - Welcome to Eden.",8.3019,/kZO0mtTHAgg9QVscLVtwCcQ7Hgx.jpg,2022-05-06,False,Welcome to Eden,7.0,321,2022
False,/93SxdkiR3gBcbG5FxIt0DCBttul.jpg,"[10765, 10759, 18]",111837,['US'],en,Willow,"Many years after the events of the original film, legendary sorcerer Willow leads a group of misfit heroes on a dangerous rescue mission through a world beyond their wildest imaginations.",10.6166,/lw4n5CBlLR62nogy46FyJaIFziH.jpg,2022-11-30,False,Willow,6.616,450,2022
False,/kGXNlhU9YBfchZlr1Ju7RivzeGC.jpg,"[10759, 10765, 18]",128113,['US'],en,The Winchesters,"Before Sam and Dean, there was John and Mary. Told from the perspective of narrator Dean Winchester, this is the epic, untold love story of how John met Mary, and how they put it all on the line to not only save their love, but the entire world.",7.6125,/oyleYabGfn6c50bIo4M3c7ogrfL.jpg,2022-10-11,False,The Winchesters,7.532,297,2022
False,/2lQ1PwGFZKM9EakCw1j4NShEuuj.jpg,"[18, 10765, 10759]",136369,['KR'],ko,내일,"Made half-human and half-spirit by accident, a young man is employed by a company of grim reapers in the underworld to carry out special missions.",7.5783,/3SFVIdXXQ2DrAOARBdf1knqG7Pw.jpg,2022-04-01,False,Tomorrow,8.4,288,2022
False,/clGOzO82lN4gPI4Fon7wNVXS90i.jpg,"[18, 10765]",153496,['KR'],ko,재벌집 막내아들,"After ten years, a loyal employee is framed for embezzlement, then murdered by his employers, only to be reborn as their youngest son, with a yearn for revenge guiding his hostile takeover.",7.7053,/ksXvHQEzcOy8wyxZUivhfHakiXg.jpg,2022-11-18,False,Reborn Rich,8.0,119,2022
False,/3MFzsf900Drv8Jv6klv7Qm59YnA.jpg,"[10765, 18]",81322,['US'],en,The Time Traveler's Wife,"The intricate and magical love story of Clare and Henry, and a marriage with a problem… time travel.",8.0061,/rwPIGO0tCcCZKWHwTOHOu5FGj0k.jpg,2022-05-15,False,The Time Traveler's Wife,7.603,266,2022
False,/xvXoeyZEBQ7qXz2rJ6GSDXhOAGf.jpg,"[18, 10765, 9648]",156640,['GB'],en,The Midwich Cuckoos,"A small fictional village in England is completely subdued by an alien presence for an entire day. Upon waking, it is discovered that numerous women in the town are pregnant.",6.6517,/xfJtH6faQHUVxvKTdvMBys6I6j0.jpg,2022-06-02,False,The Midwich Cuckoos,6.608,88,2022
False,/xio3AqrtsEERoVghgl8WWG0mXMu.jpg,[10765],118663,['US'],en,The Man Who Fell to Earth,An extraterrestrial alien arrives on Earth at a turning point in human evolution and must confront his own past to determine our future.,7.1248,/p1aBjGkyG25ADy4xu69joNMV3eQ.jpg,2022-04-24,False,The Man Who Fell to Earth,7.412,210,2022
False,/wDXz9MtI5yNNC7R8LF02rk1BXJR.jpg,"[35, 10751, 10765]",155631,['US'],en,The Santa Clauses,"After nearly three decades of being Santa Claus, Scott Calvin’s magic begins to falter. As he struggles to keep up with the demands of the job, he discovers a new clause that forces him to rethink his role as Santa and as a father.",6.7638,/fWTQBoKfGdn6n2UaD7TQp9WxeHO.jpg,2022-11-16,False,The Santa Clauses,7.074,175,2022
False,/fFeIBjX7Rk6eoEwGMq9jugrV2yP.jpg,"[18, 10765]",125940,['US'],en,Vampire Academy,"In a world of privilege and glamour, two young women’s friendship transcends their strikingly different classes as they prepare to complete their education and enter royal vampire society. Based on the young adult novels by Richelle Mead.",6.7115,/fVwWkJBbOtxM7VKg7PS1IkjYpQc.jpg,2022-09-15,False,Vampire Academy,7.505,208,2022
False,/7TYMho2TM6ZcqSv6YaEjlNIyhXn.jpg,"[18, 9648, 10765]",112314,['US'],en,Archive 81,An archivist takes a job restoring damaged videotapes and gets pulled into the vortex of a mystery involving the missing director and a demonic cult.,6.6778,/l1jeSEm6a88GFcLzlHQr60D0dOi.jpg,2022-01-14,False,Archive 81,7.226,734,2022
False,/hoVuI69nygLQBJ4FqgRKnukDeKt.jpg,"[10765, 10759, 18]",106541,['US'],en,The Witcher: Blood Origin,"More than a thousand years before the world of The Witcher, seven outcasts in the elven world unite in a blood quest against an unstoppable power.",6.511,/vpfJK9F0UJNcAIIeC42oJyKMnZQ.jpg,2022-12-25,False,The Witcher: Blood Origin,6.51,809,2022
False,/jFLhBues4pdhj2zEIkwDxhGdkcb.jpg,"[10765, 18, 10759]",194567,['GB'],en,The Lazarus Project,George wakes up to find himself several months in the past before being recruited for the Lazarus Project – a secret organization that turns back time when the world is at threat of extinction.,6.7428,/xw7GkWtmPQDU8qzfKshFEN038sj.jpg,2022-06-16,False,The Lazarus Project,7.1,228,2022
False,/1CciqQoKW453lO7LQk1HeJDdauD.jpg,"[18, 10765]",135895,['KR'],ko,키스 식스 센스,"Hong Ye-sul, a competent account executive at an advertising company, has one secret— she can see the future when her lips come into contact with another person. When Ye-sul accidentally kisses her stern team chief Cha Min-hu, she sees the impossible: herself in bed with him some time in the future. To add to her confusion and frustration, her ex-boyfriend Lee Pil-yo is attempting to win back her heart, shaking her life up even more.",6.1085,/xEb7SmwmEt1LlzeABbHIIYWVxoy.jpg,2022-05-25,False,Kiss Sixth Sense,7.9,68,2022
False,/qmOMfbBANh1ec5mqk4hkPWtVVLY.jpg,"[9648, 18, 80, 10765]",137043,['KR'],ko,커넥트,"Dongsoo leads a solitary life, spending his time uploading  music to the internet. His ordinary life is upended when he is kidnapped by an organ hunter, who takes out one of his eyes. Soon, Dongsoo is sharing the  vision of someone who got his eye. Through the connected vision, he learns that the taker is a notorious serial killer, and pursues the murderer to get his eye back.",5.7139,/bVgwlYamm5gplckeMWKNFBVyNXi.jpg,2022-12-07,False,Connect,7.6,121,2022
False,/vtdpgm0QR4RDB3tQFIdpYG4QE16.jpg,"[10765, 10759, 18]",211747,['KR'],ko,아일랜드,"Jeju Island is taken over by evil spirits. An exorcist, priest, and chaebol heiress are fated to fight against evil spirits attempting to end the world. “They are stirring at last.”",5.8295,/bpoDjjcj6vE7k9xH14wb13UMYqi.jpg,2022-12-30,False,Island,8.062,241,2022
False,/A1c15AkPrpcskua9gW5buy9PJ3M.jpg,"[18, 10765]",125474,['US'],en,Naomi,"Follow a teen girl’s journey from her small northwestern town to the heights of the multiverse. When a supernatural event shakes her hometown to the core, Naomi sets out to uncover its origins, and what she discovers will challenge everything we believe about our heroes",5.9354,/xwS6ggTI8hTkVTz1I4U6BZ48pgZ.jpg,2022-01-11,False,Naomi,5.889,108,2022
False,/q0DhE2iQRQRjiM2mqSoLjkiwXJH.jpg,"[10765, 18]",111894,['US'],en,Night Sky,"Irene and Franklin York, a retired couple, have a secret: a Chamber buried in their backyard that miraculously leads to a strange, deserted planet. When an enigmatic young man arrives, the Yorks' quiet existence is upended and the mysterious Chamber they thought they knew so well turns out to be much more than they could have ever imagined.",6.0509,/wQAOmJvPsjlmsDTjeOHQikczY1K.jpg,2022-05-19,False,Night Sky,6.901,242,2022
False,/uFU4ItwbxHnFHxntb76ASnZbWTN.jpg,"[18, 10759, 10765]",136248,['US'],en,Tales of the Walking Dead,"An episodic anthology series focused on both new and established characters set in the world of ""The Walking Dead.""",5.7131,/zRMUHvTgQ79zteQafNI46Nd9XFm.jpg,2022-08-14,False,Tales of the Walking Dead,6.944,215,2022
False,/bJDJb5NLokHVVtFMQ4jTEijwKI5.jpg,"[10765, 10759, 9648]",210235,['GB'],en,The Bastard Son & the Devil Himself,"Caught between two warring clans, the son of a notorious witch responsible for a deadly massacre tries to find his place in the world — and his powers.",5.3759,/lyjF7rKHw0ZIIiuhFB9MUQ7kLnJ.jpg,2022-10-28,False,The Bastard Son & the Devil Himself,7.324,176,2022
False,/jG3tJ64c207xRuhvxskd9izGCsV.jpg,"[18, 9648, 10765]",155441,['CN'],zh,开端,"The lives of a college student and a video game designer are kept being reset after an explosion on a bus. During each reset, they have to work together to find out what the reason for the explosion is. Will these two be able to save themselves and their fellow passengers? Will they be able to close the time-loop?",4.6609,/ceAOKLPjGUbCOYtxXK7pQfpVVwb.jpg,2022-01-11,False,Reset,8.1,125,2022
False,/hOElpHx1LLRzAlwjarCzvjhctW.jpg,"[9648, 10765, 10751]",128384,['AR'],es,Tierra incógnita,"Eric returns to Cape Qwert to solve the mystery of his parents' disappearance. Back in this town, he will meet friends and foes and will have to unveil the mysteries of the town's horror-themed amusement park.",4.9769,/l07AXl7V2GfOy4zeiFQ77CoyHJv.jpg,2022-09-08,False,Tierra Incognita,7.2,91,2022
False,/3ki76LOS8nXo8GcM03i0jiwZvGI.jpg,"[18, 9648, 10765]",212818,['TR'],tr,Sıcak Kafa,"In a world shaken by an epidemic of madness that spreads through speech, Murat is the only immune person. As he searches for the secret of his mysterious immunity, his “hot skull"", he has to leave the safe zone and embark on an adventure within the ruins of Istanbul.",4.9624,/9YiwXZ8pPnxEnWtRtdOgaKqXgpe.jpg,2022-12-02,False,El-Gomgoma El-Sakhena,5.979,70,2022
False,/suTqAJACZ1XwUNhOBnKtytKLjSR.jpg,"[35, 18, 10765]",152471,['KR'],ko,고스트 닥터,A skilled surgeon becomes a coma patient and possesses a first-year resident who is the polar opposite of him in expertise and personality.,5.2957,/1TWwuZR398ytSZX0RdsOyECu9sC.jpg,2022-01-03,False,Ghost Doctor,7.951,72,2022
False,/ttmsbW7t6CPrx85mOUFppWKu9hR.jpg,"[35, 10765]",132188,['US'],en,"Boo, Bitch","Two senior BFFs make a last-ditch attempt to be seen. But when one of them becomes a ghost, she'll need to really live her best life — while she can.",5.5618,/b3zagQAHUUePg29xjp9SYoxtsv7.jpg,2022-07-08,False,"Boo, Bitch",7.3,155,2022
False,/sVzI93UPwj7KXd6Alak0gEL1pBd.jpg,"[10759, 18, 10765]",203555,['CA'],en,The Imperfects,"After an experimental gene therapy turns them into monsters, three twenty-somethings band together to hunt down the scientist responsible and force him to make them human again.",4.7074,/ntbfqgORC8JRRWQ5pQ56psC2Wot.jpg,2022-09-08,False,The Imperfects,6.941,170,2022
False,/iWxKNMoi9ZJoCSNxJCTFJynNpZS.jpg,"[35, 10765]",127162,['US'],en,Maggie,"As a psychic, Maggie regularly sees the future of her friends, parents, clients and random strangers on the street, but when she suddenly sees a glimpse of her own future, she is forced to start living in her own present.",4.1292,/5kgwKKFZlrRCCRDGeRRNqep4Olh.jpg,2022-07-06,False,Maggie,7.169,59,2022
False,/lQDmOefJYjRbYgQpVz9Pasnmbx9.jpg,"[9648, 10765, 18]",118906,['FR'],fr,Parallèles,Four teenagers' lives are turned upside down when a mysterious event propels them into parallel dimensions.,4.6341,/o259EJfN0tQl7smNXs7Rpz4t8H0.jpg,2022-03-23,False,Parallels,7.718,158,2022
False,/5JdF29QhzAa7RkMzsJ1vrr9Y0xX.jpg,"[18, 10765]",136735,['US'],en,Let the Right One In,"Mark and his 12-year-old daughter’s lives were changed forever 10 years earlier when she was turned into a vampire. Locked in at age 12, perhaps forever, Eleanor lives a closed-in life, able to go out only at night, while her father does his best to provide her with the minimal amount of human blood she needs to stay alive.",5.0344,/aRsmGF1AVuMY26ArRxMpKJ8S8NL.jpg,2022-10-09,False,Let the Right One In,7.1,113,2022
False,/2IrxVkEzsW7axjiRLLYY3fKsDqM.jpg,[10765],125398,['US'],en,Moonhaven,"Bella Sway, a lunar cargo pilot and smuggler 100 years in the future, finds herself accused of a crime and marooned on Moonhaven, a utopian community set on a 500 square mile Garden of Eden built on the Moon to find solutions to the problems that will soon end civilization on Mother Earth.",4.3904,/nvEkr0zhe4DKdgf2ylcwFxyEFok.jpg,2022-07-07,False,Moonhaven,6.154,81,2022
False,/3Pskexd1OLtooVRRS2mEGbfgP7D.jpg,"[10759, 18, 10765]",135822,['JP'],ja,仮面ライダーBLACK SUN,"The year is 2022. It is an era of chaos, half a century after the government announced the coexistence of humans and kaijins. Aoi Izumi, a young human rights activist calling for the elimination of discrimination, meets a man named Kotaro Minami, the one called ""Black Sun,"" who is a candidate for the next Creation King.",4.6353,/3OtFY626NJxZvyDpEaXwRgx9Kht.jpg,2022-10-28,False,Kamen Rider Black Sun,8.141,64,2022
False,/ft9kPRULcAN7hgjvzpEfmtROiQR.jpg,"[18, 10765]",123349,['KR'],ko,안나라수마나라,An enigmatic magician living in an abandoned amusement park introduces magic into the life of a high schooler struggling with harsh realities.,4.5663,/muaqMAPiEEYILOdDv72PC8sZ7HQ.jpg,2022-05-06,False,The Sound of Magic,7.698,192,2022
False,/f7IxKWg4isIIsR1kC4EjgVE7GU4.jpg,"[18, 10765]",195821,"['AU', 'US']",en,Last Light,"Separated across continents, petro-chemist Andy Yeats and his family must survive the deadly effects of a sudden global oil crisis and find the mastermind behind it all.",4.2542,/eO3lnmd5ubKoweXhrGpoieGhmkJ.jpg,2022-09-08,False,Last Light,5.984,63,2022
False,/gllWAJDTMg83D2KtxtHGV8XFdZo.jpg,[10765],158396,['PL'],pl,Krakowskie potwory,A young woman haunted by her past joins a mysterious professor and his group of gifted students who investigate paranormal activity — and fight demons.,3.7897,/bBzkreVliFn18zFBjysanZnC3Yq.jpg,2022-03-18,False,Cracow Monsters,6.042,96,2022
False,/shftekqAkBsGvHoXKgGMsGVjE5q.jpg,[10765],119105,['ES'],es,Feria: La luz más oscura,Two sisters must face a new reality — and supernatural elements — when it's revealed their parents participated in a cult ritual ending in death.,4.0678,/k1m4aydO6752Czydk3Z8dR4yP0L.jpg,2022-01-28,False,Feria: The Darkest Light,6.588,233,2022
False,/otyDmwl75oagrC01LpVeegUknuP.jpg,"[18, 9648, 10765]",106431,['US'],en,Paper Girls,"It's the day after Halloween in 1988 when four young friends accidentally stumble into an intergalactic battle and find themselves inexplicably transported to the year 2019. When they come face-to-face with their adult selves, each girl discovers her own strengths as together they try to find a way back to the past while saving the world of the future.",4.1237,/6eaySyOW29li0CgXHqy7pgb0IUT.jpg,2022-07-28,False,Paper Girls,7.3,161,2022
False,/w3jA7mvNW2TjrnNCe2MmTzV7rtY.jpg,"[10765, 9648, 10759]",135894,['KR'],ko,그리드,"In 1997, a mysterious ghost saved humankind and then disappeared. The mysterious ghost appears again 24 years later and helps a serial killer escape. Kim Sae-ha, Jung Sae-byeok  and Song Eo-jin pursue the ghost for different reasons.",3.7886,/rlC29GLbjwkwezeNGqyLrnuQUpb.jpg,2022-02-16,False,Grid,7.0,63,2022
False,/hGm3m4TzEsmBb9SF2mz8Uizx9uH.jpg,"[18, 35, 9648, 10765]",136699,['KR'],ko,글리치,A young woman joins forces with a UFO enthusiast to investigate her boyfriend’s sudden disappearance and stumbles into a wild conspiracy.,3.1894,/kJEYfQSnnFSn8DY9vdNQ9UQ9QSg.jpg,2022-10-07,False,Glitch,6.8,103,2022
False,/fUjATGfykF0EU57DhMDkIXqQlc5.jpg,"[18, 10765]",113566,['US'],en,DMZ,"In the near future after a bitter civil war leaves Manhattan a demilitarized zone (DMZ), destroyed and isolated from the rest of the world, fierce medic Alma Ortega sets out on a harrowing journey to find the son she lost in the evacuation of New York City at the onset of the conflict. Standing in her way are gangs, militias, demagogues and warlords, including Parco Delgado, the popular — and deadly — leader of one of the most powerful gangs in the DMZ.",3.4552,/wnug9DhsenurS5dWCypjZSRFnH6.jpg,2022-03-17,False,DMZ,5.518,110,2022
False,/m4Stmu3Xdbk0Dn7ypvS3iKmOORN.jpg,"[10765, 9648, 18]",128798,['FR'],fr,Infiniti,"The ISS, the International Space Station has gone silent. The crew is in distress. Simultaneously, a decapitated and waxed body is found on a roof in Kazakhstan. Positive identification leaves no room for doubt: the body belongs to an American astronaut currently on a mission on the ISS. A French astronaut, dismissed from the space program, and a Kazakh cop, disowned by his ranking hierarchy, set out to solve this mysterious paradox.",3.2751,/eUSTwLfug2sHveJyanvINJ2hkcA.jpg,2022-04-04,False,Infiniti,6.983,59,2022
False,/rp7xYmGbdtyZnIQxnYfcw1LAaVL.jpg,"[80, 10765]",124477,['GB'],en,The Rising,Neve Kelly is dead. She is stuck in limbo and must find out who killed her. This adaptation of the mystery series Beau Séjour impresses on account of its young cast and the breath-taking landscapes of England’s Lake District.,3.1152,/pg1jhu8jtue4PQjUtkT4UUXf0XW.jpg,2022-04-22,False,The Rising,6.392,51,2022
False,/eJjM0s1YIsf9CtIQTIb81tl1I4I.jpg,"[10765, 18]",195930,['TR'],tr,Yakamoz S-245,"After disaster strikes the Earth, a marine biologist on a research mission in a submarine must fight to advance the process into a conspiracy.",2.7368,/zaPSsdJrRZFtMRNrS4OqTpSkGFo.jpg,2022-04-20,False,Yakamoz S-245,6.678,101,2022
False,/3xQ3m09VfF4aGrQEFjdQzulf64K.jpg,"[10765, 18, 9648, 80]",51001,['DK'],da,Chosen,A 17-year-old girl's world is turned upside down when she and her friends make a disturbing discovery in their quiet Danish town.,2.0291,/guIOd4hzYw7yoW1haJbj4u5iTs9.jpg,2022-01-27,False,Chosen,5.996,114,2022
False,/uTWhbLc7Bj4qNSdW3ZvZKL8cOHv.jpg,"[10765, 18]",125988,['US'],en,Silo,"In a ruined and toxic future, thousands live in a giant silo deep underground. After its sheriff breaks a cardinal rule and residents die mysteriously, engineer Juliette starts to uncover shocking secrets and the truth about the silo.",217.4194,/gMYZZvnkVNTqSVnVCphWbPXwWwb.jpg,2023-05-04,False,Silo,8.187,2373,2023
False,/vV5LKWmuysEe5wsuZJGbdiL5XJ2.jpg,"[10759, 18, 10765]",194583,['US'],en,The Walking Dead: Dead City,"Maggie and Negan travel to post-apocalyptic Manhattan - long ago cut off from the mainland. The crumbling city is filled with the dead and denizens who have made it a world full of anarchy, danger, beauty, and terror.",74.7776,/wq3vuQzQgbS83zX3malAFWMsSwX.jpg,2023-06-18,False,The Walking Dead: Dead City,7.9,763,2023
False,/sAxx25ijwYQ8xsT56wu2IzvIRss.jpg,"[10759, 10765, 18, 10751]",103540,['US'],en,Percy Jackson and the Olympians,"Percy Jackson is on a dangerous quest. Outrunning monsters and outwitting gods, he must journey across America to return Zeus's master bolt and stop an all-out war. With the help of his friends Annabeth and Grover, Percy's journey will lead him closer to the answers he seeks: how to fit into a world where he feels out of place, and who he's destined to be.",45.289,/bd5ZIqiz1PRiLC7FLexzVBf8qu1.jpg,2023-12-19,False,Percy Jackson and the Olympians,7.256,809,2023
False,/n5FGEUmId87nZAdFiOFmCKXynmT.jpg,"[10765, 18, 10759]",202411,['US'],en,Monarch: Legacy of Monsters,"After surviving Godzilla's attack on San Francisco, Cate is shaken yet again by a shocking secret. Amid monstrous threats, she embarks on a globetrotting adventure to learn the truth about her family—and the mysterious organization known as Monarch.",34.4486,/7LBbaEaLSbqdviBYaSS1rRPMnrs.jpg,2023-11-16,False,Monarch: Legacy of Monsters,7.736,1368,2023
False,/nUEcobWsTpvOh23US0MRZXIU8jt.jpg,"[10765, 9648]",47663,['US'],en,The Ark,"100 years in the future, planetary colonization missions have begun as a necessity to help secure the survival of the human race. The first of these missions on a spacecraft known as Ark One encounters a catastrophic event causing massive destruction and loss of life. With more than a year left to go before reaching their target planet, a lack of life-sustaining supplies and loss of leadership, the remaining crew must become the best versions of themselves to stay on course and survive.",33.16,/rec774m02XNLSjU9qm5z6UUfMRl.jpg,2023-02-01,False,The Ark,6.382,165,2023
False,/tldMHeR7UnihV5ffrxxM8cDhbtT.jpg,"[10759, 18, 10765]",205715,['US'],en,Gen V,"At America's only college for superheroes, gifted students put their moral boundaries to the test, competing for the university's top ranking, and a chance to join The Seven, Vought International's elite superhero team. When the school's dark secrets come to light, they must decide what kind of heroes they want to become.",32.1394,/tEv842Nd5uMSavURG4aQO1pNtst.jpg,2023-09-28,False,Gen V,7.643,1568,2023
False,/fkeVnvxVx4x2PdDOOzSblFUGTVt.jpg,"[10765, 10759, 18]",211684,['US'],en,The Walking Dead: Daryl Dixon,"After washing ashore in France, Daryl struggles to piece together how he got there and why, as he navigates a fractured, walker-infested landscape to find his way home. During his journey, Daryl has to protect a young boy, Laurent, who is seen as a messiah, while facing new, dangerous walker variants and the ""Power of the Living"" paramilitary group, as the connections he forms along the way complicate his plan to return home.",31.2161,/sP5QdW9FN18XWcA4ROz3MPAQBTx.jpg,2023-09-10,False,The Walking Dead: Daryl Dixon,8.012,893,2023
False,/qD211Hb5XwFxrszzBBe5EUYJerh.jpg,"[10759, 10765]",111110,['US'],en,ONE PIECE,"With his straw hat and ragtag crew, young pirate Monkey D. Luffy goes on an epic voyage for treasure.",27.1482,/blWCPEqDGLBuLB9u89CxP9ORQP4.jpg,2023-08-31,False,ONE PIECE,8.117,1882,2023
False,/6mOK9j99OFlxGc3ird2jWUeUha9.jpg,"[18, 10765, 10759]",114472,['US'],en,Secret Invasion,Nick Fury and Talos discover a faction of shapeshifting Skrulls who have been infiltrating Earth for years.,21.4436,/3rINdUPSy9AklJg74jWHOyUXuZd.jpg,2023-06-21,False,Secret Invasion,6.459,1419,2023
False,/loDy1LWCkPjECjVTRmyKtOoUpNN.jpg,"[10765, 10759]",114461,['US'],en,Ahsoka,Former Jedi Knight Ahsoka Tano investigates an emerging threat to a vulnerable galaxy.,19.5438,/eiJeWeCAEZAmRppnXHiTWDcCd3Q.jpg,2023-08-22,False,Ahsoka,7.415,1266,2023
False,/9DHo5qXkG0titQmr2PF92N3aYYk.jpg,"[18, 10765]",207863,['US'],en,Mayfair Witches,"An intuitive young neurosurgeon discovers that she is the unlikely heir to a family of witches. As she grapples with her newfound powers, she must contend with a sinister presence that has haunted her family for generations.",15.6651,/eDl1veju2Hf3tyFmGAedtGXb9Yv.jpg,2023-01-08,False,Mayfair Witches,7.302,354,2023
False,/efaMS00Fevc3fw2dbeP7rh22O6D.jpg,"[10765, 18]",212204,['KR'],ko,반짝이는 워터멜론,"A CODA (child of deaf adult) student born with a gift for music crash lands at an unfamiliar place after time traveling through a suspicious music shop. There, he forms the band Watermelon Sugar with other mysterious youths.",14.4608,/bwTzW1wTgUxUOQruhT8DvinUYgR.jpg,2023-09-25,False,Twinkling Watermelon,8.8,167,2023
False,/zdE0HzIFadTkGliGyh8DbMuZ3IH.jpg,"[80, 9648, 10765, 18]",233629,['GB'],en,Bodies,"One victim, found dead on a London street. Four detectives, in four different time periods, must solve the mystery to protect Britain's future.",14.3439,/qWX71nLvoLsBNPEjddZMC75lq6I.jpg,2023-10-19,False,Bodies,7.124,561,2023
False,/cSlwoQCSgYryqC9yQLdtFpuDnfR.jpg,"[18, 10765]",138169,['US'],en,Extrapolations,"Eight interconnected stories told over 33 years explore how our planet’s changing climate will affect family, work, faith—and survival.",13.3395,/cBUS1OijCX2jzirgajIWt4TOgTK.jpg,2023-03-16,False,Extrapolations,6.038,118,2023
False,/5kMIZHO8OYOC08urACEFFqmFA4p.jpg,"[18, 10765, 10759]",158258,['KR'],ko,방과 후 전쟁활동,"When mysterious alien spheres start invading the world, high school students are called upon to join the world's first war against extraterrestrial forces.",11.5666,/gLeWTHccMPI60VGs8geiq1b5btV.jpg,2023-03-31,False,Duty After School,8.152,105,2023
False,/icy4p7Nb33UU2S5eHvlBcE0Dvmi.jpg,"[18, 10765]",218230,['KR'],ko,"이재, 곧 죽습니다","At the brink of going to hell, Yee-jae must cycle through twelve separate lives and twelve separate deaths in this reincarnation drama.",11.0971,/ecM5MY9g2mF6x5SrB2QWOYkcH98.jpg,2023-12-15,False,Death's Game,8.429,656,2023
False,/zxfBtHz5UmSTfIEC4O4GngyjHwa.jpg,"[18, 9648, 10765]",204541,['CN'],zh,三体,"Nanotechnology researcher Wang Miao is taken to the Joint Operations Center by police officer Shi Qiang, who's investigating the mysterious suicide wave among scientists worldwide.  He is recruited to sneak into an organization called the Frontiers of Science to help the investigation. When Wang Miao is contacted by the leader of the organization, Shen Yufei, she introduces him to a sophisticated VR video game called Three-Body, but soon he discovers that it's more than just a game.",10.8907,/buXHm2shttFRQIBsCFlv5L2TmKh.jpg,2023-01-15,False,Three-Body,7.835,249,2023
False,/j45FEq8BPUJDVm3cGIQye0tqPpL.jpg,"[10765, 10759, 9648]",157004,['US'],en,Goosebumps,A group of five high schoolers embark on a shadowy and twisted journey to investigate the tragic passing three decades earlier of a teen named Harold Biddle – while also unearthing dark secrets from their parents' past.,10.5457,/pMrMPlEJAGAKBUWJzeacIwjRU2C.jpg,2023-10-13,False,Goosebumps,7.084,227,2023
False,/peVe0NQNdZMXwtTohnv8iwJQb2d.jpg,"[10765, 9648, 10759, 18]",135238,['KR'],ko,경성크리처,"Gyeongseong, 1945. In Seoul's grim era under colonial rule, an entrepreneur and a sleuth fight for survival and face a monster born out of human greed.",9.3868,/5wliFAD8Pjjj0YYSmupqjOldnWt.jpg,2023-12-22,False,Gyeongseong Creature,7.938,324,2023
False,/xcs4Ud9FOPEcGqA6FLTpUC0AL6f.jpg,"[18, 35, 10765]",215197,['JP'],ja,ブラッシュアップライフ,"A comedy focusing on Kondo Asami, a 33-year-old single woman who lives with her parents and works at the local city hall, and suddenly finds herself starting her life over from scratch.",8.5899,/sJQHWG5xwkyDi5OXHk7e5TkWF87.jpg,2023-01-08,False,Rebooting,8.8,76,2023
False,/jJMfTkvU2exHwCFoBHsIqwaHImh.jpg,"[18, 10765, 35]",215001,['KR'],ko,이 연애는 불가항력,A lawyer bound by a centuries-old curse becomes entangled with a civil servant who holds the key to his freedom — igniting an unexpected romance.,8.4528,/e21UFBbQStpqSkU4iyWwVJsb8DZ.jpg,2023-08-23,False,Destined with You,8.1,238,2023
False,/bGMLZoRtfIY0OxtCOpZiwkUzeQl.jpg,"[18, 9648, 10765]",112581,['GB'],en,The Rig,"When the crew of the Kinloch Bravo find themselves cut off from all communication with the Scottish mainland by a mysterious fog, they must fight to find a way home whilst managing environmental pressures, mounting paranoia and rising tensions. But as the threat facing them reveals itself to be something beyond their wildest imagination, the divided crew must form an alliance to ensure survival.",8.7401,/o8KxvfdpSVCP53d4S6a4DPHOqNh.jpg,2023-01-06,False,The Rig,6.658,238,2023
False,/6gyJwBbgFD0MYap1AFWQKOkve6D.jpg,"[35, 18, 10765, 80]",203164,['KR'],ko,힘쎈여자 강남순,"Gifted with superhuman strength, a young woman returns to Korea to find her birth family — only to be entangled in a drug case that could test her power.",8.5238,/rjkHORZvB5bnz7kH1PufFCKsX4I.jpg,2023-10-07,False,Strong Girl Nam-soon,7.666,154,2023
False,/A09zpl9P997q9Q6fDvLqch3RlC4.jpg,"[18, 10765, 10759]",201019,['KR'],ko,구미호뎐1938,"The Nine-tailed fox makes a crash landing in the year 1938, an era of chaos, and he struggles to return to the present.",8.984,/xB55oDrJiIYn2yeC9YNy1KJ4rl5.jpg,2023-05-06,False,Tale of the Nine Tailed 1938,8.076,86,2023
False,/2Wk2p4ZXZXzJN69rWk9oNJxwZqN.jpg,"[18, 10765, 9648]",211240,['DE'],de,Der Schwarm,"Across the globe, strange happenings, borne out of the oceans, are mystifying and imperiling the world’s population. A group of scientists undertakes a terrifying mission to the depths of the Arctic Ocean to confront a deadly intelligent life force bent on human extinction.",8.4498,/m8Z2LJsMLCAYExcysHXs7oaTILI.jpg,2023-03-06,False,The Swarm,6.4,177,2023
False,/2rfO7zh6e7rKaKCCvU4QrQwXLgv.jpg,"[35, 10765]",194704,['US'],en,The Big Door Prize,"A small town is forever changed when a mysterious machine appears, promising to reveal everyone's true potential. Soon residents start changing jobs, rethinking relationships, and questioning long-held beliefs—all in pursuit of a better future.",7.9949,/w9iG3waL71PGlabP8kZe5Io6Igj.jpg,2023-03-28,False,The Big Door Prize,6.182,118,2023
False,/bqj5BcE2mMLvCLMFtcLveo9GPf6.jpg,"[35, 10759, 10765]",47907,['GB'],en,Extraordinary,"In a world where everyone develops a power on their 18th birthday, Jen didn't. She's turning 25 and is still waiting to get hers. Adrift in a big, confusing world and armed with nothing but a bit of hope and a lot of desperation, Jen begins her journey to find her maybe-superpower. But in doing so, she might discover the joy of being just kind of ok.",8.6388,/uyDIWMAwfLqiIz0QQm0MPDE0085.jpg,2023-01-25,False,Extraordinary,7.327,231,2023
False,/butQYwQvXZDDT9vatV3oO0ZAMhe.jpg,"[9648, 18, 10765]",131992,['US'],en,The Changeling,"Apollo and Emma's love story is a fairy tale—until Emma mysteriously vanishes. Bereft, Apollo finds himself on a death-defying odyssey through a New York City he didn't know existed.",9.1525,/cLUeNjCHs8q4crMTyywflohSD8w.jpg,2023-09-07,False,The Changeling,6.424,112,2023
False,/zhUA4iMufUZFaQmqGWXiwRUnld5.jpg,"[18, 9648, 80, 10765]",127948,['US'],en,Class of '09,"Set in three distinct points in time, follow a class of FBI agents who grapple with immense changes as the U.S. criminal justice system is altered by artificial intelligence.",7.3007,/5eCGq50CMloT2a1bMDB8JPpGuf2.jpg,2023-05-10,False,Class of '09,7.068,117,2023
False,/n5StTpznGP2zuagcZlQ3qUWZsrX.jpg,"[35, 10765, 10759]",135615,['US'],en,American Born Chinese,"Average teenager Jin Wang juggles his high school social life with his immigrant home life. When he meets a new foreign student on the first day of the school year, even more worlds collide as Jin is unwittingly entangled in a battle of Chinese mythological gods.",7.1653,/cwTYt6DKuMY6RSmQ269fpYH9ELN.jpg,2023-05-24,False,American Born Chinese,6.64,121,2023
False,/pxjR0Wds0gkwY8pYDYExf6DuLoL.jpg,"[9648, 35, 18, 10765]",210781,['KR'],ko,소용없어 거짓말,"A woman who can't trust people because of her ability to hear lies and a mystic composer who hid his indescribable identity, become involved in each other's lives to uncover the truth.",7.2184,/msYlN0cIpuTKlWYnEStdoBuHmvX.jpg,2023-07-31,False,My Lovely Liar,7.722,88,2023
False,/5XVWHz5yiRoij9pW3Gb7qaeEYuu.jpg,"[18, 10765, 10759]",121659,['JP'],ja,幽☆遊☆白書,"After a selfless act costs him his life, teen delinquent Yusuke Urameshi is chosen as a Spirit Detective to investigate cases involving rogue yokai.",7.2877,/t9WiCEnojzksL3crxiCt7HIda8p.jpg,2023-12-14,False,Yu Yu Hakusho,7.5,232,2023
False,/k1sV0lgUPmgoQeyL6LoPSfiwiPc.jpg,"[35, 18, 10765]",197548,['US'],en,Mrs. Davis,"Sister Simone partners with her ex-boyfriend on a globe-spanning journey to destroy Mrs. Davis, a powerful artificial intelligence.",8.3101,/tMr3mFACLuL4J7AEj8yDwcf5rnr.jpg,2023-04-20,False,Mrs. Davis,6.828,186,2023
False,/xKlxkxpNJs4klUKv9WX6tpSBkR2.jpg,"[10765, 18]",112388,['US'],en,Beacon 23,"Aster Calyx and Halan Kai Nielsen are inextricably drawn to Beacon 23. Navigating one threat after another, they unravel the beacon’s mysteries, just in time to face their most powerful enemy.",7.4346,/navBdlLzcebb6ANZVg24Szfil9h.jpg,2023-11-12,False,Beacon 23,5.721,104,2023
False,/f9AqBIAjibUfPtGwOqbJ240cADt.jpg,"[9648, 18, 80, 10765]",134095,['US'],en,A Murder at the End of the World,"Gen Z amateur sleuth and tech-savvy hacker Darby Hart and eight other guests are invited by a reclusive billionaire to participate in a retreat at a remote location. When one of the other guests is found dead, Darby must use her skills to prove it was murder before the killer takes another life.",7.0909,/1mWCXJefbNU1E2XPJVM2vejMSZO.jpg,2023-11-14,False,A Murder at the End of the World,6.899,288,2023
False,/nKPQhh3ua2k9Ps7P7idZ3U3V92V.jpg,"[10765, 9648, 18]",95558,['US'],en,The Power,"The world of The Power is our world, but for one twist of nature. Suddenly teenage girls develop the power to electrocute people at will. Following remarkable characters from London to Seattle, Nigeria to Eastern Europe, the Power evolves from a tingle in teenagers’ collarbones to a complete reversal of power balance.",7.8096,/pTeb4EsTy3hoVFpg9FnLIF3glZ5.jpg,2023-03-30,False,The Power,6.09,111,2023
False,/t65wB2iajohomOYqcQVwjBFebHh.jpg,"[10765, 10759]",213241,['GB'],en,Lockwood & Co.,A girl with extraordinary psychic abilities joins two gifted teen boys at a small ghost-hunting agency to fight the many deadly spirits haunting London.,7.0495,/lxWSGo8D6MbFbQmM9tqhbaG80TP.jpg,2023-01-27,False,Lockwood & Co.,7.545,323,2023
False,/zfGAkCE73Hj45hrAVfYWhkbv4f7.jpg,"[18, 35, 10765]",209502,['KR'],ko,오늘도 사랑스럽개,Hae-na who is bound to inherit her family curse which is turning into a dog after getting her first kiss. The only way to break the curse is to get a second kiss. The problem is the guy who gave Hae-na her first kiss is afraid of dogs.,6.4196,/5w68XVoHs3hetvBMhOvguLbvikf.jpg,2023-10-11,False,A Good Day to be a Dog,8.327,104,2023
False,/jvoRuN9yzMFaMRv8FuZKiKczE4E.jpg,"[10765, 18]",134865,['US'],en,Wolf Pack,"When a raging wildfire releases a supernatural creature, four young adults find themselves drawn together under a full moon.",6.5121,/rbCANmS1ogweUkIBghP03EHtdHB.jpg,2023-01-26,False,Wolf Pack,7.6,237,2023
False,/tHUTky5uZdpngfChbJzUgrrcCOW.jpg,"[18, 10765]",223400,['MX'],es,El elegido,"After surviving a freak accident, Jodie, a twelve-year-old boy from Santa Rosalía, Baja California Sur, discovers that he has Jesus-like powers: He can turn water into wine, make the crippled walk, and perhaps even raise the dead. How will he deal with his destiny and lead the world through a conflict that’s been thousands of years in the making?",5.7702,/q464h5XGJVmzJhwqNWL4R6YTd25.jpg,2023-08-16,False,The Chosen One,6.174,66,2023
False,/4qqxCA31Bj4CqimMkZxfCiYnX6r.jpg,"[35, 10765, 18]",105169,['US'],en,I'm a Virgo,"A coming-of-age joyride about Cootie, a 13ft tall young Black man in Oakland, CA. Having grown up hidden away, Cootie soon experiences the beauty and contradictions of the world for the first time. He forms friendships, finds love, navigates awkward situations, and encounters his idol, a real life superhero named The Hero.",5.4586,/avyEl0afo2u5Q8305Eq27nL5LYu.jpg,2023-06-22,False,I'm a Virgo,6.765,66,2023
False,/bkdZHK0Nh1YaRXkk2j8vUGYQd6i.jpg,"[18, 10765, 9648, 10759]",214078,['TR'],tr,Şahmaran,"In this fantasy drama series, a lonely young woman finds her soul mate and discovers they are both part of an ancient legend.",5.3333,/Syz73lDTw9A4AeUIVDJvaYbXJh.jpg,2023-01-20,False,Shahmaran,6.717,90,2023
False,/6kC51Z17J5h7rLEokyud4bojPyr.jpg,"[18, 10765]",214081,['TR'],tr,Yaratılan,"When tragedy befalls a reckless scientist in Ottoman-era Istanbul, his student uses untested methods to finish his work — with devastating consequences.",4.1798,/7rAH06i8bX88GkQWLfxkownyJMe.jpg,2023-10-20,False,Creature,7.0,52,2023
False,/nwSDpjQQI4lHe6Y5iz3CLW6r8GW.jpg,"[10765, 18]",221871,['DE'],de,Der Greif,"The Gryphon, a dark power from another world, is a threat to Mark and all he loves. Mark must accept his heavy family legacy and go into battle to save our world from the Gryphon’s clutches.",4.816,/2MJu2oVponxAZ3fods9dG8UE1l4.jpg,2023-05-26,False,The Gryphon,6.74,98,2023
False,/qVNACrSwu8RCgf9loLKfTv0mDeq.jpg,"[18, 10759, 10765]",137040,['KR'],ko,택배기사,"In a dystopian 2071 devastated by air pollution, the survival of humanity depends on the Black Knights — and they’re far from your average delivery men.",4.6536,/ucz3ZboT2Sb12yum51Q4J8M0myb.jpg,2023-05-12,False,Black Knight,7.413,310,2023
False,/sZvkElBCWiYNpVk3PsFlW64xkBh.jpg,"[18, 35, 10765, 9648]",210107,['KR'],ko,힙하게,A psychic vet and a detective join forces to crack small-town cases — but their skills are tested when they unravel a chilling serial killer mystery,4.6475,/rmGfPwRBOr8i8zxS0P0XCFJE21W.jpg,2023-08-12,False,Behind Your Touch,8.074,101,2023
False,/3XRHyeU1ief9DDPG0UA5TwNCXzq.jpg,"[10765, 18]",217858,['PL'],pl,Dziewczyna i kosmonauta,An astronaut's return after a 30-year disappearance rekindles a lost love and sparks interest from a corporation determined to learn why he hasn't aged.,3.6455,/5GDhb86zGf7evaoR2ZTdNfrsU0j.jpg,2023-02-17,False,A Girl and an Astronaut,5.637,51,2023
False,/kRunIIWwTQDttT6PR5mHrM79zak.jpg,"[80, 10765, 18]",206344,['FR'],fr,Vortex,Two mysterious deaths. A rift in time. Sci-fi thriller about policeman Ludovic who risks everything when he tries to change the past.,2.3485,/oYzNhRU2TFWrqeW6umtdhv11ePH.jpg,2023-01-02,False,Vortex,6.836,61,2023
False,/aVvRQJ2Ckhlym4uh0YGc166CUoP.jpg,"[10759, 10765, 18, 10751]",82452,['US'],en,Avatar: The Last Airbender,A young boy known as the Avatar must master the four elemental powers to save a world at war — and fight a ruthless enemy bent on stopping him.,88.4896,/lzZpWEaqzP0qVA5nkCc5ASbNcSy.jpg,2024-02-22,False,Avatar: The Last Airbender,7.791,1304,2024
False,/coaPCIqQBPUZsOnJcWZxhaORcDT.jpg,"[10759, 10765, 18]",106379,['US'],en,Fallout,"The story of haves and have-nots in a world in which there's almost nothing left to have. 200 years after the apocalypse, the gentle denizens of luxury fallout shelters are forced to return to the irradiated hellscape their ancestors left behind — and are shocked to discover an incredibly complex, gleefully weird, and highly violent universe waiting for them.",44.4485,/c15BtJxCXMrISLVmysdsnZUPQft.jpg,2024-04-10,False,Fallout,8.124,2988,2024
False,/wFEAy4xRes1eeclsu7Z73Vzz7ET.jpg,"[10765, 18]",196322,['US'],en,Dark Matter,"Jason Dessen is abducted into an alternate version of his life. To get back to his true family, he embarks on a harrowing journey to save them from the most terrifying foe imaginable: himself.",35.5996,/c6MRUtPk0nEPQ9FBD9RdRKt2rIm.jpg,2024-05-07,False,Dark Matter,7.755,701,2024
False,/5mcc7J07f680Q88xeLClf5SIZtt.jpg,"[18, 10765]",207333,['CO'],es,Cien años de soledad,"In the mythical town Macondo, seven generations of the Buendía family navigate love, oblivion and the inescapability of their past — and their fate.",30.3024,/fvEhTiNg2ICs0wXTGKuKoIGhLGe.jpg,2024-12-11,False,One Hundred Years of Solitude,7.9,218,2024
False,/ore4E3D1qfTH1Ollf4UDhzW3PtG.jpg,"[35, 10765, 10751]",245026,['US'],en,Wizards Beyond Waverly Place,"Justin Russo has chosen to lead a normal, mortal life with his family, Giada, Roman and Milo. But when Justin's sister Alex brings Billie to his home seeking help, Justin realizes he must dust off his magical skills to mentor the wizard-in-training while also juggling his everyday responsibilities — and safeguarding the future of the Wizard World.",29.8085,/zekFfF9ch0yjfKPiyOQW7v4T03Y.jpg,2024-10-29,False,Wizards Beyond Waverly Place,8.9,197,2024
False,/gDtZQmfzvErZpeXOVeCBQE9WkSF.jpg,"[10759, 18, 10765]",239770,['GB'],en,Doctor Who,The Doctor and his companion travel across time and space encountering incredible friends and foes.,23.6869,/2JP6NSmBwxg75uTcIHiv5R8PpPi.jpg,2024-05-11,False,Doctor Who,6.4,316,2024
False,/tYLXJW1sZQU09VWY1BhSVPKGIwc.jpg,"[10765, 9648]",138501,['US'],en,Agatha All Along,"Agatha Harkness gathers a coven of witches and sets off down, down, down The Witches' Road.",25.6657,/mGsxKwXUjojitRv2E9qMTbxbBRd.jpg,2024-09-18,False,Agatha All Along,7.433,993,2024
False,/ciizJ9Okzt9tBBGK7Q3T14LFT2j.jpg,"[10765, 9648, 18]",108545,['US'],en,3 Body Problem,"Across continents and decades, five brilliant friends make earth-shattering discoveries as the laws of science unravel and an existential threat emerges.",23.8224,/ykZ7hlShkdRQaL2aiieXdEMmrLb.jpg,2024-03-21,False,3 Body Problem,7.488,1594,2024
False,/g97e0jUEjvVBF5Ald9oD7eWNMN4.jpg,[10765],250308,['US'],en,Earth Abides,"When a plague of unprecedented virulence sweeps the globe, the human race is all but wiped out. In the aftermath, as the great machine of civilization slowly and inexorably breaks down, only a few shattered survivors remain to struggle against the slide into extinction.",23.9624,/c8huM0hQ5fCjGFDyUmpQW9x0xmR.jpg,2024-12-01,False,Earth Abides,7.317,169,2024
False,/lBoHzOgft2QfpjkVVvZCqeM4ttT.jpg,"[10765, 18, 10759]",90228,['US'],en,Dune: Prophecy,"Ten thousand years before the ascension of Paul Atreides, sisters Valya and Tula Harkonnen establish the fabled sect and female order that would become known as the Bene Gesserit to control the future of humankind.",19.84,/oWVohNsxkxA3u92EzRo8fTuXIS0.jpg,2024-11-17,False,Dune: Prophecy,7.211,615,2024
False,/vyuYVtlB38DzXdF11XwyX7xPp0t.jpg,"[10765, 9648, 18]",197125,"['DE', 'FR', 'GB']",en,Constellation,"When a fatal accident occurs on board the International Space Station, a lone astronaut makes the heroic journey back to Earth, only to discover key pieces of her life—including her young daughter—have changed.",18.2407,/21ICs3fxlxGslbzS4moCHk9HNo6.jpg,2024-02-21,False,Constellation,6.977,372,2024
False,/kwronSXO1ogMqHHFvY2eBxfFLdn.jpg,"[9648, 10765, 10759]",114479,['US'],en,The Acolyte,"A hundred years before the rise of the Empire, the Jedi Order and the Galactic Republic have prospered for centuries without war. During this time, an investigation into a shocking crime spree pits a Jedi Master against a dangerous warrior from his past.",14.4247,/mztdt3y6GBsJR69zHtszFezTCLT.jpg,2024-06-04,False,The Acolyte,5.363,888,2024
False,/5PCKxpFcCTDFT3b1olJGPaAIM9e.jpg,"[10765, 18]",206586,['US'],en,The Walking Dead: The Ones Who Live,"Rick and Michonne are thrown into another world, built on a war against the dead... And ultimately, a war against the living. Can they find each other and who they were in a place and situation unlike any they've ever known before? Are they enemies? Lovers? Victims? Victors? Without each other, are they even alive – or will they find that they, too, are the Walking Dead?",13.2069,/19Ka35Vx1oKU4vbLjWEebOfUspB.jpg,2024-02-25,False,The Walking Dead: The Ones Who Live,7.989,707,2024
False,/st2VoiCq6RVKsHoLFAchB9cTmKO.jpg,"[10759, 10765, 18]",158141,['GB'],en,Supacell,"When five ordinary South Londoners discover they have extraordinary powers, it's down to just one man to bring them together to save the woman he loves.",12.5342,/vHtNgRLWdMk7wIV2WbqkOzU7HHI.jpg,2024-06-27,False,Supacell,7.383,260,2024
False,/vbkpl0ps4s5tMTUnC7SFXNzWmVr.jpg,"[18, 10765, 35, 9648]",230923,['KR'],ko,선재 업고 튀어,"Right after Ryu Sun-jae, a top star, ends his life, Im Sol, his top fan, somehow ends up at a time when they were in high school and tries to protect him. A fantasy romance unfolds where people who missed each other in time finally meet.",13.3984,/adcdNzLJ8LOjWJjNFrapXGzFco3.jpg,2024-04-08,False,Lovely Runner,8.578,289,2024
False,/qHCXeAM13OYvcmjXeOhtvXfc8uo.jpg,"[18, 10765, 35]",221851,['KR'],ko,내 남편과 결혼해줘,"Kang Ji-won, a terminally ill cancer patient, is killed by her husband and best friend after she witnesses them having an affair. She wakes up 10 years before the incident and decides to seek revenge with the help of Yu Ji-hyuk, a director at the company where she works. Now, she must reclaim her fate and eliminate the trash from her life.",12.2787,/899KcBqooj8nEyPcAEU3h7AdfUo.jpg,2024-01-01,False,Marry My Husband,8.5,693,2024
False,/fciU7RVyfcdsTeksTnBXGPmkKg2.jpg,"[10759, 10765, 10751]",202879,['US'],en,Star Wars: Skeleton Crew,Four ordinary kids search for their home planet after getting lost in the Star Wars galaxy.,11.5682,/srQbJhLRKoAwRrNN5ga7webPHbC.jpg,2024-12-02,False,Star Wars: Skeleton Crew,6.814,463,2024
False,/dNwVnRWE4LRLJ9f3WIWOnIURPwn.jpg,"[18, 10765, 80, 9648]",235577,['KR'],ko,지옥에서 온 판사,"A cruel and vicious judge, who wields power only for herself, meets a warm and cheerful detective who puts the victims first.",10.9755,/9vhLHbUiiP9HiXfJw5OUC7KoaJG.jpg,2024-09-21,False,The Judge from Hell,8.585,182,2024
False,/A51uUl3APMGOiB2FkzQvs49HOdd.jpg,"[10765, 10759, 35]",114924,"['NZ', 'GB', 'US']",en,Time Bandits,Eleven-year-old Kevin's passion for history is put to the test when he joins a ragtag group of time-traveling thieves on a high-stakes and hilarious adventure.,11.2576,/ahnTuygdAbjXvLKzLQlK2txosMX.jpg,2024-07-23,False,Time Bandits,6.186,140,2024
False,/8pWGfg6siFjgWJahhkrzGDz1UDs.jpg,"[18, 10759, 10765]",131835,['GB'],en,Nautilus,"The origin story of the iconic Captain Nemo: an Indian Prince robbed of his birthright and family, a prisoner of the East India Mercantile Company and a man bent on revenge against the forces that have taken everything from him.",8.5464,/eBHzItKQNfPdt2GL4LcHJy8P1sH.jpg,2024-10-25,False,Nautilus,6.794,102,2024
False,/oyKYPA1UXwwgrjmnM30sh33IRG5.jpg,"[35, 10765, 18]",102621,['GB'],en,KAOS,"As discord reigns on Mount Olympus and almighty Zeus spirals into paranoia, three mortals are destined to reshape the future of humankind.",8.7835,/dDBTUSl3tRsOeKC1jZugBSFHy9I.jpg,2024-08-29,False,KAOS,7.288,385,2024
False,/p4rJTY1rvQrffoh2P09sty5cz8B.jpg,"[10765, 10759, 18]",208825,['KR'],ko,기생수: 더 그레이,"When unidentified parasites violently take over human hosts and gain power, humanity must rise to combat the growing threat.",7.4217,/9UPneQ4NF7g6WDNSFE5qyt88wJn.jpg,2024-04-05,False,Parasyte: The Grey,7.417,333,2024
False,/ySQuGiSNMC3dbL1rdiVivrwsD5C.jpg,"[18, 9648, 10765]",132750,['US'],en,Dead Boy Detectives,Two teen ghosts work alongside a clairvoyant to solve mysteries for their supernatural clientele — until a powerful witch complicates their plans.,7.4389,/qGEjCjfBSUzaYNzOqUTx3XRniHH.jpg,2024-04-25,False,Dead Boy Detectives,7.6,318,2024
False,/2dxya9ESscup1pj0QpNi1gPI8Hp.jpg,"[10759, 10765]",157569,['GB'],en,Renegade Nell,"England, 1705: Framed for murder and on the run with her sisters, Nell Jackson turns her hand to highway robbery to survive. Aided by her superpowered sidekick, a plucky little sprite called Billy Blind, Nell realizes that fate has put her on the wrong side of the law for a reason. A reason much bigger than she could have ever imagined: to defeat a magical plot against the Queen of England.",7.2707,/7hCiCJiG3uBqZhn2PmxLW2N3QUC.jpg,2024-03-29,False,Renegade Nell,7.286,110,2024
False,/d5XO4xMMYukfDgcuAe4IBQ7MBmY.jpg,"[10765, 18]",224030,['KR'],ko,조폭인 내가 고등학생이 되었습니다,"A spirit of a middle school dropout gangster who accidentally possesses an 18-year-old boy’s body who killed himself, goes back to high school to take a revenge against the bullies with his gangster skills and encounters unexpected relationship.",7.0718,/bK5kGsWq9vGALbDgPmNiLFNFVI1.jpg,2024-05-29,False,High School Return of a Gangster,8.434,106,2024
False,/3zo3YWYb78twGI3bC7kNrnV3GRJ.jpg,"[10765, 9648, 18]",247721,['US'],en,Teacup,"A mysterious event traps people on a rural Georgia farm, forcing them to unite against an unknown, deadly force. A young boy named Arlo becomes central to uncovering the truth.",6.5313,/cP5zuQvWAFrgWptS0iXvDI3iND.jpg,2024-10-10,False,Teacup,7.004,225,2024
False,/tKoO0zhN4ukIdCTWY1QNmYNsIHN.jpg,"[99, 18, 10765]",247441,['US'],en,Testament: The Story of Moses,"This illuminating docudrama series chronicles Moses' remarkable life as a prince, prophet and more with insights from theologians and historians.",6.865,/rRMIvf9OismdaKSuyUoo3mQa3iD.jpg,2024-03-27,False,Testament: The Story of Moses,7.3,65,2024
False,/r2yUQj5vGHLyo7KCjCJLG78CExc.jpg,"[10765, 35, 9648]",231749,['KR'],ko,낮과 밤이 다른 그녀,"A bittersweet romantic comedy about a job seeker who suddenly gets stuck in time as an old-ager one day, and an extraordinary internship with a prosecutor who is caught up in her all day and night.",6.6801,/yfE5kgRsgZD9lXtCS0dnfOz7Kk5.jpg,2024-06-15,False,Miss Night and Day,8.539,152,2024
False,/oRxMRPh7MEV7blqBDq07sQWG0bY.jpg,"[18, 35, 10765]",203413,['US'],en,My Lady Jane,"Gird your loins for the tragic tale of Lady Jane Grey, the young Tudor noblewoman who was Queen of England for nine days and then beheaded, back in good ol’ 1553. Actually... f*ck that. We’re retelling history the way it should have happened: the damsel in distress saves herself. This is an epic tale of true love and high adventure set in an alt-universe of action, history, fantasy, comedy, romance, and rompy-pompy. Buckle up.",7.0041,/qX68uGVJwxQ0B0sPZBEGikWRmA6.jpg,2024-06-27,False,My Lady Jane,7.5,193,2024
False,/47fLewzHRpL4vbcaHqQUZhOVF5C.jpg,"[10759, 18, 10765]",246748,['KR'],ko,폭군,"A secret project in Korea is exposed to the US so the project gets scrapped and the sample is to be handed over when a delivery accident occurs. Director Choe tries to hide the sample as Paul searches, but they end up at the same place as Jagyeong and Lim Sang. Who will seize the sample in the end?",6.1976,/xgAZRY9swQYRkj3waCZeBDBCkuj.jpg,2024-08-14,False,The Tyrant,7.206,63,2024
False,/hbksC9zJiV1na8rW6BMJ7ywycVX.jpg,"[18, 10765]",232616,['KR'],ko,히어로는 아닙니다만,"Once blessed with unique superpowers, a family loses their abilities due to modern day problems — until a mysterious woman changes everything.",6.7114,/AnoQxxH3RoMRrUj5fm9SFRYlfxP.jpg,2024-05-04,False,The Atypical Family,8.2,117,2024
False,/c89Kd2hX20GFcAtovRvZnxjvRW3.jpg,"[10765, 18, 9648]",228958,['ID'],id,Joko Anwar's Nightmares and Daydreams,"Tales of supernatural sci-fi phenomena unfold in this collection of seven mind-bending, interconnected stories imagined by writer-director Joko Anwar.",6.1899,/kb9cpXUwts8FipiLol8ZwF7b3zS.jpg,2024-06-14,False,Joko Anwar's Nightmares and Daydreams,6.548,52,2024
False,/hhLOAhHCneP6nyDKelySKLsBlqW.jpg,"[35, 18, 10765]",273307,['KR'],ko,사장님의 식단표,"The R-rated web novel author, Nam Ja-yeon finds herself magically swapped with the female protagonist of her own novel! An unpredictable romance fantasy unfolds between the forever-alone author and the male lead of her romance novel, Kang Ha-jun.",5.8249,/c8l3HvnkmpLnFrhvyHOgyacvHSn.jpg,2024-10-03,False,Spice Up Our Love,7.0,50,2024
False,/c1zX0L9X2UXeOemCg8FSDReMO6G.jpg,"[10759, 18, 10765]",154084,['US'],en,Citadel Honey Bunny,"When stuntman Bunny recruits struggling actress Honey for a side gig, they are hurled into a high-stakes world of action, espionage and betrayal. Years later, as their dangerous past catches up, the estranged Honey and Bunny must reunite and fight to protect their young daughter Nadia.",5.1948,/lzZ9J2FOsaq1DCuD7k2f4ogbXdD.jpg,2024-11-06,False,Citadel Honey Bunny,6.7,84,2024
False,/9jt0k9x8vHfMI49G3mmYP9eYn0h.jpg,"[10765, 18, 9648]",241473,['DE'],de,Das Signal,"A missing astronaut sets her family on a frantic hunt for answers. But the more they uncover, the greater the threat becomes to them — and the world.",4.8056,/AoDYkBwRtOZPwLPaqPxXTQx0WZk.jpg,2024-03-07,False,The Signal,6.369,180,2024
False,/i92vV0MMeXZKs9zsYFOpjYYt2s2.jpg,"[9648, 18, 10765]",273081,['TH'],th,อย่ากลับบ้าน,A mother and her young daughter flee to their family's abandoned mansion but soon find themselves haunted by paranormal incidents that lead to the little girl's mysterious disappearance.,4.205,/mtIm0qbFnQ3oqqDrVpPTJDS6EZK.jpg,2024-10-31,False,Don't Come Home,7.909,99,2024
False,/rTpw6JjsS4WIRSQ7xJoaqjIxS4b.jpg,"[18, 10765, 10759]",253296,['TH'],th,ปาฏิหาริย์รักร้อยปี,"To reunite with his long-dead love, a man uses a mystical secret to lengthen his life until her rebirth — only to learn her reincarnation is a young man.",3.6548,/5JAJR9J0b4Br4rql4XHgq7qt7SC.jpg,2024-07-10,False,Century of Love,9.236,55,2024
False,/bIhmqQNXcyWRzH153d3jaCbLTy3.jpg,"[10759, 10765, 18, 10751, 10766, 35]",244643,['MX'],es,El amor no tiene receta,"Paz Roble, a kind, hard-working and honest woman from whom her husband, Fermín, takes her newborn daughter. Fermín has a large debt with some lenders and to pay it he decides to sell his daughter to Mauro Nicoliti. This plagiarism is orchestrated by Geneva, Mauro's adoptive sister. She lost her first-born daughter in childbirth and does everything to replace her dead daughter and keep her husband's fortune. On the other hand, Esteban Villa de Cortés loses his wife and becomes a widower with his three children. Elvira Moncada, Esteban's mother-in-law, holds him responsible for the death of her daughter. After a series of unexpected events, Esteban and Paz meet in the neighborhood where she lives with her family. The chemistry and great understanding that exists between them makes it inevitable that they will fall in love.",3.8539,/fSx7Pzf2Dpfn2vn2uHhO6WA0SqI.jpg,2024-02-19,False,El amor no tiene receta,7.6,81,2024
False,/fjhEPdZ8aE8ywKxOPhtPSmF8KO6.jpg,"[9648, 10765, 18]",221585,['US'],en,The Edge of Sleep,"When a night watchman finishes his shift at work, he is terrified to discover that everyone in the world who went to sleep the previous night has died. Now he and a band of survivors must stay awake and uncover the secret of this global epidemic, before they fall asleep.",3.6167,/haqI8mBNJSWXsLfGMheK7WQm7x0.jpg,2024-10-15,False,The Edge of Sleep,6.894,52,2024
False,/ulm1ex4JFYJByyaPyqTr47MFyEQ.jpg,"[18, 10765]",225171,['US'],en,Pluribus,The most miserable person on Earth must save the world from happiness.,40.6915,/z7Nga7Q9IGFWs5OEduY2gGFxnX3.jpg,2025-11-06,False,Pluribus,7.937,1017,2025
False,/sVxit4vKQZnrHejeQupBYadP22g.jpg,"[10765, 18]",157239,['US'],en,Alien: Earth,"When the mysterious deep space research vessel USCSS Maginot crash-lands on Earth, Wendy and a ragtag group of tactical soldiers make a fateful discovery that puts them face-to-face with the planet's greatest threat.",27.9174,/yueXS3q8BtoWekcHOATFHicLl3e.jpg,2025-08-12,False,Alien: Earth,7.323,1099,2025
False,/9LALiE3I9dInFmMlI1BvzlhFMmP.jpg,"[9648, 10765]",253372,['US'],en,The Institute,"When 14 year old genius Luke Ellis is kidnapped, he awakens at The Institute, a facility full of children who all got there the same way he did, and who are all possessed of unusual abilities. In a nearby town, haunted former police officer Tim Jamieson has come looking to start a new life, but the peace and quiet won’t last, as his story and Luke’s are destined to collide.",20.729,/7JXZdWifaa6wL0XLRi0GJOlOA8y.jpg,2025-07-13,False,The Institute,7.619,172,2025
False,/7vonjNjQ272lz0rJYM31K8V7b2m.jpg,"[10759, 10765]",226749,['US'],en,The Librarians: The Next Chapter,"A Librarian from the past time travels to the present and finds himself stuck here. When he returns to his castle, which is now a museum, he inadvertently releases magic across the continent. He is given a new team to help him clean up the mess he made, forming a new team of Librarians.",20.3276,/gYz2wfhwX8gmpX3T7Jg8WB7v4gr.jpg,2025-05-25,False,The Librarians: The Next Chapter,6.5,53,2025
False,/kiOEVg5BkzLE0pWoPKecXd7wZ2Q.jpg,"[10765, 80, 10759]",114471,['US'],en,Ironheart,"After the events of Black Panther: Wakanda Forever, technology is pitted against magic when Riri Williams, a young, genius inventor determined to make her mark on the world, returns to her hometown of Chicago. Her unique take on building iron suits is brilliant, but in pursuit of her ambitions, she finds herself wrapped up with the mysterious yet charming Parker Robbins aka ""The Hood.""",16.375,/dOh6MJpdlQhYpLBhzhNQeYGKTZ5.jpg,2025-06-24,False,Ironheart,5.3,480,2025
False,/mRVPTh5JpzvXNtgNXppKROOdrzd.jpg,"[10759, 9648, 10765]",246412,['US'],en,The Copenhagen Test,"When an analyst discovers his eyes and ears have been hacked, he's drawn into a controlled world designed by his agency to draw out their enemies.",13.7266,/iAjcpCceLixP5k9lRw1y4fhsLwV.jpg,2025-12-27,False,The Copenhagen Test,6.495,99,2025
False,/yMjGzK7L4gwzpQNNtFKDeG79upo.jpg,"[18, 10759, 10765]",226362,['AR'],es,El Eternauta,"After a devastating toxic snowfall kills millions, Juan Salvo and a group of survivors in Buenos Aires must resist an invisible threat from another world.",14.4877,/ucI5KroZLP0KyJqQnAdOpzhVvBs.jpg,2025-04-30,False,The Eternaut,7.452,538,2025
False,/if4r7bXrDH50GhNwCo3Bz8F2LOg.jpg,"[35, 18, 10765]",241554,['US'],en,Murderbot,"In a high-tech future, a rogue security robot secretly gains free will. To stay hidden, it reluctantly joins a new mission protecting scientists on a dangerous planet... even though it just wants to binge soap operas.",15.1237,/mIKfKo2uDk3itzAPYIcSeYr4KtF.jpg,2025-05-15,False,Murderbot,7.32,495,2025
False,/9OUDNZjZOgJiFTjXfOtUBy90FUH.jpg,"[10765, 18]",259886,['GB'],en,The War Between the Land and the Sea,"When a fearsome and ancient species emerges from the ocean, dramatically revealing themselves to humanity, an international crisis is triggered. With the entire population at risk, UNIT step into action as the land and sea wage war.",12.9264,/4wDU61HtpXbcwpgCy1xnodxKRYN.jpg,2025-12-07,False,The War Between the Land and the Sea,7.605,185,2025
False,/ttbmzTZHTzqDK4JniKonMrsQath.jpg,"[18, 10765]",280945,['KR'],ko,폭군의 셰프,"After time traveling to the Joseon era, a talented chef meets a tyrant king. Her modern dishes captivate his palate, but royal challenges await her.",11.4853,/exUXEOierAwZ597010TLQka9TFy.jpg,2025-08-23,False,"Bon Appétit, Your Majesty",8.624,251,2025
False,/2ds9EWX7cwGfZiRjYqhyw7SbzsW.jpg,"[10765, 35, 18]",228689,['KR'],ko,다 이루어질지니,"After a thousand years, a quirky genie returns to grant wishes to a woman born without feelings. Can his magic bring love and wonder to her world?",12.7748,/opop2u7Jav6lMNL8fSBTzOeFBDz.jpg,2025-10-03,False,"Genie, Make a Wish",7.9,131,2025
False,/cyqKNRLFKCN9Y28ln38hLMESGEj.jpg,"[10765, 18, 9648]",245648,['ES'],es,El refugio atómico,"When a group of billionaires takes shelter in a luxury bunker, an old feud between two families resurfaces amid an unprecedented global conflict.",11.5266,/hNVb60dPG34wYjazGgFolJhqfxp.jpg,2025-09-19,False,Billionaires' Bunker,6.3,154,2025
False,/8M0rS9KsWACnua82zmlVOjUGKXD.jpg,[10765],256624,['US'],en,Talamasca: The Secret Order,"Guy Anatole joins the clandestine world of the Talamasca, an international spy agency for the immortal universe, as he searches for answers to his family's own part in the supernatural world.",9.4612,/qmmHl3EiFKuDLTVYHGwlV9UhtNw.jpg,2025-10-19,False,Talamasca: The Secret Order,6.778,99,2025
False,/olRPEYjyjzoMAODjOMjF2K1VlzO.jpg,"[10765, 10759, 35, 18]",233742,['KR'],ko,뉴토피아,"Jae-yoon, a late military enlistee, and his girlfriend, Young-joo, break up over the phone over growing misunderstandings. But a zombie outbreak rocks the world. A national emergency is declared, a plane crashes in the city center, and Jae-yoon and his unit get trapped on top of a Seoul skyscraper. Young-joo risks the zombie-filled streets to find him. Can their love survive the apocalypse?",10.3877,/cIC36RA59lg9ruYtPc7UA3f72yy.jpg,2025-02-07,False,Newtopia,7.953,212,2025
False,/vfEtEzBIn0wwWM7ppzJCGEZUSu2.jpg,"[10759, 10765, 35]",229711,['US'],en,The Bondsman,"Backwoods bounty hunter Hub Halloran comes back from the dead with an unexpected second chance at life, love, and a nearly-forgotten musical career — only to find that his old job now has a demonic new twist.",10.4854,/gwd2HpY2ymvmASUP3zMYF59IIr7.jpg,2025-04-03,False,The Bondsman,7.299,296,2025
False,/jpxN1QHRSG660Ql62EHZvZzeaCA.jpg,"[10765, 18, 35]",258025,['KR'],ko,견우와 선녀,"A teenage shaman determined to change fate sets out to save a mysterious boy destined to die. As danger looms, their fated encounter sparks a powerful first love that defies darkness and reclaims hope.",9.2529,/kL42DhVhqjO3NxlB0oNg2Z4TAWP.jpg,2025-06-23,False,Head Over Heels,8.649,114,2025
False,/buA9gM0cEcBmIcQX79o6QpTYUPT.jpg,"[10765, 18, 9648]",232402,['KR'],ko,S라인,A young woman with the ability to see mysterious red connections between lovers discovers her secret gift is no longer unique when special glasses granting similar powers appear on the black market.,8.0107,/7TGolwcia6AI6uvInBOoedAi9Il.jpg,2025-07-11,False,S Line,7.518,166,2025
False,/wJoMRuK93XCSBk0RnzOiL17NUTL.jpg,"[10759, 10765, 9648]",281666,['US'],en,Goosebumps: The Vanishing,"When twins Devin and Cece are sent to spend a summer in Gravesend, Brooklyn with their divorced dad, scientist Anthony Brewer, they must band together with new friends to save the neighborhood from a long-dormant threat.",8.1053,/ajghauMTZ4RKVeISDUzxcMWjXnI.jpg,2025-01-10,False,Goosebumps: The Vanishing,6.903,62,2025
False,/8sr3u0ozv4X5eQ5frMG6Y8g5gRJ.jpg,"[10765, 80, 9648]",254013,"['CA', 'US']",en,Revival,"On one miraculous day in rural Wisconsin, the recently deceased suddenly rise from their graves. But this is no zombie story, as the 'revived' appear and act just like they once were. When local officer and single mother Dana Cypress is unexpectedly thrown into the center of a brutal murder mystery of her own, she's left to make sense of the chaos amidst a town gripped by fear and confusion where everyone, alive or undead, is a suspect.",6.7373,/xf2u02mLodDN2ujMSfLFDkPVFac.jpg,2025-06-12,False,Revival,6.692,65,2025
False,/sP0R5F8fkVM0eHcRFXr012rzNAM.jpg,"[35, 10765, 18]",154822,['KR'],ko,별들에게 물어봐,"From two different worlds and with separate missions, an astronaut and a space tourist entangle in space — only to start falling for each other.",4.9772,/pdOiUbJ0vEJfh5OGFG8y1e4InQ7.jpg,2025-01-04,False,When the Stars Gossip,7.491,53,2025
False,/4GAmr9BWRfVjZ3GAntm7yjVf82i.jpg,[10765],248982,['DE'],de,Cassandra,A family moves into a vintage smart home and discovers that it's under the control of a virtual assistant — who will stop at nothing to keep them there.,4.54,/62TJdt6GlzdRbyWY9RYWjljgg3b.jpg,2025-02-06,False,Cassandra,7.109,276,2025
False,/1SC2gbJA5zZ2x3YGMtlqbr3bIzk.jpg,"[10765, 18]",254389,['KR'],ko,천국보다 아름다운,"After life's ups and downs, a loving couple separated by death reunites in heaven — only to discover he's in his thirties while she's in her eighties.",5.1782,/pQ3fDmgQ9GbmntzPY6vOOttSi6J.jpg,2025-04-19,False,Heavenly Ever After,8.448,87,2025
False,/37uTdjd7s4FA8uQsN5LqwXr3MRF.jpg,"[10759, 10765, 18]",280043,['MX'],es,"Cóyotl, héroe y bestia","In a small town in northern Mexico, where two drug cartels rule, the young man Lupe embraces his dangerous fate. He transforms into Coyotl, a mythical creature that is half man and half beast. With this transformation, Lupe wants to become the protector his people so desperately need.",4.6531,/5td7p5eV8JqrvaE62XUtAmu2tU8.jpg,2025-02-27,False,"Cóyotl, Hero and Beast",7.6,70,2025
